Customer ID,Age,Gender,Location,Product Category,Purchase Amount ($),Time Spent on Website (min),Device Type,Payment Method,Discount Availed,Number of Items Purchased,Return Customer,Review Score (1-5),Delivery Time (days),Subscription Status,Customer Satisfaction,Customer Satisfaction Numerical
1,20,Other,Dhaka,Toys,202.54,44,Mobile,Cash on Delivery,TRUE,4,TRUE,5,4,Free,Low,0
2,39,Male,Rangpur,Sports,655.94,27,Desktop,Bank Transfer,TRUE,1,FALSE,1,7,Free,Medium,1
3,64,Male,Khulna,Home,963.65,9,Tablet,Bank Transfer,FALSE,8,TRUE,4,9,Premium,Medium,1
4,65,Other,Rajshahi,Beauty,485.59,39,Desktop,Bank Transfer,TRUE,1,TRUE,5,10,Trial,Medium,1
5,67,Male,Rangpur,Home,143.27,17,Tablet,Debit Card,FALSE,8,TRUE,4,1,Premium,High,2
6,63,Female,Rajshahi,Books,755.39,54,Tablet,Cash on Delivery,FALSE,6,TRUE,3,4,Trial,High,2
7,28,Female,Khulna,Groceries,866.41,41,Desktop,Debit Card,TRUE,3,TRUE,2,2,Free,High,2
8,38,Male,Dhaka,Electronics,103.12,46,Desktop,Debit Card,FALSE,1,FALSE,3,13,Premium,Low,0
9,54,Other,Sylhet,Books,924.58,47,Mobile,PayPal,FALSE,9,TRUE,2,11,Trial,Medium,1
10,33,Male,Khulna,Groceries,184.64,18,Mobile,Debit Card,TRUE,9,FALSE,4,1,Trial,Low,0
11,22,Other,Mymensingh,Books,857.99,53,Tablet,Credit Card,FALSE,1,TRUE,3,11,Premium,High,2
12,63,Male,Barisal,Sports,303.27,12,Tablet,Credit Card,FALSE,1,FALSE,5,2,Premium,Medium,1
13,64,Male,Barisal,Sports,119.04,29,Mobile,PayPal,FALSE,2,FALSE,4,5,Trial,Low,0
14,65,Female,Barisal,Beauty,176.72,30,Desktop,PayPal,TRUE,1,TRUE,4,11,Premium,High,2
15,23,Other,Chittagong,Groceries,703.85,53,Desktop,Credit Card,FALSE,6,TRUE,5,1,Free,Medium,1
16,64,Female,Mymensingh,Groceries,595.08,23,Tablet,PayPal,FALSE,3,FALSE,4,13,Trial,High,2
17,39,Male,Chittagong,Clothing,920.47,19,Desktop,Bank Transfer,TRUE,6,TRUE,4,13,Trial,High,2
18,21,Female,Mymensingh,Electronics,375.84,50,Tablet,Bank Transfer,FALSE,4,FALSE,5,8,Premium,Medium,1
19,34,Female,Dhaka,Electronics,142.97,33,Tablet,PayPal,TRUE,4,FALSE,1,5,Trial,Medium,1
20,38,Other,Khulna,Groceries,68.13,39,Desktop,Cash on Delivery,TRUE,4,TRUE,5,12,Trial,Medium,1
21,61,Male,Rangpur,Toys,195.74,17,Mobile,Bank Transfer,TRUE,2,FALSE,2,13,Premium,Medium,1
22,39,Other,Sylhet,Home,252.68,55,Desktop,Debit Card,FALSE,8,FALSE,3,12,Premium,High,2
23,67,Male,Rangpur,Home,847.11,50,Desktop,Cash on Delivery,TRUE,7,FALSE,3,7,Free,Low,0
24,54,Other,Mymensingh,Home,39.89,38,Tablet,Credit Card,TRUE,7,TRUE,5,3,Trial,High,2
25,30,Male,Khulna,Sports,143.18,8,Tablet,Credit Card,FALSE,2,TRUE,1,6,Free,High,2
26,37,Other,Mymensingh,Sports,597.65,12,Tablet,Bank Transfer,FALSE,8,FALSE,3,7,Trial,High,2
27,32,Male,Mymensingh,Home,997.24,17,Desktop,Bank Transfer,FALSE,2,TRUE,3,6,Free,High,2
28,35,Female,Sylhet,Electronics,641.47,34,Desktop,Bank Transfer,FALSE,4,TRUE,1,11,Trial,Low,0
29,20,Female,Rajshahi,Sports,593.02,17,Mobile,Credit Card,FALSE,5,TRUE,3,1,Premium,Low,0
30,62,Female,Barisal,Home,141.8,11,Mobile,Cash on Delivery,TRUE,7,TRUE,5,6,Premium,High,2
31,49,Female,Dhaka,Clothing,678.83,58,Desktop,Bank Transfer,FALSE,8,TRUE,3,6,Free,Low,0
32,54,Male,Mymensingh,Toys,790.16,50,Desktop,Cash on Delivery,TRUE,6,FALSE,1,12,Premium,Medium,1
33,61,Other,Mymensingh,Home,583.35,55,Mobile,Debit Card,TRUE,2,FALSE,5,11,Free,Low,0
34,66,Female,Rajshahi,Toys,657.74,44,Mobile,Bank Transfer,TRUE,9,TRUE,3,9,Premium,High,2
35,25,Other,Barisal,Clothing,614.48,33,Mobile,Cash on Delivery,TRUE,5,FALSE,1,9,Premium,Medium,1
36,32,Female,Mymensingh,Groceries,438.99,18,Desktop,Cash on Delivery,FALSE,3,TRUE,5,2,Trial,Low,0
37,47,Other,Sylhet,Clothing,91.03,24,Tablet,Bank Transfer,TRUE,7,FALSE,5,11,Free,Medium,1
38,50,Female,Rajshahi,Groceries,230.91,31,Desktop,Cash on Delivery,TRUE,9,TRUE,4,1,Premium,Medium,1
39,53,Other,Rajshahi,Clothing,606.23,8,Tablet,Cash on Delivery,FALSE,6,FALSE,3,3,Premium,High,2
40,65,Male,Mymensingh,Beauty,923.75,20,Desktop,Debit Card,TRUE,1,TRUE,3,2,Premium,Low,0
41,33,Female,Barisal,Clothing,203.53,48,Mobile,PayPal,FALSE,3,FALSE,1,12,Free,Medium,1
42,19,Other,Chittagong,Groceries,376.96,13,Tablet,Debit Card,FALSE,8,FALSE,3,4,Trial,Medium,1
43,45,Other,Khulna,Home,430.88,45,Desktop,Cash on Delivery,TRUE,4,TRUE,2,9,Free,High,2
44,58,Female,Khulna,Home,200.68,44,Mobile,PayPal,FALSE,6,FALSE,5,11,Free,High,2
45,60,Male,Chittagong,Sports,991.82,26,Desktop,Debit Card,FALSE,7,TRUE,3,6,Free,Low,0
46,49,Other,Mymensingh,Sports,111.43,8,Tablet,Cash on Delivery,TRUE,3,FALSE,5,12,Trial,Medium,1
47,44,Other,Khulna,Books,107.93,57,Desktop,Credit Card,FALSE,4,FALSE,5,4,Premium,High,2
48,54,Other,Mymensingh,Clothing,12.17,51,Tablet,Debit Card,TRUE,6,TRUE,4,3,Free,Medium,1
49,22,Other,Rajshahi,Clothing,298.73,19,Mobile,Credit Card,TRUE,6,TRUE,1,11,Trial,Low,0
50,32,Other,Rangpur,Beauty,142.52,49,Tablet,Bank Transfer,TRUE,2,TRUE,4,10,Free,Medium,1
51,31,Male,Mymensingh,Clothing,575.73,12,Tablet,Bank Transfer,TRUE,4,TRUE,4,4,Free,Medium,1
52,49,Female,Rajshahi,Clothing,766.78,49,Tablet,Credit Card,TRUE,6,FALSE,4,8,Trial,Medium,1
53,37,Other,Rangpur,Beauty,397.68,30,Desktop,Debit Card,TRUE,2,FALSE,4,2,Premium,Medium,1
54,31,Female,Sylhet,Toys,735.56,22,Tablet,Debit Card,TRUE,2,TRUE,4,10,Premium,High,2
55,28,Other,Dhaka,Groceries,244.47,13,Tablet,Credit Card,TRUE,5,FALSE,3,6,Trial,Medium,1
56,51,Male,Barisal,Clothing,118.39,25,Mobile,Debit Card,TRUE,4,FALSE,3,1,Trial,Medium,1
57,25,Other,Barisal,Home,821.27,41,Mobile,Debit Card,TRUE,2,FALSE,5,9,Trial,High,2
58,31,Other,Sylhet,Home,107.56,6,Tablet,Credit Card,TRUE,6,TRUE,4,5,Trial,Low,0
59,54,Male,Khulna,Beauty,660.91,12,Mobile,Debit Card,TRUE,7,TRUE,2,8,Premium,High,2
60,26,Female,Dhaka,Books,506.91,1,Desktop,Cash on Delivery,FALSE,6,TRUE,1,6,Premium,Low,0
61,46,Female,Dhaka,Electronics,272.54,43,Desktop,Cash on Delivery,FALSE,5,FALSE,3,7,Trial,High,2
62,54,Other,Sylhet,Toys,311.86,10,Mobile,Debit Card,FALSE,5,FALSE,4,9,Free,Medium,1
63,37,Male,Dhaka,Books,813.59,21,Mobile,Cash on Delivery,FALSE,8,TRUE,2,10,Free,Low,0
64,58,Male,Mymensingh,Toys,115.41,42,Desktop,Bank Transfer,FALSE,9,TRUE,3,8,Premium,Medium,1
65,22,Female,Barisal,Toys,746.16,44,Tablet,Debit Card,TRUE,2,TRUE,3,2,Trial,Medium,1
66,27,Other,Mymensingh,Home,916.76,30,Desktop,Credit Card,FALSE,7,FALSE,2,8,Trial,Medium,1
67,37,Female,Barisal,Electronics,338.05,51,Tablet,Bank Transfer,TRUE,9,FALSE,4,12,Free,High,2
68,53,Other,Rangpur,Toys,315.82,30,Desktop,Bank Transfer,FALSE,1,TRUE,2,7,Free,Medium,1
69,51,Other,Barisal,Sports,877.38,55,Mobile,Credit Card,FALSE,3,TRUE,2,12,Free,Medium,1
70,22,Male,Khulna,Electronics,812.89,3,Mobile,PayPal,FALSE,9,TRUE,5,5,Premium,Medium,1
71,31,Female,Barisal,Sports,930.49,21,Desktop,Debit Card,TRUE,6,TRUE,2,12,Trial,High,2
72,60,Female,Mymensingh,Books,840.57,22,Desktop,Cash on Delivery,TRUE,8,FALSE,1,1,Free,Low,0
73,41,Other,Rajshahi,Electronics,624.76,32,Tablet,Bank Transfer,FALSE,1,TRUE,3,12,Free,High,2
74,52,Male,Barisal,Toys,552.49,2,Mobile,Debit Card,FALSE,8,TRUE,4,11,Trial,High,2
75,63,Male,Khulna,Home,901.52,53,Desktop,Debit Card,TRUE,1,TRUE,3,5,Free,Low,0
76,49,Male,Chittagong,Home,476.66,53,Mobile,Cash on Delivery,TRUE,8,TRUE,1,9,Free,Medium,1
77,34,Male,Rajshahi,Sports,556.03,18,Mobile,Debit Card,FALSE,5,FALSE,4,3,Premium,Low,0
78,53,Other,Rajshahi,Groceries,239.89,2,Mobile,Bank Transfer,TRUE,8,TRUE,4,13,Free,Medium,1
79,55,Female,Barisal,Groceries,970.11,55,Desktop,PayPal,TRUE,7,TRUE,1,3,Trial,High,2
80,19,Other,Khulna,Clothing,886.57,46,Mobile,PayPal,TRUE,2,TRUE,4,8,Free,High,2
81,28,Female,Mymensingh,Beauty,853.6,40,Desktop,Cash on Delivery,FALSE,8,TRUE,2,9,Free,Medium,1
82,43,Other,Mymensingh,Home,965.35,6,Desktop,Bank Transfer,FALSE,8,TRUE,3,3,Trial,Medium,1
83,29,Other,Sylhet,Clothing,37.5,32,Mobile,PayPal,TRUE,7,TRUE,2,5,Premium,Medium,1
84,23,Other,Khulna,Electronics,595.98,5,Tablet,Debit Card,FALSE,3,FALSE,5,11,Trial,Low,0
85,55,Other,Barisal,Electronics,983.2,25,Desktop,PayPal,TRUE,9,TRUE,3,13,Trial,Medium,1
86,22,Male,Barisal,Sports,868.12,7,Desktop,Cash on Delivery,TRUE,1,FALSE,3,5,Premium,High,2
87,43,Male,Dhaka,Home,655.56,10,Desktop,Cash on Delivery,FALSE,2,TRUE,2,11,Trial,High,2
88,47,Female,Chittagong,Clothing,74.3,38,Mobile,Bank Transfer,TRUE,7,FALSE,3,11,Free,Low,0
89,46,Male,Sylhet,Toys,590.01,43,Desktop,Cash on Delivery,FALSE,1,TRUE,1,6,Free,Medium,1
90,48,Female,Khulna,Beauty,229.53,53,Mobile,Cash on Delivery,FALSE,6,FALSE,1,2,Premium,Low,0
91,39,Other,Sylhet,Home,645.49,2,Desktop,Credit Card,TRUE,8,TRUE,5,11,Premium,Low,0
92,43,Male,Rangpur,Home,240.91,55,Mobile,Credit Card,FALSE,9,FALSE,3,1,Trial,High,2
93,60,Male,Rangpur,Electronics,336.58,40,Desktop,Credit Card,TRUE,8,FALSE,4,3,Free,Low,0
94,41,Other,Sylhet,Beauty,401.81,11,Desktop,PayPal,TRUE,9,TRUE,5,8,Free,Medium,1
95,69,Male,Mymensingh,Clothing,999.71,38,Mobile,Credit Card,TRUE,4,FALSE,4,10,Free,Low,0
96,59,Other,Barisal,Sports,744.08,39,Mobile,PayPal,FALSE,4,TRUE,5,4,Free,Low,0
97,67,Female,Rajshahi,Books,766.59,44,Desktop,PayPal,TRUE,1,TRUE,2,6,Trial,Low,0
98,59,Female,Rajshahi,Beauty,810.84,3,Mobile,Credit Card,FALSE,8,FALSE,2,10,Free,Low,0
99,39,Male,Chittagong,Groceries,760.39,34,Desktop,Bank Transfer,FALSE,4,FALSE,5,3,Free,Low,0
100,53,Other,Barisal,Sports,567,11,Mobile,PayPal,TRUE,3,TRUE,5,9,Premium,Medium,1
101,39,Other,Dhaka,Electronics,416.95,3,Desktop,PayPal,FALSE,9,TRUE,5,10,Premium,Medium,1
102,65,Male,Chittagong,Beauty,191.22,11,Mobile,Debit Card,FALSE,3,FALSE,5,9,Premium,High,2
103,21,Male,Dhaka,Beauty,191.69,16,Desktop,Bank Transfer,FALSE,6,FALSE,5,13,Premium,Low,0
104,56,Female,Barisal,Sports,213.17,49,Desktop,Debit Card,FALSE,1,TRUE,5,13,Trial,Medium,1
105,42,Female,Mymensingh,Home,313.77,30,Mobile,PayPal,TRUE,7,FALSE,5,6,Free,High,2
106,67,Female,Rangpur,Books,87.86,50,Tablet,Cash on Delivery,TRUE,4,TRUE,5,10,Premium,Medium,1
107,59,Female,Barisal,Books,310.39,55,Mobile,Bank Transfer,FALSE,6,TRUE,1,5,Premium,Medium,1
108,18,Other,Mymensingh,Sports,39.53,9,Tablet,PayPal,FALSE,1,FALSE,3,13,Trial,Low,0
109,32,Female,Chittagong,Groceries,320.14,29,Mobile,Cash on Delivery,TRUE,9,FALSE,4,13,Free,Medium,1
110,53,Female,Rajshahi,Sports,352.42,19,Tablet,Bank Transfer,FALSE,3,TRUE,4,8,Trial,High,2
111,37,Female,Rangpur,Toys,465.44,21,Desktop,Debit Card,FALSE,9,FALSE,4,8,Trial,Low,0
112,48,Female,Khulna,Toys,305.17,6,Desktop,Debit Card,FALSE,6,FALSE,3,2,Premium,Low,0
113,24,Other,Rangpur,Sports,473.33,5,Mobile,Cash on Delivery,TRUE,8,TRUE,4,7,Free,High,2
114,31,Female,Chittagong,Sports,915.87,34,Mobile,Bank Transfer,FALSE,5,FALSE,1,10,Trial,Medium,1
115,18,Male,Barisal,Home,34.31,54,Desktop,Credit Card,FALSE,2,FALSE,4,13,Free,High,2
116,33,Other,Sylhet,Beauty,405.79,24,Desktop,Debit Card,TRUE,2,TRUE,3,8,Premium,Medium,1
117,27,Male,Dhaka,Books,537.15,27,Desktop,Debit Card,FALSE,1,FALSE,2,12,Trial,High,2
118,57,Other,Khulna,Sports,825.23,31,Desktop,PayPal,TRUE,8,FALSE,5,3,Trial,Medium,1
119,55,Female,Khulna,Beauty,254.59,11,Mobile,Debit Card,FALSE,5,TRUE,5,7,Premium,Medium,1
120,65,Male,Rangpur,Groceries,707.37,13,Desktop,Debit Card,TRUE,4,FALSE,5,9,Premium,High,2
121,51,Male,Sylhet,Home,859.08,7,Mobile,PayPal,FALSE,4,FALSE,4,5,Free,Medium,1
122,38,Female,Sylhet,Beauty,174.66,32,Desktop,PayPal,FALSE,7,TRUE,3,9,Free,Medium,1
123,65,Male,Sylhet,Electronics,765.5,52,Mobile,PayPal,FALSE,4,FALSE,3,12,Premium,Medium,1
124,38,Female,Sylhet,Toys,419.05,15,Mobile,PayPal,FALSE,8,TRUE,3,9,Free,High,2
125,54,Other,Rajshahi,Sports,844.87,34,Desktop,Bank Transfer,FALSE,6,TRUE,5,11,Trial,Medium,1
126,57,Male,Dhaka,Sports,955.03,3,Desktop,Cash on Delivery,TRUE,6,FALSE,2,3,Free,Medium,1
127,58,Male,Khulna,Electronics,55.08,12,Mobile,Credit Card,TRUE,5,TRUE,3,7,Premium,Medium,1
128,48,Male,Rajshahi,Toys,670.06,18,Mobile,Cash on Delivery,FALSE,7,FALSE,5,12,Premium,High,2
129,18,Female,Rajshahi,Sports,707.59,8,Desktop,Cash on Delivery,FALSE,4,TRUE,5,11,Premium,Medium,1
130,30,Male,Chittagong,Groceries,468.33,20,Desktop,Debit Card,TRUE,6,FALSE,4,7,Premium,High,2
131,33,Female,Rangpur,Groceries,215.73,42,Tablet,Bank Transfer,FALSE,5,FALSE,4,7,Free,High,2
132,31,Male,Mymensingh,Clothing,32.41,25,Mobile,PayPal,FALSE,7,TRUE,3,10,Trial,Medium,1
133,29,Other,Rangpur,Clothing,24.21,40,Desktop,Credit Card,TRUE,7,FALSE,1,7,Premium,High,2
134,49,Female,Barisal,Clothing,394.34,45,Desktop,PayPal,TRUE,7,TRUE,4,13,Trial,Low,0
135,58,Male,Chittagong,Toys,948.57,41,Tablet,Debit Card,FALSE,1,FALSE,1,2,Free,High,2
136,59,Female,Mymensingh,Clothing,666.97,29,Mobile,Credit Card,TRUE,5,FALSE,2,5,Trial,Medium,1
137,24,Other,Rangpur,Books,379.95,42,Mobile,Bank Transfer,FALSE,5,TRUE,5,9,Trial,High,2
138,42,Other,Dhaka,Clothing,167.13,10,Mobile,Bank Transfer,TRUE,4,TRUE,2,3,Premium,Medium,1
139,67,Female,Chittagong,Clothing,748.28,59,Mobile,Bank Transfer,TRUE,6,TRUE,3,8,Premium,High,2
140,29,Female,Rangpur,Home,23.67,52,Desktop,Credit Card,TRUE,2,FALSE,4,10,Free,Medium,1
141,45,Other,Mymensingh,Sports,507.4,7,Tablet,PayPal,TRUE,6,FALSE,1,8,Premium,Medium,1
142,28,Other,Barisal,Home,830.11,33,Mobile,Bank Transfer,TRUE,2,FALSE,1,5,Premium,Medium,1
143,68,Female,Sylhet,Sports,485.05,33,Desktop,PayPal,TRUE,4,FALSE,3,9,Free,Medium,1
144,25,Female,Rangpur,Electronics,889.88,28,Mobile,Credit Card,TRUE,5,TRUE,2,6,Premium,Medium,1
145,43,Other,Khulna,Books,638.22,44,Desktop,Cash on Delivery,TRUE,8,FALSE,2,5,Free,Low,0
146,39,Male,Sylhet,Books,397.22,41,Tablet,PayPal,TRUE,8,FALSE,2,2,Premium,High,2
147,28,Other,Rangpur,Electronics,639.46,20,Tablet,Credit Card,FALSE,8,TRUE,2,9,Trial,High,2
148,26,Male,Rangpur,Sports,555.14,5,Desktop,Credit Card,FALSE,3,FALSE,2,1,Premium,Medium,1
149,68,Female,Barisal,Groceries,632.51,46,Tablet,PayPal,TRUE,3,FALSE,5,7,Trial,Medium,1
150,38,Female,Barisal,Groceries,272.77,38,Tablet,Cash on Delivery,FALSE,8,TRUE,5,10,Premium,Medium,1
151,44,Female,Rangpur,Toys,471.8,36,Tablet,Cash on Delivery,TRUE,7,FALSE,1,6,Trial,Medium,1
152,33,Female,Barisal,Beauty,729.92,47,Desktop,PayPal,FALSE,3,FALSE,2,12,Free,High,2
153,24,Male,Sylhet,Home,223.57,59,Desktop,Debit Card,FALSE,1,TRUE,2,1,Trial,Medium,1
154,63,Male,Rajshahi,Beauty,115.74,52,Tablet,Credit Card,FALSE,6,TRUE,4,8,Trial,Low,0
155,51,Male,Mymensingh,Groceries,50.66,33,Desktop,PayPal,TRUE,8,TRUE,4,8,Premium,High,2
156,48,Female,Dhaka,Groceries,243.52,47,Tablet,Bank Transfer,TRUE,5,TRUE,4,10,Free,Low,0
157,39,Female,Dhaka,Electronics,721.66,55,Tablet,Cash on Delivery,TRUE,9,FALSE,1,8,Premium,High,2
158,28,Other,Rangpur,Sports,288.98,10,Desktop,PayPal,FALSE,3,FALSE,1,8,Premium,Low,0
159,19,Male,Dhaka,Sports,854.89,6,Tablet,Debit Card,FALSE,5,TRUE,5,4,Trial,High,2
160,26,Other,Mymensingh,Home,435.33,59,Desktop,Debit Card,TRUE,5,FALSE,2,12,Premium,Medium,1
161,45,Female,Rangpur,Beauty,551.63,56,Desktop,Cash on Delivery,TRUE,8,TRUE,3,6,Free,Medium,1
162,27,Male,Mymensingh,Groceries,778.81,15,Tablet,Cash on Delivery,FALSE,1,FALSE,5,9,Premium,Low,0
163,31,Other,Chittagong,Books,49.6,34,Mobile,Debit Card,FALSE,7,TRUE,3,8,Trial,Low,0
164,26,Male,Dhaka,Clothing,777.72,6,Tablet,Debit Card,FALSE,5,FALSE,5,13,Premium,High,2
165,46,Female,Chittagong,Beauty,446.88,2,Desktop,Credit Card,TRUE,7,FALSE,1,3,Free,Medium,1
166,21,Other,Chittagong,Sports,37.2,42,Mobile,Cash on Delivery,TRUE,4,TRUE,1,5,Premium,High,2
167,54,Other,Khulna,Beauty,596.38,16,Desktop,Cash on Delivery,TRUE,8,FALSE,2,3,Trial,Medium,1
168,45,Other,Barisal,Beauty,88.97,56,Tablet,Cash on Delivery,TRUE,2,FALSE,5,13,Trial,Medium,1
169,23,Other,Rangpur,Clothing,682.19,53,Mobile,Bank Transfer,FALSE,2,TRUE,5,6,Trial,High,2
170,32,Female,Mymensingh,Groceries,293.94,24,Mobile,PayPal,TRUE,2,FALSE,3,7,Free,High,2
171,54,Male,Chittagong,Clothing,948.17,50,Tablet,Debit Card,TRUE,7,TRUE,4,4,Premium,High,2
172,38,Male,Mymensingh,Sports,480.08,58,Mobile,PayPal,TRUE,2,FALSE,1,4,Premium,Low,0
173,61,Female,Barisal,Home,354.51,37,Desktop,Credit Card,TRUE,5,FALSE,5,4,Premium,High,2
174,27,Male,Mymensingh,Beauty,687.22,20,Mobile,Credit Card,FALSE,4,FALSE,3,2,Trial,Medium,1
175,42,Female,Sylhet,Clothing,56.43,59,Mobile,Cash on Delivery,FALSE,8,FALSE,2,2,Trial,Medium,1
176,46,Male,Khulna,Home,716.51,33,Tablet,Debit Card,FALSE,7,FALSE,1,13,Trial,High,2
177,25,Other,Barisal,Groceries,670.44,43,Mobile,PayPal,FALSE,6,TRUE,3,2,Premium,Medium,1
178,28,Male,Khulna,Clothing,455,37,Tablet,PayPal,FALSE,2,FALSE,3,7,Premium,Low,0
179,43,Other,Rajshahi,Electronics,593.27,14,Desktop,Credit Card,FALSE,7,FALSE,4,12,Trial,High,2
180,23,Other,Barisal,Toys,579.52,29,Desktop,Debit Card,FALSE,4,FALSE,4,11,Premium,High,2
181,53,Female,Mymensingh,Clothing,139.14,32,Desktop,Credit Card,TRUE,1,FALSE,1,4,Trial,Medium,1
182,18,Other,Dhaka,Beauty,910.38,6,Tablet,Credit Card,TRUE,1,FALSE,4,6,Trial,High,2
183,55,Other,Khulna,Sports,628.16,7,Desktop,Cash on Delivery,FALSE,6,FALSE,3,13,Premium,High,2
184,23,Female,Sylhet,Groceries,899.34,31,Tablet,PayPal,FALSE,1,FALSE,1,5,Premium,High,2
185,56,Female,Rajshahi,Clothing,444.99,35,Mobile,PayPal,FALSE,5,FALSE,1,9,Premium,Medium,1
186,41,Male,Khulna,Toys,236.16,37,Tablet,Debit Card,FALSE,3,FALSE,2,2,Premium,Medium,1
187,33,Male,Mymensingh,Home,510.82,29,Desktop,Credit Card,FALSE,2,TRUE,5,7,Premium,Medium,1
188,33,Male,Dhaka,Groceries,408.53,46,Tablet,Bank Transfer,TRUE,2,TRUE,1,5,Premium,Low,0
189,37,Male,Rajshahi,Electronics,458.55,3,Tablet,Credit Card,TRUE,7,FALSE,3,8,Premium,Low,0
190,18,Other,Rajshahi,Electronics,764.83,45,Mobile,PayPal,TRUE,2,FALSE,4,9,Free,High,2
191,31,Other,Rajshahi,Groceries,424.92,53,Desktop,Bank Transfer,FALSE,4,TRUE,5,1,Trial,Medium,1
192,28,Female,Khulna,Sports,942.5,22,Desktop,Credit Card,TRUE,5,TRUE,1,12,Premium,Low,0
193,51,Female,Khulna,Books,801.3,25,Desktop,Credit Card,TRUE,1,TRUE,4,7,Trial,Medium,1
194,45,Male,Rangpur,Books,422.63,31,Desktop,Cash on Delivery,FALSE,5,TRUE,1,4,Trial,Medium,1
195,31,Female,Barisal,Electronics,878.89,39,Desktop,Bank Transfer,FALSE,6,TRUE,1,3,Free,High,2
196,52,Male,Khulna,Toys,887.2,7,Tablet,Cash on Delivery,TRUE,1,TRUE,2,3,Premium,Low,0
197,27,Female,Sylhet,Electronics,723.02,51,Desktop,PayPal,TRUE,4,FALSE,5,4,Premium,Low,0
198,46,Female,Barisal,Books,233.31,39,Mobile,Cash on Delivery,TRUE,8,TRUE,1,7,Premium,Medium,1
199,53,Female,Rangpur,Groceries,641.98,4,Desktop,Debit Card,TRUE,8,FALSE,3,2,Trial,Low,0
200,64,Male,Sylhet,Clothing,499.66,5,Mobile,Debit Card,TRUE,3,TRUE,2,10,Premium,Low,0
201,47,Male,Rangpur,Beauty,671.77,37,Desktop,Bank Transfer,FALSE,2,FALSE,5,11,Premium,Medium,1
202,39,Other,Dhaka,Toys,497.77,23,Mobile,PayPal,TRUE,9,TRUE,1,13,Free,High,2
203,28,Other,Rajshahi,Clothing,460.53,55,Tablet,Bank Transfer,FALSE,4,TRUE,3,1,Premium,Medium,1
204,61,Male,Rajshahi,Electronics,794.77,2,Desktop,Credit Card,TRUE,6,FALSE,4,7,Premium,Low,0
205,42,Female,Sylhet,Beauty,638.75,49,Mobile,Credit Card,TRUE,4,FALSE,3,5,Trial,Low,0
206,54,Other,Barisal,Electronics,459.12,18,Tablet,PayPal,FALSE,1,FALSE,4,11,Premium,High,2
207,66,Other,Rajshahi,Toys,670.8,6,Tablet,Bank Transfer,FALSE,6,TRUE,1,12,Free,Medium,1
208,51,Female,Rajshahi,Home,73.68,30,Tablet,Cash on Delivery,FALSE,9,TRUE,4,10,Trial,Medium,1
209,54,Other,Rajshahi,Books,562.89,43,Mobile,Debit Card,FALSE,4,TRUE,4,13,Free,Medium,1
210,28,Male,Barisal,Electronics,252.64,25,Mobile,Bank Transfer,TRUE,5,FALSE,1,8,Premium,High,2
211,29,Other,Khulna,Sports,617.01,48,Tablet,PayPal,FALSE,6,FALSE,4,11,Trial,High,2
212,32,Female,Chittagong,Books,295.4,23,Mobile,Bank Transfer,TRUE,2,FALSE,4,6,Premium,Low,0
213,47,Male,Rangpur,Books,144.19,47,Mobile,Cash on Delivery,FALSE,4,TRUE,3,12,Free,Medium,1
214,65,Male,Mymensingh,Home,269.45,36,Desktop,Bank Transfer,FALSE,7,FALSE,2,3,Free,High,2
215,22,Other,Dhaka,Clothing,880.49,37,Desktop,PayPal,TRUE,1,FALSE,4,13,Premium,Medium,1
216,33,Female,Rangpur,Toys,713.1,12,Mobile,Credit Card,TRUE,8,FALSE,1,11,Trial,Medium,1
217,34,Other,Barisal,Toys,893.83,3,Tablet,Bank Transfer,TRUE,7,TRUE,1,8,Trial,High,2
218,34,Female,Khulna,Beauty,522.84,8,Mobile,Cash on Delivery,TRUE,3,FALSE,1,7,Trial,High,2
219,52,Male,Chittagong,Sports,191.49,27,Tablet,PayPal,FALSE,1,TRUE,3,9,Free,Medium,1
220,69,Other,Chittagong,Beauty,990.41,58,Mobile,Debit Card,TRUE,3,FALSE,2,10,Trial,High,2
221,52,Male,Mymensingh,Books,478,6,Tablet,Debit Card,FALSE,7,FALSE,1,7,Free,Low,0
222,60,Female,Khulna,Electronics,604.54,21,Mobile,Cash on Delivery,FALSE,5,TRUE,4,5,Premium,High,2
223,36,Male,Khulna,Beauty,65.92,17,Mobile,Cash on Delivery,FALSE,7,FALSE,2,13,Free,Low,0
224,36,Male,Rajshahi,Clothing,217.14,39,Desktop,Cash on Delivery,TRUE,2,TRUE,3,6,Trial,High,2
225,42,Female,Khulna,Electronics,349.33,45,Mobile,PayPal,FALSE,1,TRUE,1,13,Free,Medium,1
226,67,Other,Sylhet,Toys,228.97,42,Mobile,Debit Card,TRUE,2,TRUE,2,11,Premium,Low,0
227,52,Male,Khulna,Home,681.71,31,Mobile,Debit Card,TRUE,6,FALSE,4,5,Free,Medium,1
228,46,Male,Rangpur,Toys,388.6,1,Desktop,Credit Card,FALSE,8,TRUE,1,13,Trial,High,2
229,68,Female,Mymensingh,Toys,762.18,9,Mobile,Credit Card,FALSE,8,TRUE,4,1,Trial,Low,0
230,30,Male,Mymensingh,Beauty,187.33,13,Tablet,Cash on Delivery,TRUE,9,FALSE,2,11,Trial,High,2
231,44,Female,Mymensingh,Electronics,445.6,11,Desktop,Credit Card,FALSE,7,FALSE,1,12,Premium,Medium,1
232,63,Other,Sylhet,Books,957.47,36,Tablet,Credit Card,FALSE,7,TRUE,4,12,Trial,Medium,1
233,60,Female,Sylhet,Toys,44.38,24,Desktop,Debit Card,FALSE,4,TRUE,5,6,Premium,High,2
234,67,Other,Khulna,Groceries,387.57,19,Tablet,Credit Card,FALSE,7,FALSE,4,13,Premium,Medium,1
235,41,Female,Barisal,Sports,668.96,19,Desktop,Credit Card,TRUE,7,TRUE,2,12,Trial,High,2
236,40,Male,Rangpur,Home,249,50,Mobile,Cash on Delivery,FALSE,4,FALSE,5,1,Premium,Low,0
237,67,Female,Rajshahi,Beauty,582.68,29,Desktop,Debit Card,TRUE,7,FALSE,4,7,Premium,Medium,1
238,38,Male,Mymensingh,Sports,508.05,32,Desktop,Debit Card,TRUE,1,FALSE,3,1,Trial,Medium,1
239,58,Female,Dhaka,Sports,445.93,17,Mobile,Debit Card,FALSE,2,FALSE,5,10,Free,Medium,1
240,69,Male,Khulna,Beauty,847.66,51,Desktop,Debit Card,TRUE,9,TRUE,3,9,Trial,High,2
241,32,Female,Sylhet,Home,941.9,7,Tablet,Credit Card,FALSE,7,FALSE,2,4,Premium,High,2
242,69,Female,Mymensingh,Electronics,541.36,56,Mobile,Credit Card,TRUE,6,TRUE,5,10,Premium,High,2
243,21,Other,Dhaka,Sports,169.92,26,Desktop,Bank Transfer,FALSE,3,TRUE,3,9,Free,Low,0
244,25,Female,Dhaka,Beauty,55.37,38,Tablet,Cash on Delivery,TRUE,6,TRUE,4,3,Free,High,2
245,42,Male,Chittagong,Beauty,388.79,2,Tablet,PayPal,TRUE,7,TRUE,5,4,Trial,Medium,1
246,25,Male,Dhaka,Home,793.51,50,Desktop,Debit Card,TRUE,8,TRUE,1,11,Free,High,2
247,18,Other,Dhaka,Groceries,592.04,40,Mobile,Debit Card,FALSE,5,TRUE,5,6,Trial,Low,0
248,20,Male,Rangpur,Clothing,142.31,14,Desktop,Credit Card,FALSE,1,TRUE,1,2,Free,High,2
249,57,Male,Khulna,Toys,115.76,51,Mobile,Debit Card,TRUE,2,TRUE,2,12,Trial,High,2
250,49,Male,Mymensingh,Clothing,132.97,37,Tablet,PayPal,TRUE,5,TRUE,4,8,Trial,High,2
251,49,Male,Rangpur,Electronics,91.85,38,Desktop,Bank Transfer,FALSE,4,TRUE,5,2,Trial,Low,0
252,56,Female,Sylhet,Beauty,786.33,40,Desktop,Bank Transfer,FALSE,5,TRUE,2,10,Trial,Medium,1
253,40,Other,Barisal,Toys,439.48,21,Mobile,Cash on Delivery,FALSE,4,FALSE,2,8,Free,Medium,1
254,55,Male,Barisal,Books,561.67,19,Desktop,Cash on Delivery,TRUE,4,FALSE,2,3,Trial,High,2
255,25,Female,Mymensingh,Beauty,968.36,48,Tablet,Credit Card,FALSE,5,TRUE,4,5,Premium,Medium,1
256,29,Male,Rajshahi,Home,503.59,47,Tablet,PayPal,FALSE,9,FALSE,1,12,Trial,Medium,1
257,67,Female,Sylhet,Electronics,914.25,53,Tablet,Bank Transfer,FALSE,3,TRUE,1,7,Trial,Low,0
258,62,Other,Dhaka,Beauty,106.14,11,Desktop,Bank Transfer,FALSE,4,FALSE,3,13,Trial,High,2
259,39,Female,Barisal,Electronics,247.25,5,Mobile,PayPal,TRUE,3,TRUE,2,7,Free,High,2
260,32,Other,Rangpur,Groceries,557.14,40,Mobile,PayPal,FALSE,3,FALSE,3,6,Trial,High,2
261,55,Other,Dhaka,Toys,577.96,52,Tablet,Credit Card,TRUE,1,TRUE,2,3,Free,High,2
262,47,Male,Sylhet,Groceries,152.17,1,Desktop,Credit Card,TRUE,7,FALSE,4,4,Premium,High,2
263,61,Male,Rangpur,Beauty,254.44,50,Tablet,Cash on Delivery,TRUE,3,TRUE,1,4,Free,Low,0
264,51,Male,Dhaka,Toys,110.49,48,Tablet,Bank Transfer,TRUE,5,TRUE,3,8,Trial,Medium,1
265,54,Other,Dhaka,Clothing,19.6,2,Desktop,Cash on Delivery,TRUE,3,FALSE,2,4,Free,Low,0
266,44,Female,Chittagong,Electronics,836.95,28,Tablet,Bank Transfer,TRUE,2,TRUE,3,1,Trial,High,2
267,45,Female,Barisal,Clothing,939.63,52,Mobile,Bank Transfer,FALSE,1,FALSE,1,2,Trial,Low,0
268,38,Other,Barisal,Toys,427.44,56,Desktop,PayPal,TRUE,8,TRUE,5,10,Premium,High,2
269,46,Male,Sylhet,Sports,760.27,7,Desktop,Credit Card,TRUE,7,TRUE,3,3,Trial,Medium,1
270,30,Other,Chittagong,Home,812.58,27,Mobile,Credit Card,TRUE,5,FALSE,2,2,Premium,Low,0
271,65,Other,Barisal,Home,551.09,31,Mobile,Debit Card,TRUE,5,TRUE,1,1,Premium,High,2
272,41,Other,Rangpur,Home,821.18,55,Desktop,Cash on Delivery,TRUE,3,TRUE,3,2,Trial,Low,0
273,50,Other,Mymensingh,Groceries,678.63,59,Tablet,PayPal,TRUE,5,TRUE,1,13,Premium,Medium,1
274,23,Female,Khulna,Beauty,417.26,56,Desktop,Credit Card,TRUE,4,FALSE,1,3,Free,Low,0
275,25,Male,Rajshahi,Home,521.41,2,Tablet,Credit Card,TRUE,1,TRUE,5,9,Premium,Medium,1
276,35,Male,Rajshahi,Electronics,306.05,33,Mobile,Bank Transfer,TRUE,8,TRUE,2,4,Premium,Low,0
277,68,Female,Rangpur,Toys,812.8,5,Desktop,Credit Card,TRUE,3,FALSE,4,4,Premium,Medium,1
278,58,Other,Khulna,Clothing,334.16,36,Mobile,Cash on Delivery,FALSE,7,TRUE,5,11,Premium,Low,0
279,58,Other,Barisal,Beauty,590.98,40,Tablet,Credit Card,TRUE,5,TRUE,5,11,Premium,High,2
280,37,Other,Khulna,Clothing,390.07,18,Tablet,Bank Transfer,FALSE,6,TRUE,5,9,Premium,High,2
281,42,Other,Barisal,Home,72.98,32,Desktop,Bank Transfer,FALSE,9,FALSE,2,13,Trial,High,2
282,41,Other,Rajshahi,Electronics,699.41,53,Tablet,Credit Card,TRUE,6,TRUE,4,13,Premium,Medium,1
283,57,Female,Mymensingh,Toys,866.55,44,Desktop,Cash on Delivery,FALSE,1,TRUE,2,8,Trial,Medium,1
284,23,Other,Chittagong,Toys,490.19,3,Mobile,Debit Card,FALSE,5,FALSE,2,9,Premium,Medium,1
285,27,Other,Barisal,Sports,767.24,56,Tablet,Credit Card,FALSE,7,TRUE,5,12,Premium,Low,0
286,19,Female,Rajshahi,Clothing,528.34,28,Desktop,PayPal,TRUE,4,TRUE,4,5,Free,Low,0
287,43,Male,Sylhet,Electronics,766.76,46,Desktop,Debit Card,FALSE,7,TRUE,5,3,Trial,Medium,1
288,69,Female,Chittagong,Groceries,752.01,56,Tablet,Credit Card,TRUE,6,FALSE,5,4,Premium,High,2
289,20,Other,Rangpur,Home,169.93,49,Desktop,Credit Card,TRUE,1,TRUE,2,8,Premium,Low,0
290,31,Female,Mymensingh,Toys,705.14,9,Tablet,Credit Card,TRUE,6,TRUE,1,7,Premium,Low,0
291,47,Male,Chittagong,Toys,216.08,34,Tablet,Credit Card,FALSE,2,TRUE,1,7,Free,Low,0
292,31,Female,Chittagong,Books,868.75,36,Mobile,Cash on Delivery,FALSE,3,TRUE,3,8,Premium,Medium,1
293,48,Other,Rangpur,Sports,239.24,57,Desktop,Debit Card,FALSE,2,TRUE,2,12,Trial,High,2
294,66,Male,Khulna,Clothing,903.18,45,Mobile,Credit Card,TRUE,6,TRUE,5,3,Trial,Medium,1
295,34,Female,Sylhet,Books,195.47,41,Tablet,Bank Transfer,FALSE,5,FALSE,2,6,Trial,Medium,1
296,66,Male,Sylhet,Home,877.2,9,Desktop,PayPal,FALSE,5,FALSE,5,6,Free,Medium,1
297,59,Male,Rangpur,Groceries,256.14,59,Mobile,Cash on Delivery,FALSE,9,FALSE,4,4,Trial,High,2
298,55,Other,Dhaka,Sports,127.11,42,Mobile,Cash on Delivery,FALSE,7,TRUE,5,1,Free,High,2
299,38,Male,Rangpur,Home,862.58,20,Tablet,Cash on Delivery,TRUE,1,TRUE,4,5,Premium,Low,0
300,67,Male,Khulna,Sports,379.25,59,Desktop,Debit Card,TRUE,7,FALSE,2,4,Premium,Low,0
301,55,Female,Barisal,Home,840.67,44,Mobile,Credit Card,TRUE,5,TRUE,5,3,Trial,High,2
302,21,Male,Dhaka,Clothing,750.15,35,Tablet,Debit Card,TRUE,8,TRUE,3,12,Premium,Medium,1
303,53,Female,Sylhet,Home,976.47,1,Desktop,Debit Card,FALSE,1,FALSE,1,7,Premium,Medium,1
304,53,Other,Rajshahi,Clothing,533.06,33,Tablet,Bank Transfer,FALSE,6,FALSE,3,4,Trial,Medium,1
305,46,Female,Rajshahi,Beauty,717.69,50,Tablet,PayPal,FALSE,7,TRUE,4,5,Trial,Medium,1
306,29,Female,Sylhet,Electronics,342.39,45,Tablet,PayPal,TRUE,8,FALSE,3,10,Trial,Medium,1
307,44,Male,Barisal,Groceries,794.43,16,Desktop,Cash on Delivery,FALSE,3,FALSE,5,7,Premium,High,2
308,41,Other,Rangpur,Groceries,181.94,49,Desktop,Bank Transfer,FALSE,6,FALSE,4,11,Trial,High,2
309,45,Other,Khulna,Sports,500.76,12,Tablet,Bank Transfer,FALSE,5,FALSE,1,12,Free,Medium,1
310,26,Other,Chittagong,Clothing,630.96,48,Desktop,Debit Card,FALSE,7,FALSE,1,5,Trial,High,2
311,67,Male,Rangpur,Sports,198.68,56,Tablet,Bank Transfer,FALSE,7,TRUE,1,5,Premium,High,2
312,19,Other,Chittagong,Sports,643.84,27,Mobile,Bank Transfer,TRUE,1,FALSE,4,3,Free,High,2
313,21,Other,Rangpur,Books,462.44,20,Desktop,Cash on Delivery,FALSE,8,TRUE,2,10,Free,Medium,1
314,33,Male,Sylhet,Sports,382.53,47,Tablet,Debit Card,TRUE,5,TRUE,1,11,Premium,Medium,1
315,20,Female,Sylhet,Electronics,291.04,11,Tablet,Credit Card,FALSE,3,FALSE,5,5,Free,High,2
316,24,Male,Mymensingh,Books,486.37,49,Desktop,Credit Card,TRUE,4,FALSE,5,11,Trial,High,2
317,29,Male,Barisal,Toys,119.97,31,Tablet,Bank Transfer,FALSE,9,FALSE,3,9,Premium,High,2
318,65,Other,Barisal,Sports,681.96,19,Desktop,Bank Transfer,FALSE,1,FALSE,2,4,Premium,High,2
319,60,Female,Mymensingh,Clothing,705.46,38,Desktop,Credit Card,TRUE,3,TRUE,3,5,Premium,Low,0
320,34,Other,Rajshahi,Groceries,325.04,57,Desktop,Cash on Delivery,TRUE,1,TRUE,1,11,Trial,High,2
321,58,Male,Dhaka,Books,372.66,10,Tablet,Credit Card,TRUE,7,TRUE,3,11,Trial,Low,0
322,49,Male,Khulna,Clothing,862.08,47,Mobile,Credit Card,TRUE,1,TRUE,3,1,Premium,Medium,1
323,59,Female,Mymensingh,Toys,248.28,56,Tablet,Bank Transfer,TRUE,8,FALSE,1,4,Premium,High,2
324,65,Other,Khulna,Sports,842.49,12,Desktop,Credit Card,TRUE,7,TRUE,1,6,Premium,High,2
325,29,Male,Chittagong,Clothing,352.09,45,Mobile,Bank Transfer,TRUE,8,TRUE,2,2,Premium,High,2
326,23,Female,Rajshahi,Beauty,993.29,35,Tablet,Debit Card,FALSE,3,FALSE,4,13,Premium,High,2
327,50,Male,Sylhet,Electronics,921.75,6,Mobile,Bank Transfer,TRUE,5,TRUE,2,11,Trial,Medium,1
328,34,Female,Rangpur,Electronics,574.11,32,Tablet,Bank Transfer,TRUE,9,FALSE,4,2,Trial,High,2
329,48,Male,Chittagong,Electronics,11.42,30,Tablet,PayPal,TRUE,9,TRUE,1,9,Trial,Medium,1
330,21,Female,Dhaka,Books,249.98,16,Tablet,Bank Transfer,FALSE,9,TRUE,2,13,Premium,High,2
331,24,Female,Mymensingh,Groceries,750.59,24,Desktop,Bank Transfer,TRUE,5,FALSE,1,6,Trial,Low,0
332,33,Female,Mymensingh,Home,675.98,58,Tablet,PayPal,FALSE,8,TRUE,1,4,Free,High,2
333,69,Female,Sylhet,Clothing,537.71,39,Mobile,PayPal,TRUE,7,FALSE,3,5,Premium,Medium,1
334,63,Other,Dhaka,Books,135.87,16,Mobile,PayPal,TRUE,4,TRUE,3,9,Trial,Medium,1
335,53,Male,Barisal,Beauty,33.21,9,Mobile,Debit Card,TRUE,9,FALSE,5,2,Trial,High,2
336,62,Female,Chittagong,Sports,535.22,55,Tablet,Credit Card,FALSE,6,FALSE,5,1,Trial,High,2
337,19,Female,Rajshahi,Groceries,321.78,30,Desktop,Bank Transfer,TRUE,3,FALSE,1,7,Premium,High,2
338,25,Other,Mymensingh,Sports,380.51,10,Desktop,Credit Card,FALSE,3,TRUE,4,13,Free,High,2
339,41,Other,Barisal,Toys,736.36,45,Mobile,Credit Card,TRUE,4,TRUE,2,7,Trial,Medium,1
340,48,Other,Chittagong,Beauty,646.11,51,Tablet,Bank Transfer,TRUE,8,TRUE,4,12,Free,Medium,1
341,53,Other,Dhaka,Books,641.53,57,Mobile,PayPal,TRUE,1,FALSE,1,12,Premium,High,2
342,53,Male,Khulna,Clothing,610.48,4,Tablet,Cash on Delivery,TRUE,6,TRUE,2,2,Free,Medium,1
343,45,Male,Sylhet,Groceries,847.45,45,Desktop,Debit Card,FALSE,6,TRUE,5,13,Trial,Low,0
344,42,Female,Khulna,Books,616.52,55,Desktop,Debit Card,FALSE,3,TRUE,5,3,Trial,High,2
345,49,Female,Rajshahi,Clothing,302.05,37,Desktop,Credit Card,TRUE,7,FALSE,5,12,Trial,Medium,1
346,21,Other,Chittagong,Home,364.61,11,Mobile,PayPal,TRUE,7,FALSE,3,13,Trial,Low,0
347,39,Female,Barisal,Groceries,664.92,39,Tablet,Debit Card,TRUE,1,TRUE,5,5,Premium,Low,0
348,22,Other,Chittagong,Books,703.91,21,Mobile,Credit Card,FALSE,1,FALSE,3,1,Trial,Medium,1
349,52,Female,Rangpur,Books,237.12,4,Tablet,PayPal,FALSE,4,FALSE,5,8,Trial,High,2
350,31,Other,Barisal,Electronics,357.92,31,Desktop,Credit Card,FALSE,5,TRUE,2,7,Premium,Medium,1
351,40,Female,Mymensingh,Toys,773.69,54,Mobile,PayPal,TRUE,4,TRUE,2,12,Free,Low,0
352,52,Female,Rajshahi,Groceries,315.65,31,Tablet,PayPal,FALSE,2,TRUE,3,11,Free,Low,0
353,69,Female,Rajshahi,Beauty,445.25,36,Desktop,Cash on Delivery,TRUE,1,TRUE,3,7,Free,Medium,1
354,23,Female,Sylhet,Groceries,380.82,5,Tablet,Bank Transfer,TRUE,8,FALSE,3,3,Trial,High,2
355,51,Male,Chittagong,Sports,280.89,32,Desktop,Cash on Delivery,TRUE,3,FALSE,5,9,Trial,Low,0
356,66,Male,Mymensingh,Home,329.72,33,Mobile,Debit Card,TRUE,9,FALSE,1,2,Premium,High,2
357,21,Female,Chittagong,Electronics,637.28,14,Desktop,PayPal,FALSE,1,FALSE,5,5,Free,Low,0
358,66,Other,Sylhet,Groceries,943.03,58,Tablet,PayPal,FALSE,2,TRUE,1,10,Free,Low,0
359,40,Other,Khulna,Home,607.1,29,Tablet,Bank Transfer,TRUE,6,FALSE,3,5,Free,Medium,1
360,51,Female,Rangpur,Electronics,189.54,51,Mobile,Cash on Delivery,TRUE,5,TRUE,3,6,Trial,High,2
361,21,Male,Rajshahi,Toys,676.38,29,Mobile,Cash on Delivery,TRUE,5,FALSE,5,3,Trial,Low,0
362,21,Female,Rajshahi,Toys,819.64,34,Tablet,Cash on Delivery,TRUE,7,TRUE,1,3,Free,Low,0
363,49,Female,Khulna,Electronics,308.62,49,Mobile,PayPal,TRUE,4,TRUE,4,5,Trial,Medium,1
364,40,Other,Chittagong,Electronics,589.08,38,Mobile,Bank Transfer,FALSE,8,FALSE,1,11,Premium,High,2
365,50,Female,Khulna,Clothing,168.56,57,Desktop,PayPal,TRUE,9,FALSE,4,8,Free,Medium,1
366,53,Male,Rajshahi,Beauty,609.15,26,Tablet,Bank Transfer,FALSE,3,FALSE,2,8,Free,High,2
367,58,Female,Chittagong,Beauty,328.39,20,Tablet,PayPal,TRUE,6,FALSE,5,11,Free,High,2
368,22,Male,Khulna,Groceries,358.55,8,Tablet,Cash on Delivery,FALSE,8,TRUE,1,6,Free,Medium,1
369,31,Female,Khulna,Electronics,26.22,12,Desktop,Credit Card,TRUE,7,FALSE,4,4,Premium,Low,0
370,33,Female,Sylhet,Electronics,888.44,2,Tablet,PayPal,TRUE,5,TRUE,1,1,Premium,Medium,1
371,42,Female,Barisal,Toys,203.29,28,Mobile,Bank Transfer,FALSE,2,FALSE,4,3,Trial,Medium,1
372,21,Other,Dhaka,Groceries,569.31,52,Tablet,Bank Transfer,TRUE,7,FALSE,5,6,Trial,Low,0
373,42,Other,Khulna,Clothing,55.11,30,Desktop,PayPal,FALSE,5,TRUE,1,5,Trial,High,2
374,30,Female,Barisal,Beauty,718.43,53,Mobile,Bank Transfer,FALSE,9,TRUE,3,9,Premium,Low,0
375,55,Male,Dhaka,Beauty,566.43,38,Tablet,Cash on Delivery,FALSE,7,TRUE,2,9,Trial,Low,0
376,35,Male,Barisal,Electronics,836.08,33,Tablet,Debit Card,TRUE,2,FALSE,5,8,Trial,Medium,1
377,57,Other,Chittagong,Sports,825.38,26,Mobile,Credit Card,FALSE,9,FALSE,2,4,Free,Medium,1
378,36,Male,Rangpur,Groceries,162.72,4,Mobile,PayPal,TRUE,2,TRUE,5,13,Trial,Low,0
379,47,Male,Dhaka,Sports,259.8,14,Tablet,Debit Card,FALSE,8,FALSE,3,9,Premium,Low,0
380,69,Female,Chittagong,Home,227.04,55,Tablet,Bank Transfer,TRUE,2,TRUE,5,13,Free,Low,0
381,66,Female,Rangpur,Toys,344.16,14,Tablet,Debit Card,TRUE,7,FALSE,4,13,Free,Low,0
382,45,Male,Chittagong,Clothing,505.07,42,Tablet,PayPal,TRUE,5,TRUE,4,10,Trial,High,2
383,42,Other,Khulna,Groceries,130.77,17,Mobile,Cash on Delivery,FALSE,1,TRUE,5,8,Premium,Medium,1
384,43,Female,Chittagong,Groceries,224.69,34,Desktop,Debit Card,TRUE,2,TRUE,3,1,Premium,Medium,1
385,66,Male,Khulna,Toys,824.03,45,Mobile,Credit Card,FALSE,5,TRUE,1,10,Free,High,2
386,21,Male,Sylhet,Beauty,607.02,30,Tablet,Cash on Delivery,TRUE,6,TRUE,5,4,Free,Low,0
387,37,Other,Dhaka,Books,918.57,17,Mobile,Debit Card,FALSE,3,TRUE,3,1,Trial,Medium,1
388,58,Female,Rangpur,Clothing,61.3,38,Tablet,Cash on Delivery,TRUE,2,FALSE,2,4,Trial,Medium,1
389,20,Male,Chittagong,Sports,356.44,51,Tablet,Credit Card,FALSE,9,TRUE,3,11,Free,High,2
390,19,Female,Barisal,Electronics,544.53,19,Mobile,Debit Card,TRUE,6,FALSE,4,10,Trial,Medium,1
391,51,Other,Dhaka,Sports,417.33,57,Desktop,Cash on Delivery,TRUE,3,TRUE,1,1,Free,High,2
392,31,Other,Khulna,Clothing,690.5,12,Desktop,Debit Card,FALSE,6,FALSE,1,1,Trial,Medium,1
393,64,Male,Chittagong,Home,309.73,20,Mobile,Debit Card,TRUE,5,TRUE,4,10,Free,Medium,1
394,56,Other,Mymensingh,Beauty,804.03,17,Tablet,Debit Card,TRUE,5,FALSE,1,5,Premium,High,2
395,68,Other,Rajshahi,Home,237.79,31,Desktop,PayPal,FALSE,2,TRUE,3,1,Premium,Medium,1
396,45,Male,Mymensingh,Books,723.06,5,Desktop,Bank Transfer,TRUE,7,FALSE,1,8,Trial,High,2
397,69,Male,Mymensingh,Toys,938.13,53,Desktop,Cash on Delivery,FALSE,5,FALSE,2,8,Free,Medium,1
398,51,Other,Chittagong,Beauty,536.3,54,Tablet,PayPal,FALSE,6,FALSE,5,8,Free,Medium,1
399,21,Male,Rajshahi,Groceries,861.93,34,Desktop,Credit Card,TRUE,6,TRUE,3,12,Premium,Medium,1
400,38,Female,Chittagong,Home,806.08,42,Tablet,Debit Card,FALSE,7,FALSE,2,6,Free,High,2
401,36,Other,Sylhet,Beauty,390.04,38,Mobile,Credit Card,TRUE,2,TRUE,5,1,Free,High,2
402,27,Other,Rajshahi,Groceries,694.63,35,Tablet,Bank Transfer,TRUE,2,FALSE,4,9,Free,High,2
403,60,Male,Chittagong,Groceries,562.59,52,Mobile,PayPal,TRUE,6,TRUE,1,9,Premium,High,2
404,67,Male,Mymensingh,Sports,906.11,33,Tablet,Credit Card,TRUE,4,FALSE,3,11,Free,Medium,1
405,50,Male,Mymensingh,Sports,175.77,43,Mobile,PayPal,FALSE,2,TRUE,1,13,Trial,High,2
406,22,Female,Chittagong,Books,727.61,39,Mobile,PayPal,TRUE,3,FALSE,2,4,Trial,Medium,1
407,48,Other,Chittagong,Home,162.47,47,Desktop,Debit Card,TRUE,7,TRUE,2,6,Trial,Medium,1
408,63,Other,Barisal,Toys,502.01,15,Tablet,Cash on Delivery,TRUE,9,TRUE,2,8,Trial,Low,0
409,33,Other,Chittagong,Books,559.26,5,Tablet,Credit Card,FALSE,6,TRUE,3,12,Free,Medium,1
410,32,Female,Barisal,Books,845.98,4,Tablet,PayPal,FALSE,7,TRUE,5,12,Free,Medium,1
411,51,Other,Khulna,Books,697.76,4,Tablet,Debit Card,FALSE,1,TRUE,3,9,Premium,High,2
412,25,Female,Barisal,Sports,149.48,56,Desktop,Cash on Delivery,TRUE,9,FALSE,4,11,Free,Low,0
413,50,Female,Khulna,Beauty,147.3,22,Tablet,Cash on Delivery,FALSE,3,FALSE,2,4,Premium,Medium,1
414,62,Female,Sylhet,Books,846.92,42,Mobile,Bank Transfer,TRUE,7,FALSE,1,3,Premium,High,2
415,32,Female,Dhaka,Books,337.28,29,Desktop,Bank Transfer,FALSE,6,FALSE,4,12,Premium,Medium,1
416,58,Female,Rajshahi,Books,757.14,45,Desktop,Credit Card,TRUE,2,TRUE,4,5,Premium,Low,0
417,58,Female,Rajshahi,Home,588.67,45,Tablet,Credit Card,FALSE,2,TRUE,4,1,Free,Medium,1
418,34,Female,Rangpur,Groceries,425.75,57,Desktop,PayPal,TRUE,9,TRUE,3,4,Premium,High,2
419,63,Female,Sylhet,Clothing,824.86,15,Desktop,Bank Transfer,FALSE,4,TRUE,3,3,Premium,Low,0
420,59,Female,Rajshahi,Beauty,895.12,47,Tablet,PayPal,TRUE,7,FALSE,3,11,Premium,Low,0
421,37,Female,Rangpur,Toys,747.59,54,Mobile,PayPal,TRUE,2,FALSE,3,10,Premium,Low,0
422,44,Male,Khulna,Home,816.72,48,Desktop,Credit Card,FALSE,1,FALSE,4,10,Free,High,2
423,26,Other,Barisal,Electronics,978.28,7,Mobile,Bank Transfer,FALSE,1,TRUE,3,6,Trial,High,2
424,50,Male,Mymensingh,Electronics,951.37,26,Tablet,PayPal,TRUE,1,TRUE,4,4,Free,Low,0
425,67,Male,Chittagong,Beauty,71.29,33,Tablet,Credit Card,FALSE,3,TRUE,3,3,Trial,Medium,1
426,38,Other,Sylhet,Books,181.09,11,Tablet,Credit Card,TRUE,9,TRUE,2,11,Premium,High,2
427,50,Female,Sylhet,Sports,904.6,3,Mobile,Bank Transfer,FALSE,1,TRUE,5,12,Free,Medium,1
428,51,Female,Khulna,Books,169.1,44,Mobile,Credit Card,TRUE,9,FALSE,2,9,Trial,High,2
429,49,Other,Chittagong,Toys,76.74,35,Desktop,Bank Transfer,FALSE,9,FALSE,3,9,Trial,High,2
430,57,Male,Dhaka,Toys,882.59,33,Desktop,PayPal,TRUE,8,TRUE,5,1,Trial,High,2
431,33,Other,Chittagong,Electronics,651.71,54,Desktop,Cash on Delivery,TRUE,4,FALSE,2,9,Free,Low,0
432,28,Male,Sylhet,Toys,128.6,6,Tablet,Debit Card,TRUE,3,TRUE,5,2,Free,Low,0
433,53,Other,Chittagong,Groceries,754.48,2,Mobile,Debit Card,TRUE,8,FALSE,2,10,Free,High,2
434,42,Female,Rajshahi,Clothing,128.08,52,Mobile,Bank Transfer,FALSE,8,TRUE,2,11,Free,High,2
435,42,Other,Khulna,Clothing,265.32,23,Mobile,Credit Card,FALSE,5,FALSE,3,8,Premium,Low,0
436,40,Other,Khulna,Electronics,869.16,46,Mobile,Debit Card,FALSE,2,TRUE,4,5,Trial,Low,0
437,57,Other,Sylhet,Home,161.69,39,Tablet,Debit Card,FALSE,5,FALSE,3,12,Free,Medium,1
438,46,Female,Chittagong,Sports,397.8,13,Tablet,PayPal,TRUE,3,TRUE,5,5,Premium,Medium,1
439,49,Other,Khulna,Beauty,131.49,36,Tablet,Bank Transfer,TRUE,2,TRUE,3,12,Premium,Medium,1
440,48,Male,Mymensingh,Sports,406.79,1,Tablet,Debit Card,TRUE,8,TRUE,3,8,Premium,Medium,1
441,29,Male,Chittagong,Groceries,750.61,14,Desktop,Debit Card,TRUE,2,TRUE,1,8,Trial,Medium,1
442,41,Other,Rajshahi,Electronics,362.02,33,Tablet,Bank Transfer,FALSE,8,TRUE,3,12,Trial,High,2
443,54,Female,Barisal,Books,285.27,29,Desktop,Cash on Delivery,FALSE,4,TRUE,3,9,Free,Low,0
444,32,Male,Chittagong,Beauty,348.95,33,Desktop,Cash on Delivery,FALSE,7,FALSE,4,3,Free,Low,0
445,49,Other,Mymensingh,Beauty,989.12,40,Desktop,Bank Transfer,TRUE,3,TRUE,3,7,Trial,High,2
446,36,Female,Dhaka,Home,823.51,16,Mobile,Bank Transfer,TRUE,1,TRUE,4,9,Premium,High,2
447,42,Other,Rajshahi,Sports,60.04,52,Mobile,Cash on Delivery,FALSE,7,TRUE,5,4,Free,Low,0
448,37,Male,Rangpur,Electronics,75.95,17,Tablet,PayPal,FALSE,5,TRUE,2,6,Trial,Medium,1
449,68,Other,Khulna,Beauty,7.53,13,Tablet,Cash on Delivery,FALSE,9,FALSE,2,9,Free,High,2
450,21,Female,Rangpur,Home,357.98,7,Mobile,Credit Card,TRUE,6,FALSE,1,4,Free,High,2
451,64,Other,Barisal,Groceries,177.16,45,Desktop,Cash on Delivery,FALSE,5,TRUE,2,5,Premium,High,2
452,31,Male,Chittagong,Home,271.64,56,Desktop,PayPal,FALSE,4,FALSE,2,2,Trial,Low,0
453,68,Other,Barisal,Sports,608.78,15,Tablet,Credit Card,FALSE,6,FALSE,4,7,Free,Medium,1
454,33,Female,Khulna,Beauty,441.87,6,Tablet,Credit Card,TRUE,3,TRUE,3,3,Premium,High,2
455,18,Other,Dhaka,Electronics,884.17,50,Mobile,Debit Card,TRUE,8,TRUE,1,9,Premium,Medium,1
456,38,Male,Rangpur,Home,142.06,29,Mobile,Bank Transfer,FALSE,6,TRUE,4,9,Premium,High,2
457,29,Female,Rajshahi,Sports,464.64,27,Tablet,Cash on Delivery,TRUE,2,TRUE,4,11,Free,High,2
458,66,Male,Chittagong,Toys,153.34,58,Tablet,Cash on Delivery,FALSE,5,TRUE,2,13,Premium,Low,0
459,63,Other,Chittagong,Home,561.24,51,Desktop,Debit Card,TRUE,8,TRUE,3,13,Free,Low,0
460,44,Male,Rangpur,Home,504.6,20,Desktop,Debit Card,FALSE,6,TRUE,1,5,Free,High,2
461,63,Female,Khulna,Groceries,301.9,28,Mobile,Credit Card,FALSE,2,TRUE,2,13,Free,Low,0
462,36,Male,Mymensingh,Home,909,48,Tablet,PayPal,FALSE,7,TRUE,4,13,Premium,Medium,1
463,48,Female,Chittagong,Beauty,340.69,3,Tablet,Bank Transfer,FALSE,4,FALSE,4,11,Free,Medium,1
464,60,Male,Dhaka,Beauty,373.78,43,Desktop,Cash on Delivery,TRUE,5,TRUE,2,1,Trial,Medium,1
465,48,Male,Khulna,Electronics,38.41,33,Desktop,Debit Card,FALSE,2,FALSE,5,8,Free,High,2
466,48,Other,Sylhet,Groceries,488.74,32,Desktop,Bank Transfer,TRUE,8,TRUE,2,8,Premium,Low,0
467,41,Male,Rangpur,Clothing,527.34,48,Desktop,Cash on Delivery,TRUE,3,FALSE,5,7,Premium,High,2
468,58,Other,Mymensingh,Home,369.81,3,Desktop,Cash on Delivery,FALSE,8,TRUE,2,4,Premium,High,2
469,59,Male,Mymensingh,Books,864.42,48,Mobile,Cash on Delivery,TRUE,5,FALSE,5,10,Trial,High,2
470,20,Other,Dhaka,Beauty,636.95,46,Tablet,Credit Card,TRUE,3,TRUE,5,11,Free,Low,0
471,42,Female,Rangpur,Toys,240.05,23,Tablet,PayPal,FALSE,4,TRUE,3,3,Free,High,2
472,62,Male,Sylhet,Clothing,372.29,34,Mobile,Debit Card,FALSE,3,FALSE,1,7,Premium,Low,0
473,39,Female,Khulna,Beauty,579.21,16,Desktop,PayPal,TRUE,2,TRUE,4,5,Premium,Low,0
474,69,Male,Mymensingh,Groceries,473.28,59,Tablet,Cash on Delivery,FALSE,6,TRUE,5,13,Free,Low,0
475,38,Female,Rangpur,Home,961.64,14,Desktop,PayPal,FALSE,6,FALSE,1,4,Trial,Medium,1
476,20,Female,Sylhet,Home,627.86,35,Tablet,Cash on Delivery,TRUE,9,FALSE,5,1,Trial,Low,0
477,61,Male,Sylhet,Toys,381.36,6,Mobile,Cash on Delivery,TRUE,7,TRUE,3,2,Free,Medium,1
478,46,Female,Rajshahi,Sports,915.77,41,Desktop,Credit Card,FALSE,5,TRUE,4,6,Free,Low,0
479,58,Male,Khulna,Groceries,31.95,2,Mobile,PayPal,FALSE,1,FALSE,5,2,Free,Medium,1
480,37,Female,Chittagong,Home,164.07,40,Tablet,Credit Card,FALSE,9,FALSE,5,2,Premium,Medium,1
481,33,Male,Rangpur,Electronics,960.94,51,Desktop,Debit Card,FALSE,2,FALSE,4,5,Free,Low,0
482,34,Female,Rangpur,Toys,782.08,32,Tablet,Bank Transfer,TRUE,7,FALSE,4,6,Premium,High,2
483,57,Male,Barisal,Books,204.95,7,Desktop,Debit Card,TRUE,5,TRUE,3,3,Free,Low,0
484,49,Other,Dhaka,Clothing,278.76,59,Tablet,Bank Transfer,FALSE,6,FALSE,4,2,Free,Medium,1
485,55,Other,Rajshahi,Beauty,751.06,8,Desktop,Cash on Delivery,FALSE,1,FALSE,5,10,Trial,Medium,1
486,50,Male,Barisal,Sports,405.39,19,Tablet,Cash on Delivery,TRUE,8,FALSE,2,3,Free,High,2
487,49,Male,Barisal,Beauty,204.63,16,Desktop,PayPal,FALSE,1,FALSE,1,11,Trial,Medium,1
488,40,Female,Sylhet,Electronics,585.92,29,Tablet,Cash on Delivery,TRUE,8,FALSE,1,6,Trial,Medium,1
489,37,Female,Rangpur,Electronics,933.71,24,Tablet,Bank Transfer,TRUE,1,FALSE,4,4,Premium,Low,0
490,44,Male,Sylhet,Sports,549.18,56,Desktop,Bank Transfer,TRUE,6,TRUE,3,3,Free,Medium,1
491,18,Male,Sylhet,Clothing,273.37,28,Tablet,PayPal,FALSE,5,TRUE,2,5,Premium,Medium,1
492,52,Female,Khulna,Sports,648.64,1,Desktop,Bank Transfer,FALSE,3,FALSE,3,7,Free,Medium,1
493,27,Female,Dhaka,Groceries,312.36,10,Tablet,Debit Card,FALSE,6,TRUE,3,8,Premium,Medium,1
494,69,Other,Rajshahi,Toys,602.98,59,Desktop,Cash on Delivery,TRUE,6,TRUE,1,6,Free,Low,0
495,23,Female,Dhaka,Sports,344.22,28,Tablet,Debit Card,TRUE,8,FALSE,3,3,Free,Medium,1
496,40,Female,Mymensingh,Toys,268.21,24,Mobile,Cash on Delivery,FALSE,6,TRUE,4,7,Trial,Medium,1
497,60,Female,Barisal,Groceries,799.91,16,Tablet,Debit Card,FALSE,1,FALSE,4,4,Premium,Low,0
498,51,Male,Chittagong,Books,865.34,49,Tablet,Credit Card,TRUE,1,FALSE,3,8,Trial,High,2
499,24,Other,Dhaka,Toys,700.76,46,Desktop,Debit Card,TRUE,2,TRUE,3,11,Free,Medium,1
500,33,Other,Barisal,Home,687.18,42,Tablet,Cash on Delivery,TRUE,1,FALSE,4,8,Trial,High,2
501,49,Other,Khulna,Groceries,704.07,45,Mobile,Cash on Delivery,TRUE,1,FALSE,5,7,Trial,Low,0
502,19,Female,Barisal,Electronics,423.36,56,Tablet,Bank Transfer,FALSE,3,TRUE,5,3,Free,High,2
503,22,Female,Rajshahi,Toys,763.9,55,Desktop,Debit Card,FALSE,6,FALSE,3,13,Trial,High,2
504,64,Other,Khulna,Toys,517.97,41,Mobile,Debit Card,TRUE,6,FALSE,5,8,Trial,Medium,1
505,68,Male,Sylhet,Clothing,645.97,36,Desktop,Cash on Delivery,TRUE,7,FALSE,1,6,Trial,Medium,1
506,38,Male,Rangpur,Toys,390.29,31,Tablet,Cash on Delivery,TRUE,9,TRUE,5,2,Premium,Medium,1
507,46,Female,Dhaka,Groceries,513.19,52,Mobile,PayPal,TRUE,4,FALSE,3,6,Premium,High,2
508,30,Male,Khulna,Beauty,242.41,43,Mobile,PayPal,FALSE,6,FALSE,5,11,Free,Medium,1
509,57,Other,Sylhet,Clothing,70.31,45,Tablet,Credit Card,FALSE,8,FALSE,1,8,Premium,High,2
510,51,Male,Sylhet,Beauty,984.86,20,Desktop,Debit Card,FALSE,1,TRUE,3,13,Premium,Low,0
511,25,Female,Barisal,Beauty,161.49,34,Mobile,Debit Card,TRUE,4,FALSE,2,10,Trial,Medium,1
512,33,Male,Mymensingh,Toys,523.36,31,Tablet,Credit Card,FALSE,2,FALSE,1,8,Trial,Low,0
513,20,Female,Mymensingh,Sports,249.36,32,Tablet,Bank Transfer,TRUE,8,FALSE,1,11,Free,Low,0
514,41,Female,Rajshahi,Beauty,362.75,24,Desktop,Credit Card,TRUE,8,FALSE,4,10,Free,Low,0
515,52,Female,Dhaka,Toys,920.15,46,Mobile,PayPal,TRUE,2,FALSE,3,6,Premium,Medium,1
516,39,Male,Rangpur,Books,246.79,33,Desktop,PayPal,FALSE,9,TRUE,5,9,Premium,Medium,1
517,62,Other,Rajshahi,Books,729.81,46,Tablet,Bank Transfer,FALSE,3,FALSE,5,13,Trial,Low,0
518,26,Female,Khulna,Toys,864.5,21,Tablet,Credit Card,TRUE,4,TRUE,1,7,Trial,Medium,1
519,39,Female,Dhaka,Sports,724.64,55,Desktop,Bank Transfer,TRUE,1,FALSE,2,4,Premium,Low,0
520,32,Male,Rajshahi,Books,621.93,30,Tablet,PayPal,TRUE,8,FALSE,3,5,Trial,Medium,1
521,42,Male,Rangpur,Sports,629.68,51,Desktop,Bank Transfer,FALSE,8,TRUE,5,2,Free,Medium,1
522,63,Other,Barisal,Books,492.71,45,Tablet,Debit Card,FALSE,2,TRUE,1,5,Free,High,2
523,43,Other,Khulna,Sports,731.07,7,Desktop,PayPal,FALSE,8,TRUE,3,6,Premium,Medium,1
524,26,Male,Rajshahi,Toys,320.11,39,Mobile,Bank Transfer,TRUE,8,TRUE,5,5,Trial,Medium,1
525,43,Other,Sylhet,Toys,160.24,2,Desktop,Debit Card,FALSE,1,FALSE,5,13,Free,Low,0
526,64,Male,Dhaka,Beauty,479.58,37,Mobile,Credit Card,FALSE,9,FALSE,4,5,Trial,Low,0
527,33,Female,Rangpur,Electronics,618.99,32,Mobile,Bank Transfer,TRUE,2,TRUE,4,6,Free,High,2
528,64,Female,Sylhet,Toys,891.69,13,Mobile,Cash on Delivery,TRUE,5,TRUE,5,3,Free,High,2
529,53,Female,Rajshahi,Groceries,953.81,35,Mobile,Bank Transfer,FALSE,3,TRUE,4,7,Free,Medium,1
530,18,Other,Sylhet,Beauty,693.41,42,Mobile,PayPal,FALSE,8,FALSE,2,2,Free,Low,0
531,40,Male,Rangpur,Groceries,857.46,27,Tablet,Debit Card,FALSE,3,TRUE,3,7,Trial,Low,0
532,40,Male,Barisal,Home,73.42,31,Mobile,PayPal,FALSE,2,FALSE,2,2,Trial,Medium,1
533,22,Female,Sylhet,Sports,776.11,22,Mobile,Debit Card,TRUE,1,FALSE,1,13,Trial,High,2
534,53,Female,Rajshahi,Sports,737.99,34,Desktop,Cash on Delivery,TRUE,9,TRUE,2,6,Free,High,2
535,45,Male,Barisal,Electronics,134.87,14,Desktop,Bank Transfer,TRUE,2,FALSE,5,7,Free,High,2
536,42,Other,Chittagong,Sports,555.83,15,Tablet,Cash on Delivery,FALSE,5,FALSE,3,10,Premium,Low,0
537,56,Other,Khulna,Home,377.63,12,Tablet,Bank Transfer,TRUE,5,FALSE,4,4,Premium,High,2
538,31,Female,Chittagong,Toys,295.04,40,Tablet,Credit Card,TRUE,9,TRUE,5,9,Trial,Medium,1
539,48,Other,Khulna,Home,845.17,32,Mobile,Cash on Delivery,FALSE,9,TRUE,4,8,Trial,Low,0
540,56,Female,Khulna,Books,971.42,56,Tablet,Bank Transfer,TRUE,2,TRUE,2,7,Free,Medium,1
541,18,Male,Barisal,Groceries,485.44,32,Tablet,Credit Card,TRUE,4,TRUE,5,1,Trial,Medium,1
542,66,Male,Barisal,Home,926.04,59,Tablet,Bank Transfer,TRUE,9,TRUE,1,7,Premium,Medium,1
543,18,Other,Mymensingh,Home,374.62,47,Mobile,Bank Transfer,TRUE,6,FALSE,2,5,Premium,Low,0
544,67,Other,Chittagong,Sports,284.84,19,Desktop,Credit Card,FALSE,4,TRUE,5,3,Premium,High,2
545,23,Other,Chittagong,Electronics,737.61,25,Desktop,Credit Card,FALSE,8,TRUE,4,8,Free,High,2
546,34,Other,Mymensingh,Groceries,503.45,19,Desktop,Debit Card,FALSE,1,TRUE,2,3,Trial,Medium,1
547,61,Female,Rangpur,Books,72.72,30,Tablet,Debit Card,TRUE,4,FALSE,3,13,Premium,Medium,1
548,48,Male,Dhaka,Clothing,133.86,9,Desktop,Cash on Delivery,FALSE,3,TRUE,2,6,Free,Low,0
549,23,Female,Khulna,Books,690.74,33,Desktop,Credit Card,TRUE,7,FALSE,4,5,Premium,Medium,1
550,22,Male,Barisal,Beauty,36.43,41,Mobile,Credit Card,TRUE,7,FALSE,1,12,Free,Medium,1
551,43,Male,Khulna,Groceries,995.47,36,Tablet,Cash on Delivery,TRUE,6,TRUE,3,8,Premium,Low,0
552,50,Female,Chittagong,Toys,282.96,1,Desktop,Cash on Delivery,TRUE,3,FALSE,5,6,Trial,High,2
553,20,Other,Dhaka,Books,967.61,6,Desktop,Cash on Delivery,FALSE,9,FALSE,3,9,Trial,Medium,1
554,40,Female,Rajshahi,Clothing,188.49,36,Tablet,Debit Card,FALSE,5,TRUE,1,1,Trial,High,2
555,66,Male,Barisal,Books,908.22,8,Desktop,Bank Transfer,FALSE,4,FALSE,5,6,Premium,Medium,1
556,19,Other,Khulna,Electronics,932.83,17,Tablet,Cash on Delivery,FALSE,5,FALSE,1,4,Trial,High,2
557,23,Male,Mymensingh,Beauty,844.32,45,Desktop,Bank Transfer,FALSE,5,TRUE,1,10,Free,Medium,1
558,57,Female,Mymensingh,Home,14.22,47,Desktop,Bank Transfer,TRUE,5,FALSE,3,12,Premium,Low,0
559,43,Male,Dhaka,Beauty,305.98,13,Mobile,Credit Card,TRUE,4,TRUE,4,10,Premium,Medium,1
560,35,Male,Sylhet,Home,311.75,27,Tablet,Bank Transfer,TRUE,1,TRUE,4,13,Free,Medium,1
561,63,Male,Sylhet,Clothing,532.45,59,Desktop,Bank Transfer,FALSE,3,TRUE,4,2,Trial,Low,0
562,44,Female,Mymensingh,Books,190.51,46,Tablet,PayPal,FALSE,6,TRUE,2,1,Free,High,2
563,49,Other,Sylhet,Beauty,123.28,2,Tablet,PayPal,TRUE,3,TRUE,1,13,Premium,High,2
564,44,Male,Rangpur,Home,61.8,44,Mobile,Bank Transfer,TRUE,8,TRUE,3,1,Premium,High,2
565,27,Female,Rangpur,Toys,687.71,26,Mobile,PayPal,TRUE,1,TRUE,1,5,Free,High,2
566,27,Other,Chittagong,Sports,180.35,59,Mobile,PayPal,TRUE,8,FALSE,1,13,Trial,Low,0
567,43,Male,Dhaka,Toys,342.41,1,Mobile,Credit Card,TRUE,6,TRUE,5,2,Premium,Medium,1
568,64,Other,Khulna,Sports,414.9,24,Desktop,PayPal,FALSE,3,FALSE,5,10,Free,High,2
569,32,Male,Chittagong,Clothing,966.42,50,Mobile,Credit Card,TRUE,4,FALSE,5,3,Trial,Low,0
570,27,Male,Rajshahi,Books,412.05,25,Desktop,Credit Card,TRUE,3,FALSE,4,10,Trial,High,2
571,20,Female,Rangpur,Books,290.46,30,Desktop,Debit Card,FALSE,5,TRUE,3,11,Premium,High,2
572,42,Female,Sylhet,Books,958.97,35,Mobile,Credit Card,FALSE,5,TRUE,5,3,Trial,Low,0
573,56,Female,Chittagong,Electronics,377.2,54,Tablet,Bank Transfer,FALSE,1,FALSE,4,1,Trial,High,2
574,34,Female,Mymensingh,Groceries,591.98,41,Desktop,Bank Transfer,TRUE,3,FALSE,2,10,Trial,Low,0
575,21,Other,Chittagong,Groceries,198.98,14,Tablet,Credit Card,TRUE,5,FALSE,3,12,Trial,High,2
576,35,Male,Chittagong,Toys,877.16,27,Tablet,Credit Card,FALSE,4,FALSE,2,6,Free,Medium,1
577,31,Male,Rangpur,Toys,527.61,9,Mobile,PayPal,FALSE,6,TRUE,1,6,Free,High,2
578,66,Other,Sylhet,Home,814.35,45,Desktop,Credit Card,FALSE,6,TRUE,4,10,Premium,Medium,1
579,50,Female,Chittagong,Clothing,824.71,6,Tablet,Debit Card,TRUE,2,TRUE,2,2,Trial,High,2
580,51,Female,Rajshahi,Home,940.87,38,Tablet,PayPal,TRUE,1,TRUE,3,13,Free,Low,0
581,67,Female,Mymensingh,Groceries,552.02,41,Mobile,Cash on Delivery,TRUE,6,FALSE,2,11,Free,Low,0
582,64,Female,Rajshahi,Books,429.98,47,Mobile,Cash on Delivery,FALSE,4,TRUE,2,1,Trial,Medium,1
583,43,Other,Sylhet,Home,694.77,51,Mobile,Credit Card,TRUE,5,FALSE,2,4,Free,Medium,1
584,55,Female,Dhaka,Toys,7.96,29,Mobile,Debit Card,FALSE,9,TRUE,5,6,Premium,Low,0
585,36,Female,Mymensingh,Toys,125.59,19,Mobile,Bank Transfer,TRUE,8,FALSE,1,9,Trial,Low,0
586,44,Female,Barisal,Home,587.94,34,Desktop,Bank Transfer,TRUE,9,FALSE,5,10,Free,Medium,1
587,43,Male,Rangpur,Books,505.16,6,Tablet,Debit Card,TRUE,4,FALSE,2,13,Premium,Low,0
588,30,Other,Dhaka,Sports,945.13,46,Desktop,Credit Card,FALSE,1,FALSE,4,13,Premium,Low,0
589,22,Other,Chittagong,Beauty,230.59,13,Tablet,Credit Card,TRUE,2,FALSE,2,12,Trial,High,2
590,60,Other,Dhaka,Beauty,799.48,18,Tablet,Debit Card,FALSE,2,FALSE,3,11,Trial,High,2
591,66,Female,Mymensingh,Home,334.47,4,Tablet,Cash on Delivery,TRUE,2,TRUE,1,10,Premium,Medium,1
592,35,Female,Dhaka,Groceries,804.02,50,Desktop,PayPal,TRUE,8,TRUE,2,8,Premium,Medium,1
593,25,Male,Chittagong,Beauty,515.08,14,Tablet,Bank Transfer,TRUE,3,FALSE,2,4,Trial,Low,0
594,49,Male,Barisal,Beauty,917.47,44,Mobile,Credit Card,FALSE,8,FALSE,2,8,Trial,Medium,1
595,48,Other,Dhaka,Books,676.1,22,Desktop,Debit Card,TRUE,1,TRUE,2,7,Premium,High,2
596,53,Male,Mymensingh,Groceries,455.72,37,Tablet,Debit Card,FALSE,8,FALSE,3,9,Free,Medium,1
597,69,Other,Rangpur,Books,972.51,25,Tablet,Debit Card,TRUE,7,FALSE,5,12,Free,Low,0
598,65,Other,Rangpur,Beauty,620.86,26,Mobile,Cash on Delivery,FALSE,3,FALSE,3,3,Trial,High,2
599,25,Male,Rajshahi,Clothing,985.97,15,Desktop,Credit Card,FALSE,8,TRUE,5,12,Premium,Medium,1
600,24,Female,Sylhet,Toys,956.91,48,Desktop,Debit Card,FALSE,9,TRUE,1,13,Trial,High,2
601,43,Male,Rangpur,Groceries,319.98,54,Tablet,Credit Card,TRUE,7,FALSE,2,8,Free,Low,0
602,25,Male,Chittagong,Sports,636.42,53,Mobile,Bank Transfer,FALSE,2,FALSE,2,12,Premium,High,2
603,46,Male,Sylhet,Electronics,434.52,4,Desktop,Cash on Delivery,FALSE,6,FALSE,4,7,Free,High,2
604,43,Female,Barisal,Toys,929.26,35,Tablet,Debit Card,FALSE,2,FALSE,2,7,Premium,Medium,1
605,52,Male,Rajshahi,Clothing,532.3,30,Tablet,Debit Card,FALSE,7,TRUE,3,2,Trial,High,2
606,45,Female,Khulna,Clothing,704.91,7,Tablet,PayPal,TRUE,2,FALSE,1,3,Free,Low,0
607,58,Other,Rangpur,Clothing,779.15,58,Mobile,PayPal,FALSE,1,FALSE,2,7,Trial,High,2
608,68,Female,Rajshahi,Beauty,553.33,41,Tablet,Cash on Delivery,FALSE,9,FALSE,3,6,Trial,High,2
609,39,Other,Mymensingh,Groceries,403.18,50,Tablet,PayPal,FALSE,1,TRUE,4,5,Free,Medium,1
610,20,Other,Barisal,Groceries,386.87,4,Mobile,Cash on Delivery,TRUE,4,TRUE,4,10,Premium,Medium,1
611,54,Other,Rajshahi,Sports,156.09,29,Tablet,Credit Card,TRUE,6,TRUE,2,13,Trial,Low,0
612,43,Female,Sylhet,Groceries,11.11,34,Desktop,Bank Transfer,FALSE,9,FALSE,4,12,Trial,High,2
613,50,Female,Mymensingh,Toys,177.84,29,Tablet,Credit Card,FALSE,7,FALSE,4,11,Trial,High,2
614,37,Other,Sylhet,Clothing,908.05,24,Tablet,Debit Card,FALSE,1,FALSE,3,5,Free,Low,0
615,60,Other,Mymensingh,Home,486.01,17,Tablet,Bank Transfer,TRUE,7,TRUE,4,12,Premium,Low,0
616,18,Other,Mymensingh,Groceries,738.36,57,Desktop,Debit Card,TRUE,9,FALSE,1,6,Free,Low,0
617,64,Female,Sylhet,Toys,435.62,15,Mobile,Debit Card,FALSE,3,FALSE,3,6,Trial,Low,0
618,50,Other,Dhaka,Books,208.69,6,Tablet,Bank Transfer,TRUE,9,FALSE,5,13,Free,Medium,1
619,24,Female,Barisal,Groceries,399.96,34,Tablet,Credit Card,TRUE,5,FALSE,3,13,Free,Low,0
620,66,Other,Khulna,Clothing,915.74,17,Desktop,Debit Card,TRUE,9,FALSE,3,1,Free,Medium,1
621,21,Other,Chittagong,Clothing,821.31,30,Desktop,Credit Card,FALSE,9,TRUE,5,13,Free,Low,0
622,63,Other,Khulna,Home,618.56,21,Tablet,Debit Card,FALSE,7,FALSE,4,1,Trial,Medium,1
623,57,Female,Rajshahi,Home,938.31,15,Mobile,Credit Card,TRUE,5,FALSE,3,10,Premium,Low,0
624,42,Male,Khulna,Books,284.06,29,Tablet,PayPal,TRUE,4,TRUE,1,3,Free,Medium,1
625,52,Male,Mymensingh,Groceries,751.58,48,Tablet,Debit Card,TRUE,1,TRUE,3,7,Free,High,2
626,29,Male,Mymensingh,Sports,275.56,54,Mobile,Debit Card,FALSE,7,FALSE,5,1,Free,High,2
627,41,Other,Barisal,Books,118.84,1,Tablet,Cash on Delivery,FALSE,2,FALSE,3,9,Premium,Low,0
628,48,Other,Khulna,Books,100.11,31,Mobile,PayPal,FALSE,3,FALSE,3,10,Trial,Low,0
629,56,Female,Sylhet,Clothing,466.69,22,Tablet,Credit Card,TRUE,4,FALSE,4,1,Premium,Low,0
630,49,Female,Rangpur,Beauty,68.22,26,Desktop,Cash on Delivery,TRUE,9,TRUE,1,13,Free,Medium,1
631,22,Male,Chittagong,Books,998.74,18,Desktop,Debit Card,FALSE,2,FALSE,5,5,Trial,High,2
632,57,Female,Chittagong,Sports,842.21,56,Mobile,Debit Card,TRUE,7,TRUE,3,3,Free,High,2
633,36,Female,Chittagong,Electronics,28.34,18,Mobile,Credit Card,FALSE,1,TRUE,3,5,Premium,Low,0
634,24,Female,Sylhet,Groceries,693.26,42,Tablet,Credit Card,FALSE,7,FALSE,3,3,Premium,Low,0
635,45,Male,Sylhet,Toys,184.12,38,Mobile,Cash on Delivery,TRUE,4,TRUE,5,13,Premium,Low,0
636,27,Male,Dhaka,Books,672.41,8,Mobile,Debit Card,TRUE,6,TRUE,1,2,Premium,Low,0
637,57,Other,Chittagong,Electronics,136.93,40,Mobile,Bank Transfer,FALSE,3,TRUE,4,13,Trial,Medium,1
638,29,Other,Khulna,Electronics,904.35,10,Desktop,Cash on Delivery,TRUE,2,FALSE,3,9,Trial,High,2
639,49,Female,Sylhet,Toys,319.84,24,Mobile,Debit Card,TRUE,5,FALSE,4,10,Trial,Low,0
640,68,Female,Mymensingh,Clothing,719.42,18,Mobile,Cash on Delivery,FALSE,5,FALSE,2,6,Premium,Medium,1
641,26,Female,Khulna,Home,526.31,54,Tablet,Bank Transfer,FALSE,9,FALSE,1,6,Premium,Low,0
642,29,Male,Sylhet,Beauty,146.09,17,Desktop,Bank Transfer,FALSE,3,FALSE,3,4,Free,High,2
643,59,Other,Dhaka,Groceries,948.24,46,Tablet,Credit Card,FALSE,1,TRUE,4,10,Free,Low,0
644,62,Other,Khulna,Toys,651.96,43,Mobile,Cash on Delivery,FALSE,8,TRUE,1,10,Free,Low,0
645,51,Other,Barisal,Toys,379.62,3,Mobile,Credit Card,FALSE,8,FALSE,3,12,Free,Medium,1
646,33,Female,Rangpur,Toys,7.41,43,Tablet,Bank Transfer,FALSE,9,FALSE,4,1,Free,High,2
647,32,Female,Rangpur,Sports,141.2,29,Tablet,PayPal,TRUE,1,TRUE,4,13,Free,Medium,1
648,25,Other,Chittagong,Clothing,728.19,5,Tablet,Cash on Delivery,FALSE,7,TRUE,5,6,Trial,Medium,1
649,18,Male,Barisal,Home,353.5,56,Tablet,Cash on Delivery,TRUE,1,TRUE,4,9,Free,High,2
650,27,Female,Khulna,Toys,906.36,12,Desktop,Cash on Delivery,TRUE,7,FALSE,2,9,Trial,High,2
651,46,Male,Rangpur,Electronics,42.85,21,Tablet,Cash on Delivery,TRUE,2,FALSE,1,10,Trial,High,2
652,64,Other,Dhaka,Books,800.28,26,Tablet,Credit Card,TRUE,3,TRUE,2,1,Trial,High,2
653,43,Male,Mymensingh,Toys,497.59,16,Tablet,Debit Card,TRUE,2,FALSE,4,1,Free,Medium,1
654,63,Other,Chittagong,Home,74.66,55,Mobile,PayPal,TRUE,6,FALSE,3,11,Trial,High,2
655,38,Male,Rangpur,Sports,636.6,45,Mobile,Debit Card,TRUE,9,FALSE,4,7,Trial,High,2
656,52,Male,Dhaka,Beauty,424.01,24,Tablet,Bank Transfer,FALSE,5,TRUE,4,6,Premium,Low,0
657,26,Female,Rajshahi,Toys,222.74,6,Mobile,Debit Card,TRUE,5,TRUE,1,4,Premium,Medium,1
658,61,Male,Rajshahi,Books,847.85,35,Mobile,PayPal,TRUE,4,FALSE,2,3,Trial,Medium,1
659,35,Female,Barisal,Books,975.11,34,Mobile,Cash on Delivery,FALSE,4,FALSE,3,7,Trial,High,2
660,41,Female,Rajshahi,Toys,951.24,59,Desktop,PayPal,TRUE,3,FALSE,2,1,Trial,Low,0
661,48,Other,Rangpur,Toys,990.13,5,Mobile,PayPal,TRUE,6,TRUE,1,11,Free,Low,0
662,62,Female,Rajshahi,Books,430.3,2,Mobile,Bank Transfer,TRUE,3,TRUE,4,3,Free,Medium,1
663,56,Male,Mymensingh,Electronics,669.74,23,Tablet,Bank Transfer,FALSE,2,TRUE,4,4,Premium,Low,0
664,35,Male,Rajshahi,Home,433.2,57,Tablet,PayPal,FALSE,1,TRUE,5,4,Free,Low,0
665,66,Other,Barisal,Home,580.74,3,Desktop,Credit Card,TRUE,7,TRUE,2,10,Free,Low,0
666,54,Female,Khulna,Sports,996.14,19,Desktop,Debit Card,TRUE,6,FALSE,5,3,Premium,Low,0
667,68,Female,Khulna,Groceries,973.43,18,Tablet,Bank Transfer,FALSE,2,FALSE,5,1,Free,High,2
668,31,Male,Rangpur,Groceries,618.23,11,Desktop,PayPal,FALSE,5,TRUE,4,4,Trial,Low,0
669,63,Female,Sylhet,Groceries,953.96,48,Mobile,Cash on Delivery,TRUE,6,TRUE,2,10,Trial,Low,0
670,68,Male,Dhaka,Clothing,894.76,33,Mobile,Bank Transfer,FALSE,3,TRUE,2,10,Premium,High,2
671,36,Other,Dhaka,Books,536.48,55,Mobile,Cash on Delivery,FALSE,9,TRUE,2,9,Trial,High,2
672,21,Female,Rangpur,Beauty,177.92,54,Desktop,Bank Transfer,FALSE,6,FALSE,3,13,Free,High,2
673,33,Other,Khulna,Beauty,291.1,13,Tablet,Cash on Delivery,TRUE,7,FALSE,5,1,Premium,High,2
674,28,Male,Barisal,Sports,736.77,16,Tablet,Cash on Delivery,TRUE,7,TRUE,3,9,Trial,Medium,1
675,51,Female,Chittagong,Beauty,218.48,1,Mobile,Cash on Delivery,FALSE,6,TRUE,5,4,Premium,Low,0
676,67,Female,Mymensingh,Electronics,846.12,48,Mobile,PayPal,TRUE,6,FALSE,2,3,Premium,High,2
677,62,Male,Barisal,Toys,236.3,55,Desktop,Cash on Delivery,FALSE,4,FALSE,5,10,Premium,High,2
678,31,Male,Khulna,Toys,20.21,56,Desktop,PayPal,TRUE,6,TRUE,1,1,Trial,Medium,1
679,34,Male,Dhaka,Beauty,167.85,33,Mobile,Bank Transfer,TRUE,8,TRUE,5,2,Trial,High,2
680,69,Female,Sylhet,Sports,110.23,57,Desktop,Cash on Delivery,TRUE,5,TRUE,3,8,Premium,Medium,1
681,52,Female,Khulna,Beauty,165.15,19,Mobile,Bank Transfer,FALSE,7,TRUE,5,9,Trial,Low,0
682,55,Male,Rajshahi,Sports,271.28,30,Tablet,Debit Card,TRUE,5,FALSE,3,11,Free,Low,0
683,53,Female,Rajshahi,Home,395.76,21,Tablet,Credit Card,FALSE,7,TRUE,5,13,Trial,Medium,1
684,18,Other,Chittagong,Groceries,818.85,54,Mobile,Cash on Delivery,FALSE,5,FALSE,2,2,Premium,High,2
685,29,Other,Mymensingh,Beauty,629.89,49,Desktop,Cash on Delivery,FALSE,6,TRUE,4,3,Premium,Medium,1
686,48,Female,Sylhet,Groceries,999.93,53,Tablet,Debit Card,FALSE,8,FALSE,4,3,Free,Low,0
687,18,Other,Sylhet,Electronics,701.3,20,Tablet,PayPal,FALSE,8,FALSE,3,1,Trial,Low,0
688,63,Other,Barisal,Toys,507.86,1,Mobile,Credit Card,FALSE,8,TRUE,3,12,Trial,Low,0
689,28,Other,Barisal,Groceries,352.04,5,Mobile,Debit Card,FALSE,3,TRUE,4,7,Free,Low,0
690,31,Other,Sylhet,Clothing,571.43,34,Mobile,Bank Transfer,TRUE,2,TRUE,3,2,Premium,Low,0
691,41,Male,Mymensingh,Beauty,922.83,4,Tablet,Credit Card,TRUE,3,FALSE,3,4,Free,Medium,1
692,36,Female,Chittagong,Electronics,680,2,Tablet,Bank Transfer,FALSE,1,TRUE,1,1,Premium,High,2
693,61,Female,Barisal,Home,707.62,8,Tablet,Cash on Delivery,TRUE,8,FALSE,4,13,Premium,High,2
694,33,Male,Rajshahi,Electronics,515.48,16,Mobile,Credit Card,FALSE,6,TRUE,1,6,Trial,Medium,1
695,47,Male,Rangpur,Groceries,860.36,49,Desktop,Credit Card,TRUE,8,FALSE,1,9,Premium,High,2
696,30,Other,Mymensingh,Toys,407.39,16,Desktop,Cash on Delivery,TRUE,5,TRUE,1,7,Free,High,2
697,69,Other,Khulna,Home,283.29,35,Desktop,Debit Card,TRUE,2,FALSE,5,7,Trial,High,2
698,61,Male,Sylhet,Books,832.38,54,Tablet,Debit Card,TRUE,9,TRUE,1,7,Trial,Low,0
699,43,Other,Dhaka,Home,766.62,30,Tablet,Credit Card,FALSE,3,FALSE,1,13,Trial,Low,0
700,26,Female,Barisal,Home,258.04,40,Mobile,Debit Card,TRUE,8,FALSE,4,6,Premium,High,2
701,23,Female,Sylhet,Electronics,421.9,50,Desktop,Credit Card,TRUE,4,TRUE,5,6,Free,Medium,1
702,66,Female,Chittagong,Groceries,761.93,58,Mobile,Bank Transfer,TRUE,6,TRUE,1,10,Free,Medium,1
703,45,Female,Khulna,Books,262.33,36,Tablet,Debit Card,FALSE,3,FALSE,3,3,Free,High,2
704,29,Male,Chittagong,Home,295.71,1,Mobile,PayPal,TRUE,5,TRUE,3,2,Trial,High,2
705,66,Male,Dhaka,Sports,767.06,50,Desktop,Credit Card,TRUE,4,FALSE,3,13,Trial,High,2
706,37,Other,Dhaka,Toys,382.11,20,Tablet,Cash on Delivery,FALSE,1,TRUE,4,1,Free,High,2
707,51,Other,Mymensingh,Home,360.2,29,Desktop,Bank Transfer,FALSE,4,FALSE,2,7,Free,Low,0
708,69,Male,Rangpur,Sports,460.86,23,Tablet,Cash on Delivery,FALSE,1,FALSE,3,10,Trial,Low,0
709,40,Female,Khulna,Toys,856.18,2,Tablet,Bank Transfer,TRUE,9,TRUE,3,3,Trial,High,2
710,67,Male,Khulna,Electronics,77.06,17,Desktop,Debit Card,TRUE,5,TRUE,1,8,Free,Low,0
711,54,Female,Barisal,Beauty,420.29,14,Mobile,Credit Card,FALSE,9,TRUE,4,11,Trial,Medium,1
712,36,Male,Chittagong,Books,522.45,16,Tablet,Cash on Delivery,TRUE,2,TRUE,2,4,Trial,High,2
713,53,Female,Barisal,Home,985.14,12,Mobile,PayPal,TRUE,1,FALSE,1,4,Trial,Low,0
714,24,Other,Dhaka,Sports,60.81,40,Desktop,Cash on Delivery,FALSE,1,FALSE,1,13,Trial,High,2
715,41,Male,Dhaka,Clothing,849.67,23,Desktop,PayPal,FALSE,7,FALSE,3,2,Free,Low,0
716,60,Male,Dhaka,Toys,681.76,5,Mobile,Credit Card,FALSE,4,FALSE,5,4,Premium,Low,0
717,43,Male,Khulna,Beauty,561.64,22,Desktop,Debit Card,TRUE,4,TRUE,1,3,Trial,Medium,1
718,27,Female,Sylhet,Electronics,882.9,31,Mobile,Bank Transfer,TRUE,4,TRUE,3,8,Free,Low,0
719,36,Male,Sylhet,Clothing,574.51,42,Desktop,Bank Transfer,TRUE,1,FALSE,2,5,Premium,High,2
720,50,Female,Chittagong,Groceries,673.47,16,Tablet,Bank Transfer,FALSE,6,FALSE,5,1,Premium,Low,0
721,58,Other,Sylhet,Home,25.09,11,Desktop,Debit Card,FALSE,2,FALSE,5,2,Premium,Medium,1
722,48,Male,Khulna,Clothing,92.67,53,Mobile,Bank Transfer,FALSE,7,FALSE,4,4,Trial,High,2
723,26,Female,Barisal,Electronics,625.06,28,Tablet,Cash on Delivery,TRUE,1,TRUE,3,12,Free,Medium,1
724,54,Male,Chittagong,Home,406.89,24,Desktop,Debit Card,FALSE,4,FALSE,4,9,Free,Medium,1
725,67,Female,Dhaka,Clothing,270.55,14,Mobile,Debit Card,FALSE,7,TRUE,1,2,Free,Low,0
726,37,Female,Rajshahi,Beauty,224.14,14,Mobile,PayPal,TRUE,6,TRUE,4,7,Free,Medium,1
727,47,Female,Mymensingh,Groceries,823.21,43,Desktop,PayPal,TRUE,9,TRUE,3,9,Premium,Low,0
728,55,Male,Barisal,Books,691.9,48,Tablet,PayPal,TRUE,5,FALSE,1,10,Free,High,2
729,69,Female,Barisal,Groceries,821.98,41,Mobile,Bank Transfer,TRUE,7,TRUE,3,12,Premium,High,2
730,34,Male,Barisal,Home,57.26,18,Tablet,Credit Card,FALSE,7,TRUE,2,11,Trial,High,2
731,63,Female,Barisal,Books,696.16,23,Desktop,Bank Transfer,FALSE,4,TRUE,3,13,Trial,High,2
732,59,Female,Barisal,Beauty,378.04,30,Tablet,Cash on Delivery,TRUE,1,TRUE,2,12,Premium,High,2
733,41,Other,Dhaka,Toys,482.01,13,Desktop,Debit Card,FALSE,4,TRUE,4,11,Trial,Low,0
734,64,Female,Mymensingh,Beauty,13.44,16,Desktop,Debit Card,TRUE,8,FALSE,1,2,Trial,High,2
735,43,Other,Dhaka,Electronics,155.72,56,Mobile,Cash on Delivery,TRUE,6,TRUE,5,5,Trial,Low,0
736,47,Other,Mymensingh,Electronics,557,47,Desktop,Bank Transfer,FALSE,4,FALSE,3,7,Trial,Medium,1
737,20,Other,Chittagong,Sports,178.47,42,Mobile,Bank Transfer,TRUE,7,FALSE,5,6,Free,Low,0
738,38,Female,Chittagong,Sports,289.82,17,Desktop,Cash on Delivery,TRUE,7,TRUE,1,10,Premium,Low,0
739,24,Female,Dhaka,Toys,897.98,43,Tablet,Debit Card,TRUE,8,FALSE,4,2,Trial,Medium,1
740,53,Male,Khulna,Sports,192.55,49,Mobile,PayPal,FALSE,9,FALSE,2,2,Trial,Low,0
741,27,Male,Mymensingh,Home,161.96,25,Tablet,PayPal,TRUE,6,FALSE,2,9,Trial,Low,0
742,46,Male,Chittagong,Books,901.52,53,Desktop,Debit Card,FALSE,5,TRUE,4,7,Free,High,2
743,31,Male,Mymensingh,Sports,691.43,50,Mobile,Debit Card,TRUE,8,FALSE,1,7,Trial,Medium,1
744,69,Other,Rangpur,Sports,848.34,46,Tablet,Debit Card,FALSE,3,TRUE,1,1,Premium,Medium,1
745,46,Male,Khulna,Clothing,984.86,45,Mobile,Debit Card,TRUE,1,FALSE,2,13,Trial,Low,0
746,38,Male,Mymensingh,Toys,771.06,42,Tablet,Credit Card,FALSE,6,FALSE,2,10,Trial,High,2
747,57,Female,Mymensingh,Clothing,898.43,43,Tablet,PayPal,TRUE,6,TRUE,3,5,Premium,High,2
748,39,Male,Rajshahi,Beauty,587.77,30,Mobile,PayPal,FALSE,3,TRUE,1,10,Free,Medium,1
749,29,Male,Dhaka,Beauty,739.71,16,Desktop,Bank Transfer,FALSE,1,FALSE,3,12,Free,Medium,1
750,39,Female,Dhaka,Home,590.22,35,Tablet,PayPal,TRUE,1,TRUE,1,11,Free,High,2
751,61,Male,Rangpur,Electronics,215.96,10,Mobile,Bank Transfer,TRUE,8,FALSE,2,12,Trial,Low,0
752,52,Female,Khulna,Books,147.44,32,Desktop,Cash on Delivery,FALSE,3,TRUE,4,4,Free,High,2
753,35,Male,Sylhet,Clothing,857.37,10,Tablet,PayPal,FALSE,2,FALSE,4,2,Trial,High,2
754,54,Other,Dhaka,Home,476.8,59,Mobile,Debit Card,TRUE,1,TRUE,5,6,Trial,Low,0
755,19,Female,Mymensingh,Sports,205.36,2,Desktop,Cash on Delivery,TRUE,9,FALSE,3,4,Trial,Medium,1
756,28,Other,Mymensingh,Toys,27.79,54,Mobile,Credit Card,TRUE,8,TRUE,4,9,Trial,High,2
757,46,Male,Rangpur,Books,988.12,55,Desktop,Credit Card,TRUE,5,FALSE,2,1,Premium,Low,0
758,20,Other,Barisal,Groceries,512.55,57,Mobile,Cash on Delivery,FALSE,2,TRUE,5,3,Trial,High,2
759,23,Male,Dhaka,Groceries,618.11,47,Desktop,Debit Card,TRUE,8,TRUE,5,11,Free,High,2
760,26,Male,Dhaka,Electronics,280.35,12,Desktop,Credit Card,FALSE,2,TRUE,5,7,Trial,Low,0
761,48,Female,Sylhet,Books,303.04,50,Desktop,PayPal,TRUE,1,TRUE,4,13,Trial,High,2
762,51,Male,Sylhet,Sports,22.42,37,Mobile,Credit Card,TRUE,4,FALSE,5,4,Free,Low,0
763,44,Other,Chittagong,Clothing,662.23,39,Mobile,Credit Card,TRUE,1,FALSE,2,13,Premium,High,2
764,46,Other,Rajshahi,Electronics,700.76,55,Desktop,Debit Card,FALSE,1,TRUE,3,12,Premium,Medium,1
765,62,Other,Rajshahi,Electronics,130.46,6,Desktop,Cash on Delivery,FALSE,9,FALSE,5,9,Trial,Low,0
766,51,Other,Sylhet,Sports,967.5,17,Tablet,PayPal,TRUE,9,FALSE,5,3,Free,Medium,1
767,45,Other,Mymensingh,Home,323.46,11,Tablet,PayPal,FALSE,8,TRUE,3,3,Trial,Low,0
768,57,Female,Rangpur,Groceries,69.47,50,Desktop,Cash on Delivery,TRUE,2,TRUE,4,9,Premium,High,2
769,40,Other,Rangpur,Groceries,347.22,52,Desktop,Debit Card,TRUE,9,FALSE,5,2,Free,Medium,1
770,39,Female,Chittagong,Toys,138.94,5,Mobile,PayPal,TRUE,5,TRUE,2,9,Free,High,2
771,53,Female,Khulna,Beauty,86.03,50,Mobile,Bank Transfer,TRUE,6,TRUE,3,2,Trial,Low,0
772,44,Female,Khulna,Sports,820.04,56,Desktop,Cash on Delivery,TRUE,9,TRUE,4,4,Free,Low,0
773,44,Female,Sylhet,Groceries,178.03,39,Mobile,Cash on Delivery,FALSE,9,TRUE,4,8,Trial,Medium,1
774,52,Male,Rangpur,Groceries,665.46,57,Mobile,Credit Card,FALSE,7,TRUE,2,13,Trial,High,2
775,64,Male,Dhaka,Groceries,994.89,50,Mobile,Bank Transfer,FALSE,1,FALSE,4,7,Free,High,2
776,25,Female,Mymensingh,Electronics,971.37,15,Desktop,Bank Transfer,FALSE,8,TRUE,2,10,Free,Medium,1
777,29,Other,Khulna,Clothing,427.49,54,Mobile,Cash on Delivery,FALSE,6,FALSE,1,5,Premium,High,2
778,28,Female,Chittagong,Groceries,993.14,8,Desktop,Cash on Delivery,TRUE,1,FALSE,2,5,Trial,Medium,1
779,60,Male,Dhaka,Toys,690.78,6,Desktop,PayPal,TRUE,5,TRUE,4,8,Premium,Medium,1
780,47,Male,Rajshahi,Toys,46.93,44,Tablet,Debit Card,TRUE,5,TRUE,1,13,Free,Low,0
781,34,Other,Barisal,Electronics,841.79,9,Tablet,PayPal,FALSE,7,FALSE,2,5,Trial,Medium,1
782,24,Male,Mymensingh,Home,145.17,32,Desktop,PayPal,TRUE,5,TRUE,3,6,Free,Medium,1
783,46,Other,Rajshahi,Home,530.07,21,Tablet,Credit Card,FALSE,4,TRUE,2,9,Trial,High,2
784,61,Male,Barisal,Groceries,708.37,51,Desktop,Bank Transfer,FALSE,8,FALSE,5,6,Premium,High,2
785,50,Male,Chittagong,Books,42.64,16,Mobile,Cash on Delivery,FALSE,9,FALSE,5,3,Premium,Medium,1
786,51,Female,Sylhet,Sports,752.6,36,Mobile,Debit Card,TRUE,2,FALSE,5,7,Free,Medium,1
787,60,Other,Rajshahi,Books,632.13,29,Tablet,Credit Card,FALSE,9,FALSE,4,9,Free,High,2
788,64,Other,Sylhet,Clothing,961.71,43,Desktop,Debit Card,TRUE,5,TRUE,1,3,Trial,Medium,1
789,22,Male,Barisal,Groceries,47.21,40,Tablet,Credit Card,FALSE,5,FALSE,5,9,Trial,High,2
790,36,Male,Barisal,Electronics,10.22,25,Desktop,Debit Card,TRUE,7,FALSE,3,11,Free,Low,0
791,46,Other,Barisal,Toys,95.1,31,Mobile,Debit Card,FALSE,2,FALSE,2,7,Trial,Medium,1
792,57,Other,Sylhet,Clothing,29.89,4,Mobile,Debit Card,TRUE,4,FALSE,5,13,Trial,Low,0
793,62,Male,Mymensingh,Toys,989.72,50,Mobile,Credit Card,TRUE,2,TRUE,5,13,Free,Low,0
794,48,Female,Sylhet,Groceries,190.82,45,Mobile,PayPal,TRUE,4,TRUE,3,13,Premium,Low,0
795,68,Other,Dhaka,Books,749.36,9,Tablet,PayPal,FALSE,4,FALSE,3,12,Premium,Medium,1
796,53,Female,Mymensingh,Books,111.55,52,Desktop,Cash on Delivery,TRUE,2,TRUE,2,2,Premium,Medium,1
797,66,Other,Rangpur,Groceries,133.51,15,Tablet,Debit Card,TRUE,1,FALSE,2,7,Premium,Medium,1
798,29,Female,Khulna,Home,800.3,58,Tablet,Cash on Delivery,FALSE,2,TRUE,5,1,Free,High,2
799,38,Male,Rangpur,Clothing,16.19,16,Desktop,Debit Card,TRUE,5,TRUE,5,12,Premium,High,2
800,18,Female,Chittagong,Beauty,664.75,50,Mobile,Debit Card,TRUE,9,FALSE,4,9,Trial,Medium,1
801,36,Other,Khulna,Toys,836.1,2,Desktop,Credit Card,FALSE,3,TRUE,1,5,Trial,Medium,1
802,45,Other,Sylhet,Groceries,366.89,15,Tablet,Debit Card,FALSE,2,TRUE,4,13,Premium,High,2
803,37,Other,Rangpur,Toys,378.29,13,Tablet,Credit Card,TRUE,3,TRUE,3,8,Trial,Medium,1
804,19,Male,Sylhet,Books,543.72,50,Mobile,Bank Transfer,TRUE,8,TRUE,2,7,Free,Medium,1
805,60,Other,Rajshahi,Books,761.18,37,Desktop,Bank Transfer,FALSE,4,FALSE,2,12,Free,Low,0
806,26,Female,Sylhet,Home,76.72,16,Mobile,PayPal,FALSE,5,TRUE,2,5,Free,Medium,1
807,45,Female,Rangpur,Toys,301.39,7,Mobile,Debit Card,FALSE,8,FALSE,4,6,Free,Medium,1
808,52,Female,Rajshahi,Home,463.95,18,Desktop,PayPal,FALSE,5,FALSE,5,6,Premium,Low,0
809,26,Male,Chittagong,Groceries,425.84,41,Mobile,PayPal,FALSE,5,TRUE,3,9,Premium,Low,0
810,40,Female,Barisal,Beauty,701.65,42,Tablet,Cash on Delivery,TRUE,8,TRUE,3,3,Premium,Low,0
811,36,Female,Rajshahi,Groceries,527.22,19,Desktop,Cash on Delivery,FALSE,9,FALSE,3,1,Premium,High,2
812,31,Female,Chittagong,Electronics,475.27,30,Desktop,Cash on Delivery,TRUE,5,TRUE,1,1,Premium,Medium,1
813,35,Female,Rajshahi,Beauty,624.65,2,Desktop,Credit Card,FALSE,1,TRUE,1,11,Free,Low,0
814,51,Male,Sylhet,Home,854.77,52,Mobile,Debit Card,TRUE,4,FALSE,2,2,Premium,Low,0
815,55,Male,Rangpur,Electronics,6.3,1,Tablet,Cash on Delivery,TRUE,4,FALSE,1,6,Free,Medium,1
816,43,Male,Dhaka,Toys,523.87,46,Mobile,Bank Transfer,TRUE,4,TRUE,4,12,Trial,Medium,1
817,19,Other,Rajshahi,Sports,508.51,1,Tablet,Bank Transfer,FALSE,5,FALSE,3,3,Premium,High,2
818,38,Male,Barisal,Books,623.05,56,Desktop,PayPal,FALSE,9,FALSE,4,11,Premium,Medium,1
819,18,Female,Rangpur,Sports,336.74,52,Mobile,Cash on Delivery,TRUE,4,FALSE,4,12,Trial,High,2
820,37,Other,Mymensingh,Beauty,696.47,17,Desktop,Cash on Delivery,FALSE,9,FALSE,1,13,Premium,Medium,1
821,61,Female,Rajshahi,Electronics,77.9,1,Desktop,Debit Card,TRUE,1,FALSE,3,12,Free,Low,0
822,26,Other,Khulna,Home,871.54,16,Mobile,Cash on Delivery,TRUE,3,FALSE,2,3,Trial,Medium,1
823,69,Other,Rajshahi,Toys,163.29,20,Tablet,Credit Card,TRUE,4,TRUE,3,7,Trial,High,2
824,27,Other,Mymensingh,Sports,929.5,1,Tablet,PayPal,FALSE,5,FALSE,4,12,Trial,Medium,1
825,67,Other,Chittagong,Home,729.13,13,Mobile,Debit Card,TRUE,7,FALSE,5,7,Free,High,2
826,68,Other,Rangpur,Sports,447.28,1,Tablet,Debit Card,FALSE,5,FALSE,1,8,Free,Low,0
827,55,Female,Rajshahi,Sports,663.63,59,Tablet,Debit Card,FALSE,3,FALSE,2,9,Premium,Low,0
828,28,Female,Rangpur,Beauty,769.48,19,Mobile,PayPal,FALSE,8,FALSE,4,2,Free,Medium,1
829,68,Male,Rajshahi,Beauty,741.32,22,Mobile,PayPal,TRUE,3,FALSE,5,4,Premium,Medium,1
830,25,Female,Chittagong,Electronics,384.16,36,Desktop,Credit Card,FALSE,9,FALSE,4,12,Premium,Medium,1
831,62,Female,Rajshahi,Books,422.44,5,Mobile,PayPal,TRUE,2,TRUE,3,2,Free,Low,0
832,39,Male,Barisal,Books,625.88,20,Tablet,PayPal,TRUE,9,TRUE,4,3,Premium,Medium,1
833,42,Female,Rajshahi,Beauty,676.82,56,Mobile,Debit Card,FALSE,4,FALSE,3,10,Free,Low,0
834,33,Female,Mymensingh,Home,40.89,50,Tablet,Credit Card,TRUE,1,FALSE,3,12,Free,High,2
835,25,Female,Rangpur,Electronics,80.06,27,Desktop,Cash on Delivery,FALSE,7,TRUE,4,9,Premium,Low,0
836,36,Female,Rajshahi,Groceries,217.94,49,Mobile,Bank Transfer,TRUE,1,TRUE,3,12,Trial,Low,0
837,30,Female,Rangpur,Clothing,800.67,56,Tablet,Credit Card,FALSE,8,TRUE,2,4,Premium,Medium,1
838,34,Other,Chittagong,Books,500.47,54,Tablet,Cash on Delivery,FALSE,8,TRUE,2,12,Free,Low,0
839,54,Female,Barisal,Groceries,933.76,41,Tablet,PayPal,TRUE,9,TRUE,2,4,Trial,Medium,1
840,33,Male,Chittagong,Electronics,903.75,57,Desktop,Credit Card,FALSE,8,FALSE,1,2,Free,Medium,1
841,44,Other,Rangpur,Electronics,528.25,46,Tablet,Cash on Delivery,FALSE,5,FALSE,1,9,Premium,Medium,1
842,33,Other,Rajshahi,Electronics,97.95,27,Mobile,PayPal,FALSE,4,FALSE,3,4,Premium,Low,0
843,19,Other,Chittagong,Electronics,560.24,27,Mobile,Bank Transfer,FALSE,9,FALSE,5,6,Free,High,2
844,38,Female,Mymensingh,Books,679.66,9,Desktop,Cash on Delivery,FALSE,4,TRUE,2,6,Premium,Low,0
845,31,Male,Rajshahi,Beauty,792.06,8,Desktop,Cash on Delivery,FALSE,2,FALSE,3,13,Free,Low,0
846,50,Female,Barisal,Sports,116.41,11,Mobile,Bank Transfer,FALSE,6,FALSE,3,3,Premium,Low,0
847,55,Male,Dhaka,Books,758.83,6,Mobile,Debit Card,FALSE,2,TRUE,1,6,Trial,High,2
848,67,Other,Sylhet,Clothing,673.29,28,Desktop,Bank Transfer,FALSE,7,FALSE,4,10,Free,Medium,1
849,20,Male,Mymensingh,Home,731.5,55,Desktop,Credit Card,TRUE,1,FALSE,2,3,Premium,Medium,1
850,31,Female,Chittagong,Groceries,394.46,1,Mobile,PayPal,FALSE,2,TRUE,4,13,Free,Medium,1
851,38,Male,Barisal,Sports,309.83,59,Mobile,Bank Transfer,FALSE,3,FALSE,5,12,Premium,Medium,1
852,61,Female,Rajshahi,Groceries,640.84,43,Tablet,Debit Card,TRUE,1,TRUE,1,6,Trial,Low,0
853,65,Other,Rajshahi,Books,906.36,55,Mobile,Bank Transfer,TRUE,8,TRUE,1,1,Trial,High,2
854,69,Male,Rangpur,Electronics,307.52,11,Tablet,Debit Card,FALSE,4,FALSE,2,4,Premium,Medium,1
855,46,Male,Sylhet,Books,854.45,52,Desktop,Cash on Delivery,TRUE,8,TRUE,1,3,Free,Medium,1
856,46,Male,Mymensingh,Groceries,846.33,29,Desktop,Cash on Delivery,TRUE,1,TRUE,3,5,Free,High,2
857,56,Male,Rangpur,Sports,353.56,25,Mobile,Debit Card,FALSE,9,TRUE,5,4,Free,Medium,1
858,57,Male,Mymensingh,Sports,534.53,11,Mobile,Bank Transfer,TRUE,6,TRUE,4,11,Premium,Medium,1
859,29,Male,Chittagong,Beauty,352.39,59,Desktop,Cash on Delivery,FALSE,2,FALSE,1,1,Trial,Low,0
860,28,Other,Mymensingh,Sports,383.54,59,Tablet,PayPal,TRUE,4,TRUE,2,4,Premium,High,2
861,55,Other,Rajshahi,Books,20.39,1,Tablet,Bank Transfer,FALSE,6,TRUE,3,8,Free,Low,0
862,53,Male,Rajshahi,Toys,165.99,12,Tablet,Cash on Delivery,TRUE,7,TRUE,3,8,Premium,High,2
863,68,Male,Rangpur,Sports,588.66,5,Desktop,PayPal,TRUE,4,FALSE,5,3,Premium,Low,0
864,46,Female,Khulna,Clothing,957.41,29,Tablet,Credit Card,TRUE,6,TRUE,5,4,Free,High,2
865,64,Male,Barisal,Toys,41.75,27,Tablet,Debit Card,FALSE,2,TRUE,2,7,Trial,Low,0
866,18,Female,Rangpur,Sports,583.11,34,Mobile,Debit Card,FALSE,6,TRUE,3,1,Trial,Medium,1
867,21,Other,Khulna,Electronics,237.59,30,Desktop,Debit Card,FALSE,3,FALSE,4,5,Premium,High,2
868,57,Male,Khulna,Clothing,539.57,52,Mobile,Credit Card,TRUE,3,FALSE,4,8,Free,High,2
869,42,Female,Mymensingh,Beauty,419.68,42,Tablet,Cash on Delivery,TRUE,3,TRUE,1,12,Premium,Low,0
870,47,Female,Rajshahi,Books,298.37,23,Mobile,Bank Transfer,TRUE,6,TRUE,5,5,Premium,Medium,1
871,23,Female,Khulna,Home,110.86,35,Desktop,Bank Transfer,TRUE,8,FALSE,2,2,Premium,Medium,1
872,69,Other,Barisal,Home,822.21,19,Desktop,Debit Card,FALSE,5,TRUE,2,10,Trial,High,2
873,44,Other,Mymensingh,Electronics,491.7,2,Tablet,Cash on Delivery,FALSE,4,FALSE,5,11,Free,Low,0
874,59,Other,Sylhet,Sports,788.42,30,Desktop,Debit Card,FALSE,5,TRUE,3,8,Premium,Low,0
875,29,Male,Chittagong,Sports,276.25,16,Mobile,Bank Transfer,FALSE,1,TRUE,3,1,Free,Medium,1
876,38,Female,Barisal,Groceries,599.13,8,Tablet,PayPal,TRUE,5,TRUE,4,3,Premium,Low,0
877,44,Other,Chittagong,Beauty,261.14,35,Tablet,PayPal,FALSE,1,FALSE,3,9,Trial,Medium,1
878,68,Male,Barisal,Home,983.19,6,Mobile,Bank Transfer,TRUE,5,TRUE,3,6,Trial,Medium,1
879,68,Male,Sylhet,Home,85.18,8,Tablet,Debit Card,FALSE,2,TRUE,3,2,Premium,Medium,1
880,34,Male,Chittagong,Toys,174.19,40,Desktop,PayPal,TRUE,4,FALSE,4,11,Premium,High,2
881,59,Female,Sylhet,Toys,172.9,25,Tablet,PayPal,TRUE,7,TRUE,5,9,Free,Medium,1
882,36,Female,Khulna,Groceries,264.42,38,Desktop,PayPal,FALSE,8,TRUE,5,13,Free,Medium,1
883,34,Male,Barisal,Clothing,36.26,17,Mobile,PayPal,TRUE,2,TRUE,1,10,Premium,High,2
884,36,Female,Rangpur,Clothing,901.15,55,Desktop,Cash on Delivery,FALSE,7,TRUE,1,12,Trial,Medium,1
885,23,Male,Khulna,Books,584.52,39,Mobile,Debit Card,TRUE,6,FALSE,4,10,Premium,Low,0
886,32,Male,Khulna,Sports,621.87,10,Tablet,PayPal,TRUE,1,FALSE,4,13,Premium,High,2
887,19,Male,Dhaka,Groceries,689.84,37,Mobile,PayPal,FALSE,8,FALSE,2,10,Free,Low,0
888,60,Other,Mymensingh,Books,706.73,44,Tablet,Bank Transfer,TRUE,1,FALSE,3,10,Premium,High,2
889,49,Other,Rajshahi,Sports,63.84,42,Tablet,Bank Transfer,TRUE,3,TRUE,4,13,Free,Medium,1
890,44,Female,Rajshahi,Clothing,671.5,42,Tablet,Cash on Delivery,FALSE,9,TRUE,1,4,Free,Medium,1
891,42,Male,Khulna,Groceries,414.91,4,Tablet,Cash on Delivery,TRUE,1,TRUE,1,10,Premium,Medium,1
892,59,Male,Rajshahi,Beauty,199.34,20,Mobile,Bank Transfer,FALSE,3,FALSE,2,4,Trial,Low,0
893,46,Other,Mymensingh,Home,868.45,36,Desktop,Credit Card,FALSE,3,FALSE,2,4,Premium,Medium,1
894,69,Female,Khulna,Home,428.71,50,Tablet,Cash on Delivery,TRUE,6,FALSE,5,13,Free,Medium,1
895,69,Male,Rangpur,Home,577.31,45,Mobile,Bank Transfer,TRUE,5,TRUE,2,5,Premium,High,2
896,22,Male,Barisal,Electronics,475.96,22,Desktop,Credit Card,TRUE,9,TRUE,2,7,Trial,High,2
897,19,Female,Barisal,Home,307.83,3,Mobile,Credit Card,FALSE,5,TRUE,2,4,Trial,High,2
898,65,Other,Rajshahi,Groceries,789.43,25,Tablet,Cash on Delivery,TRUE,2,TRUE,4,11,Trial,Medium,1
899,57,Male,Rangpur,Sports,582.23,58,Desktop,Debit Card,FALSE,4,FALSE,4,11,Premium,Medium,1
900,19,Male,Chittagong,Books,806.62,2,Tablet,Debit Card,TRUE,7,TRUE,2,12,Trial,Medium,1
901,21,Female,Mymensingh,Sports,576.23,9,Mobile,Bank Transfer,FALSE,7,FALSE,3,10,Premium,Low,0
902,31,Other,Barisal,Electronics,871.5,35,Desktop,Debit Card,TRUE,1,TRUE,4,11,Premium,Low,0
903,38,Other,Rangpur,Electronics,987.79,5,Desktop,Cash on Delivery,TRUE,1,TRUE,3,5,Free,Medium,1
904,18,Female,Chittagong,Beauty,106.7,12,Mobile,Debit Card,TRUE,6,TRUE,2,11,Free,Medium,1
905,31,Other,Dhaka,Toys,149.62,22,Tablet,PayPal,FALSE,5,TRUE,1,3,Premium,Medium,1
906,50,Other,Rajshahi,Sports,400.76,30,Desktop,Cash on Delivery,TRUE,4,FALSE,4,6,Trial,High,2
907,19,Other,Khulna,Home,692.23,7,Tablet,Credit Card,FALSE,1,FALSE,4,12,Free,High,2
908,62,Other,Rajshahi,Books,333.12,37,Tablet,Bank Transfer,FALSE,4,FALSE,3,4,Premium,Medium,1
909,56,Female,Mymensingh,Clothing,75.97,10,Tablet,Credit Card,TRUE,1,FALSE,5,11,Free,Low,0
910,28,Male,Chittagong,Sports,83.73,18,Mobile,Bank Transfer,FALSE,1,TRUE,4,10,Free,Medium,1
911,23,Female,Rangpur,Sports,816.4,46,Desktop,Credit Card,TRUE,5,TRUE,2,13,Trial,High,2
912,61,Male,Barisal,Books,7.35,35,Desktop,PayPal,TRUE,6,FALSE,3,13,Free,Medium,1
913,49,Female,Mymensingh,Beauty,716.58,15,Desktop,Debit Card,TRUE,1,TRUE,2,8,Trial,High,2
914,55,Male,Rangpur,Clothing,737.86,36,Tablet,Credit Card,TRUE,2,FALSE,1,5,Premium,Low,0
915,22,Female,Mymensingh,Home,919.79,31,Mobile,Bank Transfer,TRUE,2,TRUE,4,3,Premium,Medium,1
916,47,Other,Dhaka,Sports,185.52,46,Desktop,PayPal,TRUE,4,FALSE,1,3,Premium,Medium,1
917,55,Male,Mymensingh,Toys,450.18,56,Desktop,Debit Card,FALSE,5,TRUE,2,4,Free,Low,0
918,48,Female,Rangpur,Beauty,860.53,11,Tablet,Bank Transfer,FALSE,1,TRUE,3,9,Premium,High,2
919,38,Female,Barisal,Books,178.22,23,Mobile,Credit Card,TRUE,2,TRUE,2,5,Premium,Low,0
920,63,Female,Rangpur,Beauty,679.61,7,Desktop,PayPal,FALSE,5,FALSE,5,9,Premium,Low,0
921,24,Other,Barisal,Electronics,397.49,8,Mobile,Cash on Delivery,TRUE,9,TRUE,2,8,Trial,Medium,1
922,57,Female,Rajshahi,Sports,315.96,58,Tablet,Debit Card,FALSE,8,TRUE,1,4,Trial,Medium,1
923,55,Female,Mymensingh,Beauty,80.13,49,Tablet,Cash on Delivery,TRUE,8,TRUE,3,4,Trial,Medium,1
924,62,Other,Rajshahi,Home,329.44,46,Mobile,Bank Transfer,FALSE,4,TRUE,2,1,Trial,Low,0
925,34,Female,Barisal,Beauty,298.33,39,Mobile,PayPal,TRUE,9,FALSE,4,10,Free,High,2
926,63,Other,Dhaka,Electronics,98.73,56,Desktop,Credit Card,FALSE,9,TRUE,4,1,Premium,Low,0
927,42,Female,Mymensingh,Sports,428.23,24,Desktop,Debit Card,FALSE,8,TRUE,4,2,Premium,Medium,1
928,60,Male,Rangpur,Beauty,234.28,48,Tablet,Cash on Delivery,TRUE,8,FALSE,2,7,Premium,Medium,1
929,68,Male,Mymensingh,Books,856.36,57,Mobile,PayPal,FALSE,7,FALSE,4,12,Premium,Low,0
930,48,Other,Rajshahi,Toys,796.65,10,Tablet,Debit Card,FALSE,8,FALSE,3,1,Premium,High,2
931,54,Male,Dhaka,Electronics,20.08,1,Mobile,PayPal,TRUE,7,TRUE,3,5,Trial,High,2
932,46,Other,Barisal,Home,835.39,34,Tablet,Debit Card,TRUE,3,TRUE,1,12,Free,Low,0
933,19,Female,Rangpur,Books,598.32,31,Desktop,Debit Card,FALSE,9,FALSE,2,11,Trial,High,2
934,55,Female,Khulna,Beauty,835.38,25,Tablet,Bank Transfer,FALSE,6,FALSE,3,11,Premium,High,2
935,23,Male,Khulna,Groceries,519.9,15,Desktop,Credit Card,TRUE,7,TRUE,3,2,Trial,Low,0
936,57,Male,Sylhet,Toys,359.36,47,Desktop,PayPal,FALSE,6,TRUE,5,7,Premium,Low,0
937,68,Female,Rangpur,Electronics,601.69,59,Desktop,PayPal,FALSE,3,FALSE,3,2,Trial,Medium,1
938,63,Female,Sylhet,Toys,475.25,18,Tablet,Bank Transfer,FALSE,6,FALSE,4,11,Trial,Low,0
939,26,Male,Dhaka,Electronics,668.86,57,Desktop,Bank Transfer,TRUE,3,TRUE,4,13,Free,Medium,1
940,40,Other,Mymensingh,Sports,643.73,20,Tablet,Credit Card,FALSE,7,FALSE,5,11,Free,Low,0
941,28,Other,Rangpur,Sports,78.27,48,Mobile,Bank Transfer,FALSE,6,TRUE,5,13,Trial,Low,0
942,36,Male,Khulna,Groceries,745.54,35,Mobile,PayPal,TRUE,6,TRUE,4,1,Premium,Low,0
943,45,Other,Khulna,Electronics,172.44,32,Tablet,Bank Transfer,TRUE,4,TRUE,4,1,Premium,Medium,1
944,20,Other,Barisal,Clothing,38.97,5,Desktop,Credit Card,TRUE,1,TRUE,3,3,Free,Low,0
945,23,Other,Rangpur,Toys,771.07,43,Mobile,PayPal,FALSE,6,FALSE,3,12,Premium,Low,0
946,62,Male,Dhaka,Books,690.34,40,Desktop,Credit Card,FALSE,3,TRUE,3,12,Free,High,2
947,53,Other,Khulna,Sports,416.77,20,Desktop,Credit Card,FALSE,8,TRUE,2,9,Trial,Low,0
948,56,Female,Khulna,Groceries,618.96,19,Tablet,Credit Card,TRUE,6,FALSE,1,12,Trial,High,2
949,56,Female,Khulna,Beauty,356.87,37,Mobile,Bank Transfer,FALSE,4,FALSE,3,8,Trial,Medium,1
950,23,Male,Barisal,Beauty,656.12,13,Tablet,Cash on Delivery,FALSE,5,FALSE,5,4,Trial,High,2
951,34,Female,Khulna,Toys,523.07,59,Tablet,Cash on Delivery,TRUE,8,FALSE,4,11,Free,Medium,1
952,26,Male,Rajshahi,Books,880.8,49,Mobile,PayPal,FALSE,7,TRUE,3,4,Free,Medium,1
953,36,Male,Rajshahi,Home,517.24,30,Desktop,Credit Card,TRUE,6,FALSE,1,10,Trial,Medium,1
954,37,Other,Mymensingh,Home,857.2,46,Mobile,PayPal,TRUE,3,TRUE,1,7,Premium,High,2
955,62,Other,Mymensingh,Books,403.01,56,Tablet,Credit Card,FALSE,8,FALSE,3,13,Premium,High,2
956,65,Other,Chittagong,Groceries,121.36,19,Tablet,Cash on Delivery,TRUE,9,FALSE,4,12,Trial,Medium,1
957,41,Other,Rangpur,Toys,257.62,18,Tablet,PayPal,TRUE,3,TRUE,4,5,Trial,Medium,1
958,64,Other,Sylhet,Groceries,726.5,37,Tablet,Cash on Delivery,TRUE,9,TRUE,5,10,Premium,Medium,1
959,28,Male,Rangpur,Toys,637.28,28,Desktop,Bank Transfer,TRUE,8,FALSE,3,2,Free,High,2
960,24,Female,Mymensingh,Sports,129.9,58,Desktop,PayPal,FALSE,2,TRUE,4,12,Free,Low,0
961,65,Male,Rangpur,Clothing,466.53,13,Mobile,Credit Card,FALSE,5,FALSE,3,13,Trial,Low,0
962,24,Other,Khulna,Clothing,500.6,42,Desktop,Credit Card,TRUE,5,TRUE,2,4,Premium,High,2
963,62,Male,Barisal,Groceries,413.07,7,Desktop,Debit Card,FALSE,9,FALSE,2,3,Premium,High,2
964,47,Female,Chittagong,Books,105,12,Desktop,Bank Transfer,TRUE,3,TRUE,1,1,Trial,Low,0
965,26,Other,Rangpur,Electronics,526.77,58,Mobile,Debit Card,FALSE,1,TRUE,2,2,Trial,Low,0
966,19,Male,Khulna,Home,96.05,36,Desktop,PayPal,TRUE,1,FALSE,2,4,Trial,High,2
967,47,Other,Chittagong,Beauty,500.53,54,Mobile,Cash on Delivery,FALSE,2,FALSE,1,1,Trial,High,2
968,38,Other,Chittagong,Home,594.16,2,Desktop,Cash on Delivery,TRUE,5,FALSE,3,4,Premium,High,2
969,59,Male,Rangpur,Toys,990.15,58,Desktop,Debit Card,FALSE,4,FALSE,3,5,Trial,High,2
970,51,Other,Sylhet,Home,712.39,39,Tablet,Bank Transfer,TRUE,5,TRUE,1,9,Trial,Low,0
971,27,Other,Dhaka,Clothing,533.57,3,Mobile,PayPal,FALSE,1,TRUE,1,5,Trial,High,2
972,19,Male,Mymensingh,Sports,162.15,4,Mobile,Debit Card,TRUE,7,FALSE,3,8,Trial,Low,0
973,28,Other,Rangpur,Toys,436.6,40,Mobile,PayPal,FALSE,6,FALSE,3,4,Free,Medium,1
974,44,Male,Sylhet,Toys,567.97,7,Desktop,Debit Card,FALSE,2,FALSE,4,2,Free,Low,0
975,53,Other,Chittagong,Electronics,588.86,49,Desktop,Bank Transfer,FALSE,9,TRUE,4,7,Trial,Medium,1
976,44,Female,Mymensingh,Electronics,656.59,15,Tablet,PayPal,TRUE,4,FALSE,5,1,Premium,Low,0
977,27,Other,Dhaka,Clothing,34.67,40,Desktop,Debit Card,FALSE,4,FALSE,4,6,Free,Low,0
978,48,Other,Mymensingh,Groceries,881.04,36,Mobile,Cash on Delivery,FALSE,5,TRUE,5,7,Free,Medium,1
979,25,Female,Rajshahi,Groceries,341.84,5,Mobile,Debit Card,FALSE,9,TRUE,5,9,Trial,High,2
980,31,Female,Rangpur,Clothing,245.84,49,Desktop,Cash on Delivery,TRUE,1,TRUE,1,3,Premium,Low,0
981,51,Other,Mymensingh,Beauty,336.93,1,Mobile,Debit Card,FALSE,1,TRUE,5,3,Premium,High,2
982,36,Male,Khulna,Home,475.13,4,Desktop,Credit Card,FALSE,9,TRUE,3,4,Free,High,2
983,50,Male,Mymensingh,Beauty,318.57,53,Desktop,Cash on Delivery,TRUE,4,FALSE,5,2,Free,High,2
984,44,Female,Mymensingh,Books,881.78,34,Tablet,PayPal,FALSE,1,FALSE,2,4,Free,Medium,1
985,45,Female,Chittagong,Beauty,9.32,49,Tablet,PayPal,TRUE,7,TRUE,1,6,Free,Low,0
986,27,Male,Barisal,Electronics,742.49,58,Mobile,Debit Card,TRUE,2,TRUE,3,5,Trial,High,2
987,49,Male,Barisal,Electronics,510.61,37,Desktop,Debit Card,TRUE,3,FALSE,3,5,Free,High,2
988,19,Other,Barisal,Books,546.5,57,Desktop,Bank Transfer,FALSE,3,TRUE,4,3,Trial,Low,0
989,31,Female,Dhaka,Sports,867,23,Mobile,Credit Card,FALSE,8,FALSE,5,4,Premium,Low,0
990,38,Other,Mymensingh,Electronics,912.94,17,Mobile,Credit Card,FALSE,9,TRUE,3,9,Free,High,2
991,55,Other,Barisal,Home,76.46,31,Desktop,Cash on Delivery,TRUE,5,FALSE,1,1,Trial,High,2
992,29,Other,Chittagong,Groceries,722.05,34,Desktop,Cash on Delivery,FALSE,7,FALSE,2,8,Free,Low,0
993,30,Female,Dhaka,Home,961.07,33,Mobile,PayPal,TRUE,8,TRUE,1,12,Premium,Low,0
994,21,Other,Mymensingh,Toys,811.53,16,Desktop,Bank Transfer,FALSE,1,TRUE,2,3,Free,High,2
995,44,Female,Mymensingh,Groceries,527.26,49,Desktop,Cash on Delivery,TRUE,2,TRUE,3,11,Premium,Medium,1
996,49,Other,Khulna,Groceries,908.86,26,Tablet,Credit Card,TRUE,3,TRUE,5,2,Premium,High,2
997,66,Male,Khulna,Sports,110.29,34,Desktop,Cash on Delivery,FALSE,2,TRUE,2,10,Premium,Low,0
998,60,Female,Khulna,Clothing,663.84,12,Tablet,Debit Card,FALSE,9,TRUE,1,10,Free,Low,0
999,52,Female,Sylhet,Books,592.2,55,Desktop,Credit Card,FALSE,9,FALSE,5,3,Trial,Low,0
1000,34,Male,Khulna,Sports,802,26,Mobile,Credit Card,FALSE,2,FALSE,1,12,Free,Low,0
1001,51,Other,Barisal,Clothing,628,58,Tablet,Debit Card,TRUE,1,FALSE,2,10,Trial,Low,0
1002,41,Male,Sylhet,Electronics,735.25,23,Mobile,PayPal,TRUE,4,TRUE,3,4,Free,Medium,1
1003,61,Female,Chittagong,Clothing,509.54,34,Desktop,Bank Transfer,TRUE,4,TRUE,3,7,Free,Low,0
1004,42,Other,Rangpur,Groceries,801.57,32,Mobile,Debit Card,TRUE,8,TRUE,3,11,Free,Low,0
1005,64,Male,Rajshahi,Home,761.54,18,Mobile,PayPal,FALSE,6,FALSE,3,7,Free,High,2
1006,69,Female,Khulna,Electronics,47.04,42,Mobile,Bank Transfer,FALSE,7,FALSE,4,11,Free,Low,0
1007,42,Other,Sylhet,Books,710.1,55,Desktop,Cash on Delivery,FALSE,2,FALSE,5,10,Free,High,2
1008,31,Male,Dhaka,Electronics,372.6,21,Desktop,PayPal,TRUE,8,TRUE,4,7,Premium,High,2
1009,48,Other,Dhaka,Home,170.83,56,Desktop,Credit Card,FALSE,1,FALSE,1,12,Trial,High,2
1010,37,Female,Khulna,Beauty,836.92,14,Tablet,Bank Transfer,TRUE,5,TRUE,5,5,Trial,Low,0
1011,64,Other,Barisal,Clothing,169.31,10,Desktop,Cash on Delivery,TRUE,9,FALSE,3,4,Free,Medium,1
1012,45,Female,Chittagong,Beauty,349.55,26,Mobile,Debit Card,TRUE,3,FALSE,1,6,Free,High,2
1013,69,Female,Dhaka,Home,205.13,12,Mobile,Debit Card,TRUE,1,TRUE,3,5,Free,Medium,1
1014,20,Male,Rangpur,Beauty,440.26,36,Mobile,Credit Card,TRUE,2,TRUE,2,2,Trial,High,2
1015,57,Other,Khulna,Beauty,955.19,47,Desktop,PayPal,TRUE,5,FALSE,2,11,Trial,High,2
1016,58,Female,Barisal,Books,546.64,3,Desktop,PayPal,TRUE,7,TRUE,2,12,Premium,High,2
1017,36,Female,Barisal,Books,963.32,38,Mobile,Bank Transfer,TRUE,2,FALSE,1,11,Free,High,2
1018,22,Female,Sylhet,Electronics,778.92,1,Tablet,Cash on Delivery,TRUE,1,FALSE,1,12,Trial,High,2
1019,55,Male,Barisal,Home,991.88,35,Tablet,Debit Card,FALSE,7,FALSE,4,12,Premium,Medium,1
1020,58,Male,Chittagong,Toys,304.9,39,Mobile,Cash on Delivery,FALSE,6,FALSE,4,8,Free,Low,0
1021,60,Female,Khulna,Sports,803.9,53,Desktop,Bank Transfer,TRUE,2,FALSE,5,8,Free,High,2
1022,41,Female,Khulna,Electronics,536.66,5,Tablet,PayPal,FALSE,1,TRUE,1,9,Trial,High,2
1023,28,Female,Chittagong,Clothing,287.35,49,Tablet,Cash on Delivery,FALSE,2,TRUE,2,7,Premium,Medium,1
1024,64,Male,Mymensingh,Home,495.53,5,Tablet,PayPal,FALSE,9,TRUE,3,12,Premium,Medium,1
1025,47,Male,Khulna,Groceries,267.24,33,Mobile,PayPal,TRUE,9,TRUE,3,13,Trial,High,2
1026,68,Female,Mymensingh,Books,770.81,36,Tablet,PayPal,FALSE,7,FALSE,4,7,Premium,Medium,1
1027,52,Male,Barisal,Beauty,149.26,5,Desktop,Cash on Delivery,TRUE,9,FALSE,5,10,Trial,High,2
1028,55,Female,Barisal,Beauty,470.55,25,Desktop,PayPal,FALSE,1,TRUE,4,11,Trial,Low,0
1029,29,Female,Dhaka,Groceries,429.21,56,Tablet,Cash on Delivery,FALSE,3,TRUE,3,11,Premium,High,2
1030,69,Other,Rajshahi,Groceries,70.45,43,Mobile,Cash on Delivery,TRUE,6,FALSE,1,11,Free,Low,0
1031,19,Female,Dhaka,Clothing,157.32,16,Tablet,Credit Card,TRUE,8,TRUE,1,9,Premium,Medium,1
1032,52,Male,Rajshahi,Groceries,51.12,37,Tablet,PayPal,FALSE,7,TRUE,5,12,Trial,Low,0
1033,41,Other,Mymensingh,Beauty,834.12,23,Mobile,Cash on Delivery,TRUE,3,TRUE,4,12,Premium,High,2
1034,66,Male,Rangpur,Home,353.76,20,Mobile,PayPal,FALSE,5,FALSE,2,6,Trial,Medium,1
1035,21,Male,Rajshahi,Clothing,580.82,12,Tablet,PayPal,FALSE,1,TRUE,5,2,Premium,High,2
1036,28,Female,Sylhet,Groceries,922.58,40,Tablet,PayPal,FALSE,6,TRUE,4,12,Free,Medium,1
1037,28,Other,Chittagong,Sports,593.16,53,Tablet,Bank Transfer,TRUE,3,TRUE,3,9,Trial,High,2
1038,60,Female,Rajshahi,Beauty,399.87,4,Tablet,Debit Card,FALSE,2,TRUE,4,4,Free,Low,0
1039,28,Female,Dhaka,Toys,709,45,Mobile,PayPal,FALSE,3,FALSE,4,11,Premium,Medium,1
1040,51,Male,Rajshahi,Toys,547.34,52,Tablet,PayPal,TRUE,1,TRUE,4,10,Free,High,2
1041,50,Male,Sylhet,Toys,130.39,36,Tablet,PayPal,FALSE,3,TRUE,4,5,Premium,Medium,1
1042,42,Male,Barisal,Groceries,186.83,39,Tablet,Cash on Delivery,FALSE,2,FALSE,3,2,Free,High,2
1043,29,Female,Rajshahi,Groceries,685.49,31,Mobile,Debit Card,TRUE,3,FALSE,5,1,Trial,Medium,1
1044,69,Male,Rajshahi,Books,384.79,21,Tablet,Bank Transfer,FALSE,2,TRUE,2,5,Free,High,2
1045,31,Female,Sylhet,Clothing,633.47,41,Mobile,PayPal,TRUE,4,FALSE,5,6,Premium,High,2
1046,43,Female,Khulna,Clothing,70.69,22,Desktop,Debit Card,FALSE,9,FALSE,1,9,Trial,Low,0
1047,20,Male,Khulna,Sports,538.69,7,Mobile,Cash on Delivery,FALSE,5,FALSE,1,3,Premium,Low,0
1048,21,Female,Dhaka,Clothing,890.8,32,Mobile,PayPal,FALSE,1,TRUE,4,5,Free,Medium,1
1049,61,Male,Barisal,Sports,947.38,59,Tablet,PayPal,FALSE,1,FALSE,1,13,Premium,High,2
1050,46,Other,Chittagong,Home,322.22,37,Mobile,Bank Transfer,FALSE,3,FALSE,2,1,Trial,Medium,1
1051,36,Other,Sylhet,Toys,782.52,19,Mobile,Cash on Delivery,TRUE,5,TRUE,3,4,Free,Medium,1
1052,43,Other,Chittagong,Toys,895.81,11,Mobile,Cash on Delivery,FALSE,8,FALSE,3,6,Trial,Low,0
1053,63,Other,Rangpur,Books,32.61,47,Tablet,Cash on Delivery,FALSE,7,FALSE,3,10,Free,Medium,1
1054,48,Male,Mymensingh,Clothing,667.25,17,Desktop,PayPal,TRUE,3,FALSE,5,5,Trial,Low,0
1055,27,Other,Dhaka,Toys,322.55,16,Mobile,Credit Card,TRUE,5,TRUE,1,8,Trial,High,2
1056,49,Male,Mymensingh,Beauty,146.1,36,Mobile,Cash on Delivery,FALSE,5,TRUE,1,11,Trial,Medium,1
1057,69,Male,Barisal,Electronics,107.92,28,Tablet,PayPal,TRUE,5,FALSE,3,10,Trial,Medium,1
1058,47,Female,Chittagong,Toys,67.59,45,Tablet,PayPal,FALSE,8,FALSE,3,4,Premium,Low,0
1059,48,Other,Rajshahi,Clothing,263.13,16,Tablet,PayPal,TRUE,1,TRUE,1,5,Free,Low,0
1060,33,Female,Khulna,Clothing,874.2,21,Tablet,Bank Transfer,TRUE,9,FALSE,3,6,Premium,Medium,1
1061,51,Male,Rangpur,Beauty,709.32,55,Mobile,Cash on Delivery,TRUE,6,FALSE,1,6,Free,Medium,1
1062,46,Other,Rajshahi,Home,643.66,39,Mobile,Cash on Delivery,TRUE,8,TRUE,5,12,Premium,Low,0
1063,20,Male,Chittagong,Toys,11.73,34,Mobile,PayPal,TRUE,8,FALSE,1,1,Premium,Low,0
1064,28,Female,Mymensingh,Electronics,349.11,36,Tablet,Cash on Delivery,TRUE,1,FALSE,3,13,Trial,Medium,1
1065,23,Male,Chittagong,Beauty,266.1,35,Mobile,Bank Transfer,FALSE,9,FALSE,2,7,Trial,Medium,1
1066,43,Male,Barisal,Beauty,404.89,33,Mobile,Debit Card,FALSE,8,TRUE,4,9,Trial,High,2
1067,63,Female,Dhaka,Electronics,208.51,54,Desktop,Cash on Delivery,FALSE,1,FALSE,3,8,Premium,Medium,1
1068,37,Other,Mymensingh,Clothing,260.95,25,Tablet,Bank Transfer,TRUE,9,FALSE,4,4,Premium,Low,0
1069,67,Other,Sylhet,Sports,264.6,42,Mobile,Debit Card,TRUE,8,TRUE,5,7,Premium,High,2
1070,67,Female,Mymensingh,Home,56.42,29,Mobile,PayPal,TRUE,6,FALSE,4,5,Trial,Medium,1
1071,22,Female,Rajshahi,Clothing,288.6,54,Desktop,Cash on Delivery,FALSE,5,FALSE,5,8,Trial,High,2
1072,31,Other,Rajshahi,Electronics,501.89,29,Tablet,Credit Card,TRUE,6,FALSE,1,4,Free,Medium,1
1073,52,Other,Rangpur,Groceries,90.82,43,Mobile,Debit Card,TRUE,3,FALSE,5,6,Premium,Low,0
1074,30,Female,Rajshahi,Beauty,550.42,24,Tablet,Cash on Delivery,FALSE,1,FALSE,1,3,Premium,High,2
1075,60,Female,Mymensingh,Home,563.04,38,Mobile,Debit Card,FALSE,1,TRUE,5,5,Premium,Low,0
1076,32,Female,Dhaka,Beauty,220.57,10,Desktop,Bank Transfer,FALSE,6,TRUE,1,4,Free,Low,0
1077,29,Male,Dhaka,Groceries,213.03,28,Mobile,Credit Card,TRUE,9,FALSE,4,5,Premium,Low,0
1078,33,Female,Chittagong,Groceries,220.34,37,Mobile,Bank Transfer,FALSE,7,TRUE,5,5,Premium,Medium,1
1079,18,Other,Chittagong,Beauty,990.77,49,Mobile,Bank Transfer,TRUE,3,TRUE,5,12,Trial,Medium,1
1080,65,Male,Sylhet,Toys,126.13,17,Desktop,PayPal,FALSE,7,FALSE,5,6,Free,Medium,1
1081,27,Male,Rangpur,Electronics,156.03,5,Mobile,Debit Card,FALSE,1,FALSE,4,1,Premium,High,2
1082,49,Male,Khulna,Home,743.72,4,Mobile,PayPal,TRUE,1,TRUE,4,4,Free,Low,0
1083,44,Female,Barisal,Books,770.22,18,Mobile,Debit Card,TRUE,5,TRUE,1,11,Premium,Low,0
1084,41,Male,Dhaka,Sports,275.59,9,Mobile,Cash on Delivery,FALSE,8,TRUE,5,13,Trial,Low,0
1085,49,Other,Rajshahi,Groceries,815.69,57,Tablet,Cash on Delivery,FALSE,2,TRUE,2,6,Trial,Low,0
1086,48,Male,Sylhet,Electronics,507.31,49,Tablet,Credit Card,TRUE,9,FALSE,5,13,Free,Medium,1
1087,25,Male,Dhaka,Sports,893.28,27,Tablet,Cash on Delivery,FALSE,1,TRUE,1,5,Free,Medium,1
1088,18,Male,Rajshahi,Beauty,307.23,17,Desktop,Debit Card,FALSE,1,FALSE,5,2,Premium,High,2
1089,27,Female,Rajshahi,Books,844.79,10,Mobile,Debit Card,TRUE,1,TRUE,1,13,Premium,High,2
1090,32,Male,Mymensingh,Toys,428.11,54,Mobile,Bank Transfer,FALSE,6,FALSE,5,4,Premium,Medium,1
1091,57,Male,Chittagong,Home,550.4,48,Mobile,Bank Transfer,FALSE,2,FALSE,1,11,Free,High,2
1092,69,Other,Chittagong,Home,133.32,16,Desktop,PayPal,TRUE,4,TRUE,5,7,Free,Medium,1
1093,62,Female,Barisal,Books,50.99,28,Desktop,PayPal,FALSE,3,TRUE,2,5,Free,Low,0
1094,53,Female,Barisal,Beauty,629.19,16,Desktop,Cash on Delivery,FALSE,9,FALSE,3,10,Premium,Medium,1
1095,35,Female,Dhaka,Books,932.53,35,Tablet,Cash on Delivery,TRUE,8,FALSE,1,8,Trial,High,2
1096,34,Male,Dhaka,Groceries,482.09,12,Tablet,PayPal,TRUE,7,TRUE,1,2,Premium,Low,0
1097,51,Male,Dhaka,Beauty,779.37,19,Tablet,Bank Transfer,TRUE,8,TRUE,1,7,Trial,High,2
1098,69,Other,Barisal,Toys,66.36,9,Mobile,PayPal,TRUE,6,TRUE,4,11,Free,Medium,1
1099,51,Female,Rangpur,Electronics,150.07,23,Desktop,PayPal,TRUE,4,FALSE,2,8,Premium,Medium,1
1100,49,Male,Dhaka,Clothing,734.96,14,Tablet,Debit Card,FALSE,5,TRUE,4,10,Free,High,2
1101,43,Other,Mymensingh,Clothing,732.97,23,Desktop,PayPal,FALSE,4,TRUE,3,5,Free,Medium,1
1102,38,Other,Mymensingh,Beauty,453.13,23,Mobile,PayPal,TRUE,6,TRUE,5,11,Premium,Medium,1
1103,33,Other,Khulna,Toys,164.46,8,Desktop,Debit Card,TRUE,2,TRUE,4,11,Premium,High,2
1104,53,Female,Dhaka,Home,899.38,27,Mobile,Cash on Delivery,TRUE,6,FALSE,1,1,Free,Low,0
1105,39,Male,Chittagong,Beauty,178.68,6,Mobile,Credit Card,FALSE,5,TRUE,4,8,Free,Medium,1
1106,46,Male,Dhaka,Books,488.92,42,Mobile,Debit Card,FALSE,5,TRUE,5,11,Free,Low,0
1107,43,Other,Rangpur,Books,483.15,7,Tablet,Credit Card,FALSE,9,FALSE,4,5,Trial,High,2
1108,66,Male,Rangpur,Groceries,45.02,49,Tablet,PayPal,FALSE,2,FALSE,4,5,Free,Medium,1
1109,33,Female,Barisal,Sports,959.34,28,Mobile,Credit Card,TRUE,6,FALSE,1,3,Premium,Medium,1
1110,66,Male,Rangpur,Electronics,207.32,28,Desktop,Cash on Delivery,FALSE,9,FALSE,5,2,Trial,Low,0
1111,55,Male,Khulna,Beauty,865.09,50,Tablet,Debit Card,TRUE,6,FALSE,2,2,Free,High,2
1112,35,Other,Rajshahi,Home,569.12,19,Tablet,Credit Card,TRUE,6,FALSE,1,2,Trial,Low,0
1113,67,Female,Sylhet,Electronics,763.48,21,Tablet,Cash on Delivery,TRUE,9,FALSE,3,4,Free,High,2
1114,36,Other,Mymensingh,Beauty,375.25,10,Mobile,Bank Transfer,FALSE,6,TRUE,1,8,Premium,High,2
1115,51,Female,Khulna,Electronics,591.33,26,Tablet,Bank Transfer,FALSE,7,TRUE,2,7,Free,Low,0
1116,53,Female,Rajshahi,Sports,436.53,7,Tablet,Bank Transfer,TRUE,5,FALSE,1,8,Premium,Medium,1
1117,20,Female,Mymensingh,Toys,81.88,49,Mobile,Debit Card,TRUE,7,TRUE,2,1,Free,Low,0
1118,43,Male,Khulna,Books,397.23,31,Desktop,Bank Transfer,TRUE,5,FALSE,4,11,Premium,Low,0
1119,58,Other,Sylhet,Groceries,551.93,54,Mobile,Credit Card,TRUE,4,FALSE,2,4,Premium,High,2
1120,22,Other,Khulna,Beauty,331.3,5,Tablet,Credit Card,FALSE,4,TRUE,1,4,Premium,Medium,1
1121,65,Other,Rajshahi,Toys,255.55,8,Mobile,PayPal,TRUE,6,FALSE,2,6,Premium,Low,0
1122,32,Female,Rajshahi,Electronics,559.67,10,Mobile,Cash on Delivery,TRUE,6,TRUE,3,11,Trial,High,2
1123,65,Female,Mymensingh,Beauty,787.99,57,Tablet,Credit Card,TRUE,2,TRUE,3,11,Free,High,2
1124,25,Male,Mymensingh,Sports,313.29,34,Mobile,Cash on Delivery,TRUE,8,TRUE,1,13,Premium,Medium,1
1125,29,Female,Rangpur,Home,993.26,36,Mobile,PayPal,TRUE,7,FALSE,2,1,Premium,Low,0
1126,42,Female,Khulna,Toys,758.75,52,Tablet,Debit Card,TRUE,3,FALSE,2,11,Free,Low,0
1127,68,Other,Sylhet,Toys,508.84,19,Mobile,Debit Card,TRUE,1,FALSE,2,8,Trial,Low,0
1128,34,Male,Chittagong,Home,404.53,53,Mobile,Credit Card,TRUE,3,FALSE,1,7,Premium,Low,0
1129,33,Other,Dhaka,Electronics,214.23,36,Desktop,Credit Card,FALSE,4,FALSE,3,6,Trial,High,2
1130,69,Female,Khulna,Sports,635.76,58,Tablet,Cash on Delivery,TRUE,6,TRUE,3,6,Trial,Low,0
1131,35,Other,Mymensingh,Clothing,345.22,36,Desktop,PayPal,FALSE,6,FALSE,5,5,Trial,Low,0
1132,25,Female,Rajshahi,Books,946.92,7,Desktop,Debit Card,TRUE,1,FALSE,1,9,Trial,Low,0
1133,50,Other,Mymensingh,Groceries,909.56,11,Mobile,Debit Card,FALSE,7,FALSE,1,11,Premium,Medium,1
1134,19,Other,Khulna,Groceries,739.94,25,Tablet,Cash on Delivery,TRUE,4,FALSE,3,6,Premium,Medium,1
1135,29,Male,Dhaka,Books,99.61,30,Mobile,Credit Card,FALSE,4,FALSE,5,11,Premium,High,2
1136,30,Female,Barisal,Clothing,140.37,47,Tablet,PayPal,TRUE,4,TRUE,2,4,Free,Medium,1
1137,64,Female,Khulna,Sports,413.96,39,Mobile,Cash on Delivery,FALSE,9,FALSE,2,4,Free,Medium,1
1138,42,Male,Sylhet,Beauty,464.42,53,Tablet,Cash on Delivery,TRUE,7,FALSE,2,13,Free,Low,0
1139,47,Male,Khulna,Clothing,250.74,26,Tablet,Debit Card,TRUE,1,FALSE,1,5,Free,Low,0
1140,25,Other,Rajshahi,Toys,773.28,7,Desktop,PayPal,FALSE,9,FALSE,4,6,Trial,Medium,1
1141,50,Other,Sylhet,Clothing,681.44,26,Desktop,Debit Card,TRUE,1,FALSE,4,8,Free,High,2
1142,46,Female,Rajshahi,Clothing,108.53,5,Tablet,Debit Card,FALSE,6,TRUE,2,8,Trial,Low,0
1143,44,Male,Khulna,Sports,968.49,11,Tablet,PayPal,FALSE,2,FALSE,3,5,Premium,Low,0
1144,30,Other,Barisal,Clothing,627.8,22,Mobile,Credit Card,TRUE,3,TRUE,5,8,Premium,High,2
1145,67,Male,Rajshahi,Groceries,70.98,53,Mobile,PayPal,FALSE,5,TRUE,5,2,Premium,Low,0
1146,28,Female,Mymensingh,Electronics,643.31,17,Desktop,Credit Card,FALSE,3,TRUE,1,2,Premium,High,2
1147,53,Male,Rangpur,Toys,250.72,1,Mobile,Debit Card,FALSE,9,FALSE,4,13,Free,Medium,1
1148,47,Female,Rangpur,Beauty,732.72,15,Mobile,Cash on Delivery,TRUE,9,TRUE,4,4,Premium,Medium,1
1149,55,Female,Mymensingh,Home,50.81,9,Tablet,PayPal,TRUE,1,FALSE,5,13,Free,Low,0
1150,34,Other,Rangpur,Sports,819.69,3,Desktop,Bank Transfer,TRUE,8,FALSE,2,5,Free,Medium,1
1151,60,Male,Sylhet,Toys,329.15,41,Mobile,Debit Card,TRUE,9,TRUE,4,9,Trial,Medium,1
1152,30,Female,Chittagong,Electronics,956.62,58,Desktop,Debit Card,FALSE,8,FALSE,3,12,Premium,High,2
1153,30,Female,Khulna,Home,760.81,29,Desktop,Bank Transfer,FALSE,9,TRUE,5,7,Premium,Medium,1
1154,26,Other,Khulna,Electronics,579.03,32,Mobile,Cash on Delivery,TRUE,4,TRUE,3,4,Free,Low,0
1155,63,Female,Sylhet,Toys,823.79,54,Desktop,Debit Card,TRUE,2,TRUE,1,9,Premium,High,2
1156,55,Male,Barisal,Electronics,153.97,58,Mobile,Debit Card,TRUE,7,FALSE,5,1,Trial,Medium,1
1157,69,Other,Khulna,Toys,399.56,52,Mobile,Debit Card,TRUE,6,FALSE,5,13,Premium,Low,0
1158,19,Male,Dhaka,Electronics,184.41,46,Tablet,Cash on Delivery,TRUE,7,TRUE,3,2,Free,Medium,1
1159,49,Male,Sylhet,Books,700.77,14,Mobile,Debit Card,TRUE,8,FALSE,2,2,Free,High,2
1160,33,Female,Mymensingh,Sports,310.81,24,Tablet,Bank Transfer,TRUE,4,FALSE,1,1,Premium,High,2
1161,46,Other,Dhaka,Sports,658.82,12,Mobile,Cash on Delivery,FALSE,3,TRUE,4,2,Premium,Low,0
1162,33,Female,Mymensingh,Sports,496.67,50,Tablet,Credit Card,FALSE,4,TRUE,1,11,Premium,Low,0
1163,20,Other,Chittagong,Clothing,516.63,44,Desktop,Debit Card,TRUE,2,FALSE,3,3,Free,Medium,1
1164,56,Male,Barisal,Groceries,123.43,4,Mobile,Debit Card,TRUE,7,TRUE,4,3,Trial,Low,0
1165,65,Other,Rangpur,Electronics,336.25,26,Mobile,Debit Card,FALSE,4,FALSE,3,4,Premium,Medium,1
1166,19,Male,Khulna,Home,599.39,10,Desktop,Bank Transfer,TRUE,4,TRUE,4,1,Premium,Medium,1
1167,24,Female,Barisal,Groceries,830.2,56,Desktop,PayPal,FALSE,8,TRUE,5,6,Free,High,2
1168,32,Other,Mymensingh,Groceries,455.59,6,Mobile,Debit Card,FALSE,1,FALSE,1,8,Premium,Low,0
1169,41,Male,Khulna,Clothing,371.95,48,Tablet,Bank Transfer,FALSE,6,FALSE,5,5,Free,Medium,1
1170,57,Female,Sylhet,Electronics,19.71,17,Tablet,Credit Card,TRUE,7,FALSE,2,12,Trial,Low,0
1171,25,Female,Mymensingh,Electronics,540.06,3,Mobile,Debit Card,FALSE,7,TRUE,2,8,Premium,Low,0
1172,26,Male,Dhaka,Electronics,84.31,54,Tablet,Debit Card,FALSE,2,TRUE,4,3,Premium,High,2
1173,50,Female,Sylhet,Home,379.58,9,Mobile,PayPal,FALSE,9,TRUE,1,7,Trial,Low,0
1174,55,Other,Rangpur,Clothing,595.13,10,Mobile,Debit Card,TRUE,1,FALSE,2,8,Free,High,2
1175,29,Male,Rangpur,Beauty,583.87,35,Mobile,Credit Card,TRUE,8,TRUE,2,13,Premium,Medium,1
1176,41,Other,Rangpur,Sports,662.25,16,Desktop,Bank Transfer,TRUE,9,TRUE,3,7,Premium,Medium,1
1177,44,Other,Rangpur,Sports,151.99,45,Tablet,Bank Transfer,FALSE,6,TRUE,4,3,Trial,High,2
1178,33,Other,Dhaka,Home,530.6,29,Desktop,Debit Card,FALSE,9,FALSE,1,2,Trial,High,2
1179,66,Female,Khulna,Electronics,572.07,18,Tablet,Credit Card,FALSE,1,TRUE,3,5,Trial,Medium,1
1180,31,Female,Chittagong,Toys,895.77,15,Mobile,Debit Card,FALSE,8,FALSE,5,8,Premium,High,2
1181,46,Female,Rangpur,Toys,783.04,51,Desktop,Debit Card,FALSE,4,TRUE,1,5,Free,Medium,1
1182,54,Male,Dhaka,Electronics,826.22,42,Mobile,Cash on Delivery,FALSE,4,TRUE,2,12,Trial,High,2
1183,41,Female,Mymensingh,Groceries,313.75,9,Desktop,Cash on Delivery,TRUE,9,TRUE,5,12,Premium,Medium,1
1184,18,Male,Rajshahi,Groceries,651.1,32,Tablet,Credit Card,TRUE,6,FALSE,4,13,Premium,Medium,1
1185,42,Male,Mymensingh,Clothing,18.78,11,Tablet,Cash on Delivery,TRUE,4,TRUE,3,3,Premium,Medium,1
1186,38,Other,Sylhet,Toys,224.08,38,Tablet,Bank Transfer,FALSE,9,FALSE,2,3,Premium,High,2
1187,69,Other,Khulna,Toys,100.48,27,Mobile,PayPal,TRUE,8,FALSE,4,3,Premium,Low,0
1188,56,Other,Dhaka,Sports,35.22,42,Mobile,Credit Card,FALSE,9,TRUE,4,12,Free,High,2
1189,24,Male,Dhaka,Beauty,771.21,35,Tablet,Bank Transfer,TRUE,7,TRUE,3,4,Premium,Medium,1
1190,18,Other,Chittagong,Beauty,67.15,59,Mobile,Debit Card,FALSE,1,FALSE,5,3,Premium,Medium,1
1191,48,Male,Chittagong,Home,547.7,58,Desktop,Cash on Delivery,FALSE,8,FALSE,5,11,Premium,Low,0
1192,38,Female,Barisal,Groceries,997.53,32,Tablet,Credit Card,FALSE,6,TRUE,2,10,Premium,High,2
1193,26,Female,Dhaka,Sports,969.57,25,Desktop,PayPal,FALSE,5,FALSE,3,3,Premium,Medium,1
1194,45,Other,Khulna,Books,151.34,44,Tablet,Debit Card,FALSE,9,FALSE,2,4,Trial,High,2
1195,50,Female,Rajshahi,Books,226.87,22,Tablet,PayPal,FALSE,9,TRUE,1,12,Free,Medium,1
1196,67,Other,Khulna,Books,488.76,27,Tablet,PayPal,FALSE,1,TRUE,2,5,Trial,High,2
1197,53,Female,Mymensingh,Beauty,982.01,55,Tablet,Credit Card,FALSE,7,TRUE,3,13,Free,Medium,1
1198,28,Female,Rajshahi,Sports,341.92,6,Desktop,Credit Card,FALSE,1,TRUE,5,7,Trial,High,2
1199,55,Male,Sylhet,Toys,887.94,42,Tablet,PayPal,TRUE,1,FALSE,5,7,Premium,High,2
1200,22,Other,Khulna,Groceries,49.36,21,Tablet,Debit Card,TRUE,4,FALSE,1,12,Premium,High,2
1201,26,Other,Rangpur,Beauty,198.18,40,Mobile,Credit Card,TRUE,8,TRUE,5,6,Trial,High,2
1202,54,Female,Dhaka,Beauty,797.43,9,Mobile,Debit Card,FALSE,3,TRUE,4,3,Premium,Medium,1
1203,21,Female,Rajshahi,Electronics,165.45,32,Desktop,Credit Card,TRUE,5,FALSE,1,10,Free,High,2
1204,38,Other,Sylhet,Home,921.08,17,Desktop,Credit Card,FALSE,1,FALSE,2,1,Trial,High,2
1205,61,Male,Dhaka,Toys,648.11,37,Tablet,Credit Card,FALSE,1,TRUE,1,11,Trial,Low,0
1206,33,Male,Chittagong,Beauty,844.47,45,Desktop,Cash on Delivery,TRUE,4,TRUE,2,13,Trial,High,2
1207,19,Other,Chittagong,Beauty,99.6,54,Mobile,Bank Transfer,TRUE,6,TRUE,1,10,Free,Low,0
1208,69,Other,Mymensingh,Home,118.47,37,Tablet,PayPal,TRUE,8,FALSE,2,11,Trial,Low,0
1209,20,Male,Chittagong,Clothing,210.07,25,Desktop,Bank Transfer,TRUE,6,FALSE,4,5,Premium,Low,0
1210,57,Female,Chittagong,Books,626.77,12,Desktop,Debit Card,FALSE,7,FALSE,1,5,Premium,Medium,1
1211,18,Male,Khulna,Toys,874.62,19,Tablet,Bank Transfer,TRUE,8,TRUE,1,4,Premium,Low,0
1212,21,Male,Sylhet,Toys,422.73,27,Mobile,Bank Transfer,TRUE,8,FALSE,1,11,Trial,Low,0
1213,58,Male,Khulna,Beauty,263.63,24,Mobile,Cash on Delivery,FALSE,7,TRUE,4,11,Trial,High,2
1214,60,Female,Rangpur,Groceries,587.02,57,Tablet,PayPal,TRUE,2,FALSE,4,10,Free,High,2
1215,34,Male,Khulna,Sports,174.43,24,Mobile,Credit Card,TRUE,6,TRUE,5,6,Free,Medium,1
1216,42,Other,Mymensingh,Toys,858.29,44,Desktop,Credit Card,TRUE,9,TRUE,5,5,Trial,Low,0
1217,34,Female,Mymensingh,Sports,811.72,32,Mobile,PayPal,TRUE,9,FALSE,1,7,Trial,Medium,1
1218,23,Male,Chittagong,Books,552.3,12,Tablet,Credit Card,TRUE,4,TRUE,4,9,Free,Low,0
1219,22,Male,Dhaka,Books,95.2,28,Tablet,Debit Card,FALSE,8,FALSE,1,2,Free,Medium,1
1220,45,Male,Chittagong,Clothing,289.58,2,Tablet,Debit Card,TRUE,3,TRUE,3,12,Premium,Low,0
1221,39,Male,Mymensingh,Books,129.81,32,Tablet,Bank Transfer,TRUE,9,FALSE,5,3,Premium,High,2
1222,61,Other,Dhaka,Books,258.23,59,Mobile,PayPal,FALSE,9,FALSE,4,2,Premium,Low,0
1223,24,Other,Rajshahi,Electronics,932.95,37,Desktop,Cash on Delivery,TRUE,1,TRUE,1,5,Free,Low,0
1224,58,Male,Rajshahi,Electronics,996.44,17,Desktop,Cash on Delivery,FALSE,2,TRUE,5,6,Free,High,2
1225,22,Male,Barisal,Books,768.92,16,Tablet,Cash on Delivery,TRUE,5,TRUE,1,3,Free,Low,0
1226,28,Other,Rajshahi,Books,535.48,49,Mobile,PayPal,FALSE,6,TRUE,2,7,Trial,High,2
1227,66,Female,Barisal,Toys,982.86,17,Tablet,Bank Transfer,FALSE,7,FALSE,2,4,Free,Low,0
1228,62,Other,Rangpur,Home,701.71,27,Mobile,Bank Transfer,TRUE,6,FALSE,4,3,Trial,High,2
1229,52,Other,Rangpur,Toys,785.09,47,Mobile,Credit Card,TRUE,9,TRUE,4,11,Premium,Low,0
1230,54,Other,Mymensingh,Toys,947.56,57,Mobile,PayPal,FALSE,1,TRUE,1,3,Free,High,2
1231,32,Female,Barisal,Books,587.12,55,Mobile,Cash on Delivery,TRUE,5,FALSE,4,3,Premium,High,2
1232,36,Male,Rajshahi,Clothing,335.19,40,Tablet,Cash on Delivery,TRUE,3,FALSE,3,8,Premium,Medium,1
1233,29,Female,Barisal,Electronics,530.92,16,Tablet,Bank Transfer,TRUE,2,TRUE,1,11,Trial,High,2
1234,27,Other,Dhaka,Beauty,682.49,11,Tablet,Bank Transfer,TRUE,2,TRUE,4,1,Trial,High,2
1235,26,Female,Rajshahi,Home,563.16,1,Tablet,Cash on Delivery,FALSE,1,FALSE,5,1,Premium,Low,0
1236,41,Other,Barisal,Home,926.92,55,Tablet,Credit Card,FALSE,3,FALSE,1,11,Premium,High,2
1237,68,Female,Mymensingh,Electronics,770.93,23,Tablet,PayPal,FALSE,6,FALSE,2,10,Trial,High,2
1238,33,Female,Dhaka,Books,345.63,36,Tablet,PayPal,FALSE,1,TRUE,2,3,Premium,High,2
1239,25,Male,Chittagong,Beauty,539.28,16,Mobile,Cash on Delivery,TRUE,2,TRUE,4,8,Trial,Low,0
1240,49,Other,Dhaka,Groceries,247.3,25,Desktop,Bank Transfer,TRUE,4,FALSE,1,7,Free,Low,0
1241,56,Male,Khulna,Groceries,620.69,27,Mobile,Credit Card,TRUE,5,TRUE,3,7,Free,Low,0
1242,34,Other,Chittagong,Beauty,861.44,51,Desktop,PayPal,TRUE,4,FALSE,5,6,Premium,Medium,1
1243,50,Other,Barisal,Electronics,788.72,37,Desktop,Bank Transfer,TRUE,3,TRUE,4,5,Premium,High,2
1244,30,Other,Khulna,Books,260.89,19,Mobile,Cash on Delivery,TRUE,4,FALSE,2,8,Free,Medium,1
1245,59,Female,Mymensingh,Electronics,28.24,33,Tablet,Cash on Delivery,FALSE,5,FALSE,2,8,Trial,Low,0
1246,49,Female,Mymensingh,Clothing,809.02,6,Mobile,Debit Card,TRUE,5,TRUE,1,11,Free,Low,0
1247,44,Male,Chittagong,Books,602.23,4,Tablet,Debit Card,TRUE,9,TRUE,1,11,Premium,Low,0
1248,56,Male,Sylhet,Groceries,214.67,54,Tablet,Credit Card,TRUE,7,TRUE,4,10,Trial,Medium,1
1249,31,Male,Sylhet,Electronics,996.18,25,Mobile,PayPal,TRUE,8,FALSE,2,1,Premium,Low,0
1250,42,Male,Barisal,Books,608.58,1,Desktop,Debit Card,TRUE,9,TRUE,1,4,Free,High,2
1251,45,Other,Dhaka,Toys,384.05,34,Desktop,Debit Card,FALSE,4,FALSE,2,8,Premium,High,2
1252,58,Other,Mymensingh,Groceries,760.23,9,Tablet,Bank Transfer,FALSE,8,FALSE,3,7,Trial,High,2
1253,67,Male,Dhaka,Sports,500.54,11,Tablet,PayPal,FALSE,3,TRUE,4,5,Premium,Low,0
1254,66,Other,Khulna,Beauty,771.38,26,Desktop,Debit Card,FALSE,5,FALSE,5,2,Premium,Low,0
1255,55,Male,Barisal,Home,94.04,30,Desktop,Credit Card,FALSE,1,TRUE,3,12,Trial,Low,0
1256,59,Other,Rangpur,Groceries,442.21,29,Tablet,Cash on Delivery,TRUE,4,FALSE,2,13,Premium,High,2
1257,45,Other,Chittagong,Groceries,74.49,58,Tablet,Bank Transfer,TRUE,6,TRUE,1,10,Free,High,2
1258,50,Female,Barisal,Beauty,349.32,29,Mobile,Debit Card,FALSE,4,FALSE,4,13,Trial,Medium,1
1259,26,Female,Khulna,Groceries,499.28,21,Tablet,Cash on Delivery,TRUE,5,FALSE,4,2,Free,Low,0
1260,56,Other,Dhaka,Home,335.12,17,Tablet,Cash on Delivery,FALSE,9,FALSE,2,9,Trial,High,2
1261,32,Female,Mymensingh,Books,904.69,1,Desktop,Bank Transfer,FALSE,5,FALSE,2,5,Premium,Low,0
1262,48,Female,Khulna,Electronics,487.26,33,Tablet,Credit Card,FALSE,4,FALSE,2,12,Trial,High,2
1263,45,Male,Dhaka,Home,365.51,26,Desktop,Credit Card,FALSE,1,FALSE,4,11,Free,Low,0
1264,39,Female,Rajshahi,Groceries,617.36,44,Desktop,PayPal,FALSE,1,FALSE,5,9,Trial,Medium,1
1265,38,Other,Chittagong,Groceries,546.98,29,Desktop,PayPal,TRUE,8,FALSE,4,4,Premium,Medium,1
1266,54,Female,Dhaka,Home,535.09,6,Mobile,Credit Card,FALSE,5,TRUE,4,10,Trial,Low,0
1267,19,Other,Sylhet,Beauty,57.76,44,Mobile,PayPal,TRUE,9,TRUE,5,7,Trial,High,2
1268,40,Male,Barisal,Sports,538.08,35,Desktop,Bank Transfer,TRUE,1,TRUE,2,5,Free,High,2
1269,18,Female,Khulna,Clothing,138.04,50,Desktop,PayPal,TRUE,5,TRUE,3,11,Premium,Low,0
1270,44,Other,Sylhet,Clothing,302.56,30,Desktop,Bank Transfer,TRUE,6,TRUE,1,2,Premium,Low,0
1271,35,Male,Khulna,Home,130.9,27,Tablet,Bank Transfer,TRUE,4,FALSE,4,11,Trial,High,2
1272,62,Female,Rangpur,Groceries,241.21,24,Tablet,Debit Card,TRUE,2,FALSE,5,7,Premium,High,2
1273,33,Other,Khulna,Beauty,961.03,37,Mobile,Debit Card,FALSE,4,TRUE,3,10,Trial,Low,0
1274,36,Other,Khulna,Home,995.38,30,Tablet,PayPal,FALSE,8,TRUE,5,3,Trial,Low,0
1275,62,Female,Sylhet,Sports,526.99,22,Desktop,Cash on Delivery,TRUE,1,FALSE,4,5,Free,Medium,1
1276,33,Other,Rangpur,Toys,898.01,17,Tablet,PayPal,TRUE,4,TRUE,5,1,Trial,Medium,1
1277,20,Female,Rangpur,Clothing,557.98,30,Desktop,Credit Card,FALSE,4,FALSE,2,10,Trial,Low,0
1278,52,Other,Chittagong,Books,44.8,36,Tablet,Debit Card,FALSE,5,TRUE,2,4,Free,Low,0
1279,38,Male,Mymensingh,Beauty,18.34,3,Desktop,Debit Card,FALSE,9,TRUE,3,4,Trial,Low,0
1280,23,Male,Rajshahi,Clothing,121.92,37,Mobile,Debit Card,TRUE,9,FALSE,5,1,Trial,Low,0
1281,40,Other,Mymensingh,Electronics,106.75,11,Desktop,Debit Card,FALSE,1,FALSE,2,8,Trial,Medium,1
1282,41,Other,Mymensingh,Clothing,949.56,32,Desktop,Credit Card,FALSE,1,FALSE,5,9,Premium,Low,0
1283,27,Male,Mymensingh,Beauty,54.26,16,Desktop,Debit Card,TRUE,5,FALSE,4,12,Free,Low,0
1284,41,Female,Chittagong,Home,24.21,12,Tablet,Credit Card,TRUE,3,FALSE,5,10,Premium,Medium,1
1285,42,Male,Dhaka,Home,873.16,41,Mobile,PayPal,TRUE,9,TRUE,3,3,Free,Low,0
1286,34,Male,Barisal,Electronics,416.08,55,Tablet,Cash on Delivery,FALSE,8,FALSE,3,12,Premium,Low,0
1287,48,Other,Rangpur,Home,20.1,19,Desktop,Debit Card,TRUE,7,TRUE,4,1,Trial,High,2
1288,23,Other,Khulna,Home,579.06,27,Desktop,PayPal,TRUE,8,TRUE,3,8,Premium,Medium,1
1289,29,Female,Dhaka,Clothing,258.19,2,Mobile,PayPal,TRUE,4,TRUE,3,7,Trial,High,2
1290,43,Female,Rajshahi,Electronics,187.03,39,Tablet,Debit Card,FALSE,9,FALSE,1,13,Free,High,2
1291,26,Female,Mymensingh,Clothing,129.74,54,Desktop,Cash on Delivery,FALSE,3,FALSE,5,4,Free,Low,0
1292,34,Male,Barisal,Books,162.42,43,Desktop,Credit Card,TRUE,6,FALSE,4,4,Trial,High,2
1293,33,Other,Rangpur,Sports,260.03,7,Tablet,Credit Card,FALSE,4,TRUE,2,8,Premium,Medium,1
1294,47,Female,Dhaka,Clothing,39.56,33,Tablet,Bank Transfer,TRUE,2,FALSE,1,2,Free,Low,0
1295,59,Male,Rajshahi,Electronics,760.18,39,Desktop,Credit Card,TRUE,9,TRUE,2,4,Free,Low,0
1296,67,Other,Dhaka,Groceries,213.11,8,Mobile,Debit Card,TRUE,1,FALSE,4,13,Premium,Low,0
1297,22,Female,Rangpur,Electronics,532.57,52,Tablet,Cash on Delivery,FALSE,6,FALSE,4,3,Trial,High,2
1298,69,Female,Sylhet,Toys,901.78,57,Desktop,Debit Card,TRUE,3,FALSE,3,4,Premium,Medium,1
1299,49,Male,Chittagong,Home,633.38,32,Mobile,Bank Transfer,TRUE,2,TRUE,4,11,Premium,Medium,1
1300,64,Male,Dhaka,Clothing,136.24,5,Desktop,PayPal,TRUE,7,FALSE,2,2,Premium,Medium,1
1301,29,Other,Khulna,Groceries,703.16,3,Desktop,Bank Transfer,FALSE,4,FALSE,2,4,Trial,Low,0
1302,27,Other,Chittagong,Toys,511.61,18,Tablet,Cash on Delivery,TRUE,8,TRUE,1,7,Trial,Low,0
1303,59,Other,Rajshahi,Groceries,548.38,8,Mobile,Credit Card,TRUE,5,TRUE,5,3,Premium,High,2
1304,42,Male,Chittagong,Beauty,185.33,35,Tablet,Bank Transfer,TRUE,4,FALSE,3,12,Premium,Low,0
1305,39,Male,Barisal,Toys,806.43,26,Tablet,PayPal,TRUE,2,TRUE,5,13,Free,High,2
1306,28,Other,Rajshahi,Sports,925.68,22,Mobile,Bank Transfer,FALSE,8,TRUE,1,9,Premium,Medium,1
1307,25,Male,Dhaka,Books,704.89,20,Desktop,Credit Card,FALSE,3,FALSE,2,12,Premium,Medium,1
1308,44,Other,Sylhet,Sports,24.66,31,Desktop,PayPal,FALSE,9,FALSE,1,1,Free,Medium,1
1309,64,Other,Rajshahi,Books,662.19,51,Tablet,Credit Card,TRUE,7,FALSE,2,6,Free,Medium,1
1310,23,Male,Chittagong,Beauty,198.8,6,Mobile,Cash on Delivery,TRUE,6,FALSE,1,1,Trial,Medium,1
1311,26,Female,Mymensingh,Electronics,870.97,33,Desktop,Credit Card,FALSE,5,FALSE,3,11,Premium,Medium,1
1312,29,Other,Khulna,Toys,550.18,33,Tablet,Cash on Delivery,TRUE,6,FALSE,5,13,Free,Medium,1
1313,38,Other,Dhaka,Beauty,990.93,30,Mobile,PayPal,TRUE,7,FALSE,4,2,Premium,Medium,1
1314,42,Female,Barisal,Home,365.5,36,Mobile,Credit Card,FALSE,3,TRUE,2,9,Trial,High,2
1315,58,Other,Chittagong,Clothing,483.98,27,Mobile,Bank Transfer,FALSE,6,TRUE,3,6,Free,Low,0
1316,55,Other,Rangpur,Home,400.23,48,Tablet,PayPal,FALSE,9,TRUE,2,5,Premium,High,2
1317,21,Male,Chittagong,Sports,386.06,17,Mobile,Debit Card,TRUE,1,FALSE,1,3,Premium,Medium,1
1318,18,Male,Dhaka,Groceries,51.63,7,Mobile,Bank Transfer,TRUE,7,FALSE,3,8,Free,Low,0
1319,58,Other,Sylhet,Electronics,888.18,27,Tablet,Cash on Delivery,TRUE,2,TRUE,1,5,Free,Low,0
1320,42,Male,Barisal,Sports,722.44,41,Mobile,Debit Card,TRUE,5,TRUE,3,2,Free,Low,0
1321,37,Other,Chittagong,Clothing,562.88,33,Tablet,Debit Card,TRUE,4,TRUE,2,11,Trial,Medium,1
1322,68,Female,Mymensingh,Groceries,634.44,32,Mobile,Cash on Delivery,TRUE,3,FALSE,4,2,Premium,Medium,1
1323,25,Other,Rajshahi,Books,754.8,17,Tablet,Credit Card,TRUE,8,TRUE,1,13,Trial,Medium,1
1324,24,Other,Sylhet,Toys,638.61,12,Mobile,Credit Card,FALSE,2,TRUE,4,2,Trial,Medium,1
1325,24,Female,Khulna,Toys,111.55,13,Desktop,Debit Card,FALSE,1,FALSE,4,3,Trial,Low,0
1326,42,Other,Rangpur,Beauty,350.92,46,Tablet,Bank Transfer,TRUE,9,FALSE,1,10,Free,Medium,1
1327,33,Male,Chittagong,Sports,133.14,13,Desktop,Debit Card,FALSE,9,TRUE,5,1,Free,High,2
1328,20,Female,Sylhet,Electronics,681.43,21,Tablet,Credit Card,TRUE,6,FALSE,4,10,Premium,Low,0
1329,56,Female,Mymensingh,Home,572.74,44,Mobile,PayPal,FALSE,3,TRUE,4,12,Free,Low,0
1330,61,Male,Barisal,Home,140.43,47,Tablet,Debit Card,FALSE,4,TRUE,1,7,Trial,Medium,1
1331,66,Female,Dhaka,Clothing,712.57,16,Mobile,PayPal,TRUE,6,TRUE,1,12,Free,Medium,1
1332,33,Male,Chittagong,Groceries,420.53,3,Mobile,Credit Card,TRUE,7,TRUE,1,6,Free,High,2
1333,47,Other,Rajshahi,Toys,852.45,33,Mobile,Credit Card,FALSE,4,TRUE,2,7,Premium,High,2
1334,65,Male,Khulna,Clothing,700.86,21,Tablet,Credit Card,FALSE,1,FALSE,1,5,Free,Low,0
1335,41,Other,Sylhet,Books,618.17,18,Mobile,Credit Card,TRUE,7,TRUE,3,1,Free,High,2
1336,64,Male,Sylhet,Electronics,914.56,46,Desktop,Debit Card,TRUE,6,FALSE,4,9,Free,Low,0
1337,56,Male,Chittagong,Groceries,103.05,41,Mobile,Debit Card,FALSE,3,TRUE,4,9,Premium,Low,0
1338,43,Male,Khulna,Toys,926.32,26,Mobile,Bank Transfer,TRUE,5,FALSE,3,2,Trial,High,2
1339,43,Other,Sylhet,Home,387.28,16,Desktop,PayPal,TRUE,4,TRUE,5,11,Premium,Low,0
1340,44,Male,Barisal,Home,762.13,57,Tablet,PayPal,FALSE,9,TRUE,5,13,Premium,Medium,1
1341,65,Other,Chittagong,Groceries,507.39,25,Mobile,Debit Card,TRUE,2,TRUE,3,1,Free,Medium,1
1342,23,Male,Chittagong,Electronics,597.86,41,Desktop,Debit Card,TRUE,6,FALSE,1,12,Trial,Low,0
1343,64,Other,Rajshahi,Home,607.23,23,Desktop,PayPal,FALSE,5,FALSE,4,11,Free,High,2
1344,24,Female,Chittagong,Groceries,680.12,51,Tablet,PayPal,FALSE,7,TRUE,1,11,Trial,High,2
1345,68,Female,Rajshahi,Toys,324.79,50,Desktop,Cash on Delivery,TRUE,3,TRUE,2,13,Trial,High,2
1346,40,Female,Rangpur,Electronics,386.39,59,Tablet,PayPal,FALSE,8,FALSE,2,1,Free,Medium,1
1347,43,Female,Rajshahi,Clothing,925.66,9,Desktop,PayPal,FALSE,5,FALSE,5,1,Premium,Low,0
1348,66,Other,Rangpur,Toys,648.65,25,Mobile,Debit Card,TRUE,4,FALSE,2,10,Free,High,2
1349,26,Male,Sylhet,Toys,877.56,41,Tablet,Credit Card,TRUE,1,FALSE,3,3,Trial,Medium,1
1350,46,Female,Chittagong,Groceries,601.12,9,Tablet,Bank Transfer,TRUE,2,FALSE,1,13,Trial,High,2
1351,64,Male,Sylhet,Home,597.88,11,Desktop,Debit Card,FALSE,2,FALSE,5,8,Trial,Low,0
1352,58,Female,Khulna,Toys,657.94,26,Desktop,Debit Card,FALSE,5,TRUE,2,9,Premium,High,2
1353,18,Female,Barisal,Groceries,421.32,58,Mobile,PayPal,TRUE,5,FALSE,2,10,Trial,Low,0
1354,24,Female,Chittagong,Sports,366.08,49,Tablet,Bank Transfer,FALSE,9,FALSE,3,3,Premium,Medium,1
1355,19,Male,Barisal,Clothing,653.17,12,Mobile,Cash on Delivery,TRUE,6,FALSE,3,11,Trial,Low,0
1356,25,Male,Sylhet,Beauty,804.16,43,Mobile,PayPal,TRUE,3,FALSE,1,10,Free,High,2
1357,29,Male,Chittagong,Toys,52.98,38,Tablet,Debit Card,FALSE,6,FALSE,1,5,Free,Medium,1
1358,52,Female,Dhaka,Electronics,61.39,14,Desktop,Credit Card,TRUE,8,TRUE,4,13,Free,High,2
1359,51,Female,Chittagong,Books,594.17,44,Mobile,Credit Card,TRUE,8,TRUE,3,5,Premium,High,2
1360,60,Male,Rangpur,Clothing,786.91,6,Tablet,Debit Card,TRUE,2,FALSE,2,6,Free,High,2
1361,67,Other,Chittagong,Groceries,507.53,1,Desktop,Debit Card,FALSE,4,FALSE,3,12,Premium,Low,0
1362,56,Female,Barisal,Toys,669.17,47,Mobile,Cash on Delivery,FALSE,5,FALSE,4,4,Trial,Low,0
1363,23,Other,Barisal,Electronics,136.85,4,Desktop,Credit Card,FALSE,5,FALSE,5,1,Premium,Medium,1
1364,51,Male,Rangpur,Beauty,593.7,39,Mobile,PayPal,FALSE,4,FALSE,4,4,Free,High,2
1365,69,Other,Dhaka,Groceries,163.66,22,Tablet,PayPal,TRUE,2,TRUE,2,4,Trial,Low,0
1366,21,Other,Sylhet,Clothing,824.07,22,Tablet,Bank Transfer,FALSE,4,FALSE,3,12,Trial,Low,0
1367,40,Other,Mymensingh,Books,259.6,8,Mobile,Cash on Delivery,TRUE,7,FALSE,3,13,Free,Medium,1
1368,51,Female,Barisal,Toys,190.94,35,Desktop,PayPal,TRUE,2,TRUE,2,7,Premium,Medium,1
1369,22,Male,Sylhet,Home,580.13,26,Desktop,Debit Card,TRUE,5,FALSE,3,4,Free,Medium,1
1370,39,Other,Barisal,Books,307.88,23,Mobile,PayPal,TRUE,1,FALSE,1,9,Trial,High,2
1371,31,Female,Dhaka,Electronics,737.66,19,Desktop,Cash on Delivery,TRUE,3,FALSE,5,6,Free,Medium,1
1372,44,Female,Rajshahi,Sports,10,51,Desktop,Bank Transfer,FALSE,4,TRUE,2,10,Free,Low,0
1373,39,Female,Khulna,Electronics,258.91,7,Desktop,PayPal,TRUE,3,FALSE,1,9,Premium,Medium,1
1374,57,Other,Rajshahi,Clothing,633.04,40,Desktop,PayPal,TRUE,1,TRUE,2,11,Free,High,2
1375,24,Other,Barisal,Toys,731.84,25,Mobile,Cash on Delivery,TRUE,7,FALSE,5,3,Trial,Low,0
1376,44,Other,Rajshahi,Groceries,384.26,54,Tablet,Cash on Delivery,FALSE,4,TRUE,2,1,Free,Low,0
1377,43,Female,Khulna,Home,898.16,48,Mobile,Cash on Delivery,TRUE,9,FALSE,2,4,Free,High,2
1378,55,Male,Mymensingh,Clothing,71.35,30,Mobile,PayPal,FALSE,4,TRUE,5,1,Premium,High,2
1379,67,Female,Sylhet,Home,173.15,21,Tablet,Bank Transfer,TRUE,7,FALSE,3,6,Free,High,2
1380,27,Other,Barisal,Electronics,122.5,29,Desktop,Bank Transfer,FALSE,2,FALSE,1,8,Premium,Low,0
1381,45,Other,Khulna,Home,915.63,17,Tablet,Cash on Delivery,FALSE,5,TRUE,5,8,Premium,Low,0
1382,28,Other,Mymensingh,Home,636.71,30,Mobile,Debit Card,TRUE,2,TRUE,1,4,Trial,Medium,1
1383,30,Female,Barisal,Home,113.06,13,Desktop,PayPal,TRUE,1,TRUE,4,1,Premium,Low,0
1384,26,Female,Mymensingh,Home,923.64,42,Tablet,Cash on Delivery,TRUE,4,TRUE,4,1,Free,High,2
1385,52,Other,Sylhet,Electronics,691.28,16,Mobile,Bank Transfer,FALSE,9,TRUE,2,1,Free,Low,0
1386,59,Female,Barisal,Books,869.03,59,Desktop,Credit Card,FALSE,8,FALSE,2,2,Trial,High,2
1387,48,Other,Mymensingh,Toys,264.04,16,Tablet,Bank Transfer,TRUE,7,FALSE,4,7,Premium,High,2
1388,57,Male,Mymensingh,Electronics,971.35,26,Tablet,Bank Transfer,FALSE,3,TRUE,2,4,Premium,Low,0
1389,55,Other,Khulna,Books,832.44,3,Tablet,Credit Card,FALSE,3,FALSE,3,10,Trial,Medium,1
1390,49,Male,Khulna,Toys,952.46,58,Desktop,Credit Card,FALSE,2,FALSE,5,7,Trial,Low,0
1391,20,Other,Chittagong,Books,468.12,58,Desktop,Credit Card,FALSE,7,FALSE,1,4,Free,High,2
1392,35,Female,Rajshahi,Electronics,271.16,4,Mobile,Credit Card,TRUE,4,TRUE,2,12,Premium,High,2
1393,30,Other,Khulna,Books,149.31,59,Tablet,Cash on Delivery,TRUE,9,TRUE,3,7,Free,High,2
1394,34,Male,Barisal,Home,463.52,35,Mobile,Cash on Delivery,FALSE,8,TRUE,4,10,Premium,Medium,1
1395,45,Male,Chittagong,Home,963.22,55,Mobile,Bank Transfer,TRUE,8,FALSE,3,10,Premium,Low,0
1396,38,Female,Sylhet,Toys,390.87,46,Tablet,Cash on Delivery,FALSE,6,TRUE,4,1,Free,Low,0
1397,48,Other,Barisal,Toys,482.32,37,Mobile,PayPal,FALSE,7,FALSE,2,13,Premium,Low,0
1398,67,Female,Barisal,Toys,962.21,6,Desktop,Cash on Delivery,FALSE,6,FALSE,5,13,Premium,High,2
1399,66,Male,Chittagong,Beauty,40.64,41,Desktop,Bank Transfer,TRUE,2,TRUE,2,10,Trial,Medium,1
1400,34,Male,Dhaka,Clothing,950.63,4,Tablet,PayPal,FALSE,9,TRUE,4,4,Free,Medium,1
1401,68,Male,Chittagong,Beauty,737.42,33,Desktop,Debit Card,FALSE,1,TRUE,2,8,Free,Low,0
1402,55,Female,Rangpur,Toys,578.68,43,Tablet,Credit Card,FALSE,3,TRUE,3,6,Trial,High,2
1403,50,Female,Mymensingh,Groceries,932.78,11,Desktop,PayPal,FALSE,3,TRUE,2,2,Free,Medium,1
1404,67,Female,Dhaka,Electronics,80.1,25,Tablet,Cash on Delivery,TRUE,7,TRUE,4,4,Free,High,2
1405,23,Female,Chittagong,Books,622.95,5,Desktop,Debit Card,FALSE,7,FALSE,4,13,Premium,Medium,1
1406,30,Other,Rangpur,Sports,632.85,16,Tablet,PayPal,TRUE,2,TRUE,2,4,Free,High,2
1407,63,Female,Barisal,Home,950.22,27,Desktop,Bank Transfer,TRUE,2,FALSE,4,7,Premium,Medium,1
1408,18,Male,Rajshahi,Home,107.7,40,Desktop,Credit Card,TRUE,6,TRUE,2,6,Premium,Medium,1
1409,66,Female,Sylhet,Sports,983.4,59,Mobile,Cash on Delivery,FALSE,1,FALSE,3,7,Trial,High,2
1410,49,Other,Dhaka,Beauty,133.85,49,Tablet,Credit Card,FALSE,6,FALSE,2,6,Trial,Low,0
1411,37,Other,Sylhet,Sports,774.81,23,Tablet,Credit Card,TRUE,7,TRUE,2,9,Free,High,2
1412,68,Other,Rajshahi,Beauty,405.06,4,Mobile,Debit Card,TRUE,5,FALSE,3,10,Trial,Medium,1
1413,41,Female,Sylhet,Electronics,908.03,45,Desktop,Credit Card,FALSE,9,TRUE,1,10,Free,Medium,1
1414,29,Female,Mymensingh,Sports,176.3,33,Desktop,Cash on Delivery,TRUE,6,FALSE,3,7,Premium,Low,0
1415,38,Other,Mymensingh,Toys,182.27,29,Mobile,Bank Transfer,TRUE,2,FALSE,1,12,Premium,Medium,1
1416,23,Other,Rajshahi,Home,935.59,8,Mobile,Credit Card,FALSE,8,TRUE,2,11,Free,Medium,1
1417,55,Female,Rajshahi,Clothing,247.11,37,Desktop,Bank Transfer,TRUE,6,TRUE,3,10,Trial,High,2
1418,60,Female,Barisal,Sports,265.6,30,Tablet,Debit Card,FALSE,2,TRUE,5,12,Premium,High,2
1419,44,Other,Sylhet,Home,120.54,41,Tablet,Credit Card,TRUE,3,TRUE,4,9,Free,Medium,1
1420,20,Male,Dhaka,Sports,155.65,21,Desktop,Cash on Delivery,FALSE,6,TRUE,1,9,Trial,Medium,1
1421,69,Male,Barisal,Sports,540.27,55,Mobile,Debit Card,TRUE,4,FALSE,1,2,Free,Low,0
1422,69,Female,Chittagong,Electronics,741.96,16,Mobile,Credit Card,TRUE,1,TRUE,1,2,Free,High,2
1423,50,Other,Khulna,Toys,638.95,25,Desktop,Debit Card,FALSE,7,FALSE,2,12,Premium,High,2
1424,44,Other,Dhaka,Sports,541.36,22,Tablet,Cash on Delivery,TRUE,1,TRUE,3,10,Trial,Low,0
1425,36,Male,Dhaka,Clothing,602.96,17,Tablet,Cash on Delivery,TRUE,7,FALSE,3,10,Premium,High,2
1426,24,Other,Chittagong,Beauty,667.34,58,Desktop,Cash on Delivery,FALSE,8,FALSE,5,9,Free,High,2
1427,60,Male,Khulna,Sports,821.17,57,Mobile,Cash on Delivery,FALSE,4,FALSE,2,9,Premium,High,2
1428,27,Female,Dhaka,Home,248.95,49,Tablet,Credit Card,TRUE,1,TRUE,4,13,Free,Medium,1
1429,65,Male,Khulna,Home,665.75,26,Tablet,Debit Card,TRUE,2,FALSE,1,7,Premium,Low,0
1430,58,Other,Sylhet,Beauty,856.69,16,Mobile,Debit Card,TRUE,2,FALSE,5,2,Trial,High,2
1431,25,Male,Sylhet,Sports,794.65,15,Mobile,Bank Transfer,FALSE,6,TRUE,4,2,Trial,Medium,1
1432,23,Female,Sylhet,Beauty,505.64,34,Mobile,Debit Card,TRUE,3,FALSE,3,12,Premium,High,2
1433,53,Female,Rajshahi,Electronics,752.38,28,Desktop,Bank Transfer,FALSE,7,TRUE,4,1,Trial,Medium,1
1434,56,Other,Rangpur,Groceries,749.11,13,Tablet,Debit Card,FALSE,2,FALSE,3,9,Free,High,2
1435,20,Other,Dhaka,Clothing,720.38,50,Desktop,Credit Card,FALSE,4,FALSE,4,7,Trial,Low,0
1436,44,Other,Dhaka,Books,848.23,7,Mobile,PayPal,FALSE,4,FALSE,2,13,Free,Low,0
1437,40,Other,Dhaka,Beauty,415.05,55,Mobile,Cash on Delivery,TRUE,8,TRUE,1,7,Premium,Low,0
1438,32,Female,Dhaka,Electronics,253.98,16,Tablet,Cash on Delivery,TRUE,7,FALSE,4,5,Premium,High,2
1439,27,Female,Rangpur,Groceries,876.81,18,Desktop,Bank Transfer,FALSE,3,FALSE,3,2,Free,High,2
1440,39,Female,Mymensingh,Home,50.57,32,Desktop,Debit Card,TRUE,7,FALSE,5,12,Premium,High,2
1441,60,Other,Dhaka,Sports,196.32,19,Desktop,Debit Card,TRUE,5,FALSE,4,6,Premium,Low,0
1442,23,Male,Rajshahi,Clothing,681.07,2,Desktop,Debit Card,FALSE,9,FALSE,5,3,Trial,High,2
1443,42,Female,Rajshahi,Electronics,585.6,48,Tablet,Credit Card,TRUE,4,TRUE,4,5,Trial,Medium,1
1444,53,Male,Rajshahi,Sports,59.47,59,Tablet,Bank Transfer,TRUE,8,FALSE,4,10,Premium,High,2
1445,35,Female,Rangpur,Clothing,553.65,18,Desktop,Credit Card,FALSE,9,TRUE,3,13,Free,High,2
1446,53,Other,Khulna,Clothing,987.26,33,Desktop,Credit Card,TRUE,4,FALSE,4,2,Free,Medium,1
1447,37,Male,Khulna,Beauty,713.63,39,Desktop,Cash on Delivery,TRUE,7,FALSE,5,1,Free,High,2
1448,40,Female,Rangpur,Home,173.03,23,Desktop,Bank Transfer,TRUE,3,FALSE,3,1,Trial,High,2
1449,47,Male,Dhaka,Sports,462.12,9,Tablet,Debit Card,FALSE,3,FALSE,1,12,Trial,Low,0
1450,56,Other,Rajshahi,Electronics,422.43,9,Tablet,Bank Transfer,TRUE,5,FALSE,3,2,Premium,High,2
1451,56,Male,Dhaka,Home,552.44,36,Mobile,Credit Card,TRUE,6,TRUE,3,7,Free,Low,0
1452,39,Other,Dhaka,Books,861.55,55,Tablet,Credit Card,FALSE,3,TRUE,3,11,Trial,Medium,1
1453,66,Male,Sylhet,Home,159.9,15,Desktop,PayPal,TRUE,2,FALSE,5,6,Premium,High,2
1454,62,Other,Khulna,Toys,324.98,28,Tablet,Debit Card,TRUE,8,FALSE,3,13,Trial,Medium,1
1455,53,Female,Khulna,Groceries,389.82,27,Mobile,Bank Transfer,TRUE,4,FALSE,2,5,Premium,High,2
1456,48,Female,Khulna,Sports,403.25,4,Desktop,PayPal,TRUE,6,FALSE,5,10,Free,High,2
1457,24,Male,Khulna,Toys,26.38,54,Mobile,PayPal,FALSE,8,FALSE,1,1,Trial,Low,0
1458,31,Male,Barisal,Home,912.94,45,Mobile,Debit Card,FALSE,5,TRUE,5,8,Premium,Medium,1
1459,38,Other,Rajshahi,Electronics,814.52,55,Tablet,Cash on Delivery,FALSE,6,TRUE,2,9,Trial,Low,0
1460,32,Male,Sylhet,Groceries,197.82,26,Mobile,Debit Card,FALSE,8,FALSE,2,5,Premium,Low,0
1461,56,Female,Sylhet,Home,88.2,26,Desktop,Cash on Delivery,TRUE,9,FALSE,2,8,Trial,Low,0
1462,65,Other,Barisal,Books,113.07,33,Tablet,Cash on Delivery,TRUE,8,FALSE,5,7,Free,Low,0
1463,32,Female,Mymensingh,Toys,566.55,9,Tablet,Credit Card,TRUE,9,FALSE,3,4,Free,Low,0
1464,44,Female,Chittagong,Electronics,86.04,12,Tablet,Bank Transfer,TRUE,3,TRUE,5,10,Trial,Low,0
1465,46,Other,Rangpur,Home,344.78,43,Tablet,PayPal,TRUE,7,FALSE,3,3,Free,Medium,1
1466,36,Other,Rangpur,Books,498.38,24,Mobile,Cash on Delivery,FALSE,2,FALSE,3,1,Premium,High,2
1467,67,Male,Mymensingh,Electronics,627.76,24,Tablet,Debit Card,TRUE,6,TRUE,3,9,Trial,Low,0
1468,49,Other,Mymensingh,Clothing,327.92,38,Mobile,PayPal,FALSE,1,TRUE,2,9,Free,Medium,1
1469,58,Female,Mymensingh,Beauty,34.26,24,Mobile,PayPal,TRUE,7,TRUE,4,6,Premium,High,2
1470,34,Other,Barisal,Home,97.23,37,Desktop,Debit Card,FALSE,2,FALSE,4,8,Premium,Medium,1
1471,20,Male,Khulna,Groceries,544.26,50,Desktop,PayPal,FALSE,5,TRUE,5,4,Trial,Low,0
1472,30,Female,Dhaka,Clothing,190.55,15,Desktop,Credit Card,TRUE,6,TRUE,1,7,Premium,Medium,1
1473,48,Female,Khulna,Books,49.94,54,Tablet,Bank Transfer,FALSE,9,TRUE,5,1,Free,Low,0
1474,53,Male,Chittagong,Books,518.45,5,Mobile,Credit Card,TRUE,7,FALSE,3,12,Free,High,2
1475,43,Male,Sylhet,Home,170.48,23,Tablet,Debit Card,FALSE,1,FALSE,4,13,Free,Medium,1
1476,46,Female,Chittagong,Electronics,133.01,24,Desktop,PayPal,FALSE,1,FALSE,3,4,Free,Low,0
1477,48,Other,Rajshahi,Toys,689.31,31,Mobile,Bank Transfer,FALSE,1,FALSE,2,5,Premium,Low,0
1478,29,Other,Barisal,Home,523.94,36,Tablet,PayPal,TRUE,2,FALSE,1,9,Trial,Low,0
1479,33,Female,Chittagong,Home,109.41,32,Tablet,Credit Card,FALSE,4,FALSE,4,11,Free,Low,0
1480,57,Male,Rajshahi,Home,55.89,59,Mobile,Bank Transfer,TRUE,6,FALSE,2,8,Premium,Medium,1
1481,29,Male,Rajshahi,Toys,616.53,50,Tablet,Credit Card,FALSE,6,FALSE,2,9,Free,High,2
1482,35,Other,Chittagong,Beauty,143.96,53,Mobile,PayPal,FALSE,6,TRUE,2,6,Free,High,2
1483,42,Female,Dhaka,Home,534.04,24,Mobile,Cash on Delivery,TRUE,4,TRUE,5,4,Free,High,2
1484,62,Other,Khulna,Home,29.02,30,Tablet,Cash on Delivery,TRUE,4,TRUE,5,13,Premium,Medium,1
1485,24,Other,Sylhet,Home,478.26,22,Desktop,Cash on Delivery,TRUE,1,TRUE,1,8,Free,High,2
1486,25,Male,Rajshahi,Sports,684.27,29,Tablet,PayPal,TRUE,5,TRUE,2,13,Trial,Low,0
1487,52,Male,Sylhet,Electronics,394.12,18,Tablet,Bank Transfer,FALSE,2,TRUE,4,11,Trial,High,2
1488,56,Male,Dhaka,Clothing,866.1,21,Tablet,Credit Card,FALSE,9,TRUE,4,10,Premium,Low,0
1489,32,Female,Chittagong,Sports,776.67,55,Mobile,PayPal,FALSE,1,TRUE,3,3,Trial,High,2
1490,24,Male,Sylhet,Clothing,244.43,54,Mobile,PayPal,TRUE,4,FALSE,1,3,Premium,High,2
1491,46,Other,Khulna,Electronics,115.99,46,Tablet,PayPal,FALSE,8,TRUE,5,12,Free,Medium,1
1492,60,Other,Mymensingh,Beauty,822.44,1,Mobile,Credit Card,TRUE,6,FALSE,4,5,Free,Low,0
1493,58,Other,Sylhet,Electronics,748.47,17,Tablet,Credit Card,FALSE,9,TRUE,2,7,Free,Low,0
1494,67,Female,Sylhet,Beauty,394.69,48,Desktop,Cash on Delivery,TRUE,8,TRUE,5,12,Premium,Medium,1
1495,32,Other,Dhaka,Beauty,489.13,29,Mobile,Credit Card,FALSE,6,FALSE,1,2,Free,Low,0
1496,39,Female,Chittagong,Books,663.22,28,Tablet,Bank Transfer,TRUE,9,TRUE,5,8,Trial,Medium,1
1497,23,Female,Sylhet,Books,185.46,6,Desktop,Credit Card,FALSE,9,TRUE,3,9,Trial,Low,0
1498,22,Male,Khulna,Clothing,988.19,6,Tablet,Cash on Delivery,TRUE,2,FALSE,5,12,Trial,Low,0
1499,39,Female,Dhaka,Groceries,417.65,5,Desktop,Credit Card,FALSE,4,TRUE,2,5,Free,Medium,1
1500,57,Other,Khulna,Groceries,940.06,11,Desktop,Cash on Delivery,FALSE,8,FALSE,3,4,Trial,High,2
1501,52,Male,Sylhet,Home,978.99,3,Tablet,Cash on Delivery,FALSE,2,FALSE,1,12,Premium,High,2
1502,63,Female,Sylhet,Sports,768.94,13,Tablet,Bank Transfer,FALSE,3,TRUE,3,11,Premium,High,2
1503,56,Other,Sylhet,Clothing,950.83,17,Tablet,Credit Card,TRUE,6,FALSE,5,1,Free,High,2
1504,57,Other,Sylhet,Books,336.94,51,Mobile,Debit Card,FALSE,4,TRUE,3,11,Free,Medium,1
1505,18,Male,Rajshahi,Clothing,736.54,35,Tablet,Debit Card,TRUE,6,TRUE,2,2,Trial,Medium,1
1506,59,Male,Khulna,Electronics,681.29,39,Tablet,Cash on Delivery,TRUE,8,FALSE,1,10,Premium,Medium,1
1507,18,Male,Khulna,Sports,973.8,30,Desktop,Debit Card,TRUE,9,FALSE,4,11,Trial,Low,0
1508,36,Other,Barisal,Home,732.48,23,Tablet,PayPal,FALSE,1,TRUE,3,2,Trial,High,2
1509,32,Male,Rajshahi,Beauty,45.71,13,Tablet,PayPal,TRUE,2,FALSE,4,9,Free,High,2
1510,18,Male,Khulna,Groceries,446.63,13,Mobile,Debit Card,TRUE,4,FALSE,5,10,Trial,Low,0
1511,47,Female,Rangpur,Beauty,198.42,28,Mobile,Cash on Delivery,TRUE,6,TRUE,3,7,Free,Medium,1
1512,41,Other,Khulna,Beauty,584.34,3,Mobile,Bank Transfer,FALSE,3,TRUE,4,1,Trial,High,2
1513,29,Male,Barisal,Electronics,755.31,29,Desktop,Credit Card,TRUE,5,FALSE,3,5,Trial,Medium,1
1514,50,Female,Chittagong,Home,186.4,9,Tablet,PayPal,FALSE,2,FALSE,3,9,Free,Low,0
1515,21,Male,Barisal,Groceries,633.79,54,Desktop,Cash on Delivery,FALSE,7,FALSE,5,6,Premium,Low,0
1516,43,Male,Khulna,Electronics,128.88,27,Tablet,Credit Card,TRUE,1,TRUE,1,5,Trial,Medium,1
1517,64,Other,Barisal,Home,409.42,59,Mobile,Credit Card,FALSE,8,TRUE,4,10,Premium,Medium,1
1518,20,Female,Khulna,Clothing,697.14,21,Tablet,Cash on Delivery,FALSE,1,TRUE,3,10,Premium,Low,0
1519,53,Male,Barisal,Clothing,140.69,27,Desktop,Credit Card,FALSE,8,TRUE,5,9,Premium,Medium,1
1520,57,Female,Sylhet,Clothing,495.76,27,Mobile,Debit Card,FALSE,9,TRUE,1,11,Trial,Low,0
1521,31,Female,Khulna,Home,441.65,44,Mobile,Credit Card,TRUE,2,TRUE,3,9,Free,High,2
1522,54,Male,Barisal,Clothing,627.39,23,Desktop,Bank Transfer,TRUE,8,TRUE,4,7,Premium,High,2
1523,47,Female,Mymensingh,Beauty,619.57,3,Tablet,PayPal,FALSE,9,FALSE,4,3,Free,Low,0
1524,26,Other,Rangpur,Beauty,95.64,47,Desktop,Bank Transfer,TRUE,2,FALSE,2,11,Premium,Low,0
1525,53,Female,Chittagong,Beauty,112.92,14,Mobile,Credit Card,TRUE,6,TRUE,4,6,Premium,High,2
1526,52,Other,Barisal,Sports,558.05,56,Tablet,Debit Card,FALSE,9,FALSE,1,2,Free,High,2
1527,66,Female,Dhaka,Beauty,140.3,40,Mobile,Debit Card,FALSE,1,TRUE,5,9,Premium,Low,0
1528,24,Other,Dhaka,Electronics,716.13,11,Tablet,PayPal,FALSE,2,FALSE,2,2,Premium,Low,0
1529,18,Female,Rajshahi,Sports,654.24,5,Tablet,Credit Card,FALSE,2,TRUE,2,7,Free,High,2
1530,24,Male,Khulna,Groceries,783.63,12,Desktop,Debit Card,TRUE,8,TRUE,4,7,Premium,High,2
1531,37,Other,Sylhet,Books,794.2,9,Mobile,Bank Transfer,FALSE,2,TRUE,3,10,Free,Low,0
1532,50,Other,Dhaka,Toys,951.43,1,Tablet,Cash on Delivery,TRUE,8,TRUE,5,13,Free,Low,0
1533,34,Male,Mymensingh,Clothing,312.12,10,Mobile,Credit Card,TRUE,1,TRUE,5,10,Free,Medium,1
1534,30,Female,Chittagong,Books,255.03,3,Mobile,Credit Card,FALSE,2,TRUE,2,7,Trial,Low,0
1535,31,Female,Mymensingh,Home,980.88,1,Tablet,Bank Transfer,FALSE,2,TRUE,3,10,Trial,Low,0
1536,19,Other,Mymensingh,Books,842.56,28,Mobile,PayPal,FALSE,9,FALSE,1,7,Free,High,2
1537,54,Female,Mymensingh,Books,962.18,45,Tablet,Debit Card,FALSE,2,FALSE,4,13,Trial,Medium,1
1538,60,Female,Rajshahi,Beauty,806.57,25,Mobile,PayPal,FALSE,2,FALSE,4,6,Premium,High,2
1539,39,Female,Mymensingh,Home,796.75,32,Desktop,Bank Transfer,TRUE,4,TRUE,5,12,Free,High,2
1540,53,Other,Rajshahi,Electronics,535.82,7,Desktop,PayPal,TRUE,4,TRUE,4,12,Premium,Low,0
1541,36,Other,Mymensingh,Books,906.94,19,Desktop,Cash on Delivery,TRUE,5,FALSE,2,1,Free,Medium,1
1542,50,Male,Rajshahi,Toys,56.25,51,Desktop,PayPal,TRUE,8,FALSE,4,4,Free,Low,0
1543,37,Other,Chittagong,Groceries,321.32,52,Tablet,Debit Card,FALSE,1,TRUE,2,12,Premium,High,2
1544,32,Female,Mymensingh,Clothing,929.75,50,Mobile,PayPal,TRUE,5,FALSE,3,5,Premium,High,2
1545,64,Female,Sylhet,Electronics,995.48,42,Tablet,PayPal,FALSE,6,TRUE,2,8,Trial,High,2
1546,40,Female,Chittagong,Clothing,922.75,59,Mobile,Credit Card,TRUE,8,FALSE,5,13,Trial,Medium,1
1547,21,Female,Dhaka,Books,497.58,45,Mobile,PayPal,FALSE,8,FALSE,3,1,Trial,Medium,1
1548,68,Male,Sylhet,Groceries,942.56,12,Mobile,Bank Transfer,FALSE,8,FALSE,1,12,Free,Medium,1
1549,42,Male,Chittagong,Toys,277.98,3,Tablet,PayPal,FALSE,7,TRUE,4,6,Trial,Medium,1
1550,27,Other,Mymensingh,Beauty,946.03,43,Mobile,Credit Card,TRUE,8,FALSE,3,3,Premium,High,2
1551,60,Female,Rangpur,Groceries,546.31,5,Desktop,Bank Transfer,TRUE,8,TRUE,1,5,Trial,High,2
1552,31,Other,Rajshahi,Clothing,499.3,59,Tablet,Credit Card,TRUE,4,TRUE,5,13,Free,High,2
1553,48,Female,Dhaka,Clothing,190.27,45,Desktop,Bank Transfer,TRUE,4,TRUE,3,12,Free,Low,0
1554,43,Male,Dhaka,Clothing,116.36,12,Tablet,PayPal,TRUE,5,FALSE,2,7,Premium,Low,0
1555,57,Other,Rangpur,Electronics,303.39,48,Mobile,Bank Transfer,FALSE,3,FALSE,2,1,Free,Medium,1
1556,28,Other,Mymensingh,Toys,136.53,45,Tablet,PayPal,TRUE,1,FALSE,1,11,Free,High,2
1557,28,Female,Sylhet,Clothing,558.11,35,Desktop,Debit Card,TRUE,9,TRUE,5,10,Free,Medium,1
1558,25,Male,Khulna,Sports,771.4,54,Desktop,PayPal,FALSE,2,FALSE,2,2,Premium,Low,0
1559,58,Female,Barisal,Groceries,624.62,58,Mobile,PayPal,TRUE,1,FALSE,2,3,Trial,Medium,1
1560,67,Male,Barisal,Clothing,435.17,27,Tablet,Credit Card,TRUE,3,FALSE,1,1,Trial,High,2
1561,60,Other,Rajshahi,Electronics,814.2,4,Mobile,PayPal,TRUE,7,TRUE,2,13,Premium,Low,0
1562,42,Male,Chittagong,Groceries,131.39,5,Desktop,Cash on Delivery,TRUE,1,FALSE,4,3,Free,High,2
1563,32,Other,Barisal,Beauty,517.75,31,Tablet,Debit Card,TRUE,7,FALSE,4,5,Trial,High,2
1564,23,Other,Dhaka,Books,93.47,2,Tablet,PayPal,FALSE,7,FALSE,3,3,Trial,Medium,1
1565,26,Male,Khulna,Toys,642.16,59,Mobile,Bank Transfer,TRUE,8,FALSE,5,12,Trial,High,2
1566,63,Other,Rajshahi,Sports,512.33,13,Tablet,Bank Transfer,FALSE,3,FALSE,3,13,Premium,Low,0
1567,44,Other,Rangpur,Home,453.01,47,Mobile,Credit Card,TRUE,2,FALSE,2,10,Premium,Medium,1
1568,47,Male,Mymensingh,Sports,821.88,30,Desktop,Credit Card,TRUE,9,FALSE,3,10,Free,High,2
1569,28,Female,Sylhet,Sports,816.04,51,Desktop,Debit Card,FALSE,6,TRUE,2,1,Trial,High,2
1570,32,Female,Dhaka,Beauty,136.59,26,Tablet,Credit Card,TRUE,9,FALSE,3,3,Premium,High,2
1571,64,Male,Sylhet,Sports,623.84,51,Desktop,Credit Card,FALSE,1,TRUE,1,10,Premium,High,2
1572,21,Male,Dhaka,Toys,330.13,40,Tablet,Debit Card,TRUE,6,FALSE,1,1,Free,Low,0
1573,37,Male,Dhaka,Electronics,264.79,40,Desktop,PayPal,FALSE,7,TRUE,1,1,Premium,High,2
1574,52,Male,Rajshahi,Toys,661.31,50,Desktop,PayPal,FALSE,5,FALSE,1,6,Free,Low,0
1575,63,Female,Mymensingh,Sports,667.63,47,Mobile,Bank Transfer,FALSE,4,TRUE,2,12,Free,Low,0
1576,53,Male,Rangpur,Electronics,399.96,1,Tablet,Cash on Delivery,FALSE,3,FALSE,4,12,Free,High,2
1577,64,Male,Mymensingh,Sports,489.35,17,Mobile,Cash on Delivery,TRUE,8,TRUE,1,1,Free,High,2
1578,35,Female,Chittagong,Toys,939.93,19,Mobile,PayPal,FALSE,2,TRUE,3,1,Free,Medium,1
1579,69,Female,Mymensingh,Books,364.11,18,Mobile,Credit Card,TRUE,9,FALSE,4,2,Premium,Medium,1
1580,27,Male,Barisal,Beauty,602.01,11,Mobile,Cash on Delivery,TRUE,3,TRUE,1,1,Premium,Low,0
1581,64,Female,Mymensingh,Sports,697.44,51,Mobile,PayPal,FALSE,1,FALSE,4,6,Premium,Medium,1
1582,55,Other,Mymensingh,Beauty,128.01,46,Tablet,Bank Transfer,FALSE,9,TRUE,2,9,Trial,Medium,1
1583,37,Female,Chittagong,Sports,412.27,24,Tablet,Bank Transfer,FALSE,8,FALSE,3,2,Premium,High,2
1584,23,Female,Chittagong,Beauty,351.97,6,Mobile,Bank Transfer,TRUE,1,TRUE,2,4,Premium,High,2
1585,19,Male,Mymensingh,Home,163.29,22,Tablet,Debit Card,FALSE,6,TRUE,1,9,Free,Medium,1
1586,20,Female,Khulna,Books,449.22,7,Tablet,PayPal,TRUE,2,FALSE,3,3,Premium,High,2
1587,28,Female,Barisal,Groceries,658.49,18,Mobile,PayPal,TRUE,3,TRUE,2,5,Premium,Low,0
1588,65,Female,Mymensingh,Toys,871.16,32,Desktop,Bank Transfer,FALSE,2,TRUE,1,10,Premium,Low,0
1589,53,Male,Chittagong,Toys,405.68,26,Mobile,Credit Card,FALSE,4,TRUE,3,6,Free,High,2
1590,68,Female,Rangpur,Sports,184.45,10,Tablet,Cash on Delivery,TRUE,2,FALSE,1,9,Free,Low,0
1591,50,Other,Rangpur,Groceries,117.35,53,Mobile,Cash on Delivery,TRUE,8,TRUE,5,3,Premium,Low,0
1592,24,Other,Rangpur,Home,700.68,55,Mobile,PayPal,TRUE,4,TRUE,4,9,Free,Low,0
1593,54,Male,Chittagong,Toys,963.73,35,Mobile,Cash on Delivery,TRUE,4,FALSE,3,13,Free,Low,0
1594,36,Other,Rajshahi,Clothing,777.61,7,Mobile,PayPal,FALSE,3,FALSE,1,5,Premium,Low,0
1595,21,Male,Sylhet,Electronics,780.38,36,Desktop,PayPal,FALSE,2,FALSE,2,8,Free,Low,0
1596,48,Other,Mymensingh,Sports,620.52,14,Tablet,Credit Card,TRUE,7,FALSE,2,12,Free,High,2
1597,24,Female,Rajshahi,Sports,510.17,50,Tablet,Cash on Delivery,TRUE,2,TRUE,3,1,Premium,Medium,1
1598,51,Female,Sylhet,Sports,262.37,22,Mobile,Bank Transfer,FALSE,1,FALSE,2,9,Trial,Medium,1
1599,25,Female,Rajshahi,Groceries,190.62,26,Desktop,Debit Card,TRUE,8,TRUE,5,3,Trial,Low,0
1600,19,Female,Barisal,Clothing,148.22,2,Mobile,Cash on Delivery,TRUE,9,TRUE,1,3,Trial,Low,0
1601,49,Female,Chittagong,Clothing,381.54,49,Mobile,Credit Card,TRUE,6,FALSE,2,11,Free,Low,0
1602,49,Other,Barisal,Sports,139.96,16,Mobile,Debit Card,TRUE,6,FALSE,3,2,Trial,Low,0
1603,52,Male,Khulna,Clothing,555.36,56,Tablet,Bank Transfer,FALSE,1,FALSE,1,13,Premium,Medium,1
1604,62,Other,Chittagong,Books,527.41,38,Tablet,PayPal,FALSE,7,TRUE,2,10,Trial,Medium,1
1605,31,Other,Mymensingh,Sports,305.64,10,Desktop,Bank Transfer,FALSE,4,FALSE,1,2,Trial,Low,0
1606,50,Other,Barisal,Sports,571.42,57,Mobile,Cash on Delivery,FALSE,6,TRUE,1,5,Premium,Medium,1
1607,38,Male,Khulna,Sports,377.8,53,Desktop,Cash on Delivery,TRUE,4,FALSE,1,10,Trial,High,2
1608,65,Male,Khulna,Beauty,215.81,29,Tablet,Bank Transfer,TRUE,7,FALSE,4,8,Free,Medium,1
1609,53,Female,Sylhet,Home,814.18,35,Mobile,Cash on Delivery,FALSE,7,FALSE,4,4,Premium,Low,0
1610,54,Female,Barisal,Clothing,779.3,44,Mobile,Credit Card,FALSE,1,FALSE,2,10,Free,High,2
1611,29,Male,Rangpur,Toys,348.36,15,Mobile,Cash on Delivery,TRUE,1,TRUE,2,10,Trial,High,2
1612,25,Other,Sylhet,Electronics,718.08,16,Desktop,Credit Card,TRUE,9,TRUE,1,13,Free,High,2
1613,68,Male,Rangpur,Books,73.72,17,Tablet,Credit Card,FALSE,6,TRUE,3,9,Free,Medium,1
1614,52,Female,Sylhet,Groceries,965.63,16,Mobile,Debit Card,TRUE,9,FALSE,2,3,Trial,Medium,1
1615,44,Male,Rajshahi,Electronics,133.33,16,Tablet,Cash on Delivery,FALSE,2,FALSE,5,1,Premium,High,2
1616,19,Female,Khulna,Groceries,159.31,8,Desktop,PayPal,FALSE,8,FALSE,2,7,Free,Medium,1
1617,68,Female,Khulna,Electronics,265.54,38,Mobile,Cash on Delivery,FALSE,4,TRUE,3,5,Premium,Low,0
1618,64,Other,Sylhet,Clothing,70.7,56,Desktop,PayPal,TRUE,5,TRUE,3,5,Premium,High,2
1619,52,Female,Khulna,Electronics,763.42,44,Mobile,Credit Card,FALSE,6,FALSE,1,5,Free,Low,0
1620,27,Other,Sylhet,Electronics,282.47,45,Tablet,Credit Card,FALSE,2,FALSE,3,7,Free,Medium,1
1621,26,Other,Rangpur,Groceries,587.13,36,Desktop,Debit Card,TRUE,9,FALSE,3,6,Free,High,2
1622,42,Other,Dhaka,Books,169.01,49,Tablet,Bank Transfer,FALSE,6,FALSE,2,7,Trial,High,2
1623,20,Other,Dhaka,Beauty,458.96,5,Tablet,Debit Card,FALSE,7,TRUE,2,10,Premium,High,2
1624,39,Other,Mymensingh,Home,389.46,17,Desktop,Debit Card,TRUE,9,TRUE,1,10,Free,High,2
1625,22,Other,Chittagong,Clothing,216.17,58,Desktop,PayPal,TRUE,4,FALSE,3,4,Premium,Low,0
1626,58,Male,Chittagong,Clothing,61.53,59,Mobile,Bank Transfer,TRUE,9,FALSE,3,11,Free,Medium,1
1627,51,Male,Rajshahi,Books,620.47,27,Tablet,Bank Transfer,FALSE,3,FALSE,3,13,Premium,Medium,1
1628,64,Other,Sylhet,Toys,714.51,26,Desktop,Bank Transfer,TRUE,4,FALSE,1,13,Free,Low,0
1629,54,Other,Chittagong,Groceries,719.94,12,Desktop,Credit Card,TRUE,1,FALSE,2,13,Trial,Low,0
1630,59,Male,Rajshahi,Beauty,655.8,31,Desktop,Credit Card,FALSE,3,TRUE,5,3,Premium,Low,0
1631,26,Male,Rangpur,Groceries,591.23,14,Tablet,PayPal,TRUE,3,FALSE,3,8,Trial,High,2
1632,63,Female,Khulna,Beauty,464.92,46,Desktop,Debit Card,TRUE,5,TRUE,5,4,Trial,High,2
1633,62,Female,Mymensingh,Toys,520.13,26,Desktop,Cash on Delivery,FALSE,2,FALSE,5,13,Premium,Low,0
1634,58,Male,Barisal,Books,677.18,46,Tablet,PayPal,FALSE,2,TRUE,2,4,Premium,Low,0
1635,66,Male,Sylhet,Beauty,824.87,37,Desktop,PayPal,FALSE,3,FALSE,3,7,Free,High,2
1636,36,Male,Khulna,Toys,191.2,19,Tablet,Bank Transfer,FALSE,7,TRUE,4,10,Premium,Low,0
1637,69,Male,Rajshahi,Home,850.53,51,Desktop,PayPal,FALSE,7,TRUE,4,1,Trial,Low,0
1638,27,Female,Barisal,Toys,926.71,19,Tablet,Bank Transfer,TRUE,6,FALSE,5,3,Trial,Low,0
1639,40,Other,Khulna,Books,890.69,18,Tablet,PayPal,FALSE,4,TRUE,5,5,Trial,Medium,1
1640,19,Female,Khulna,Books,344.37,26,Desktop,PayPal,FALSE,9,TRUE,4,1,Free,High,2
1641,52,Male,Rangpur,Electronics,362.01,18,Desktop,Bank Transfer,FALSE,9,TRUE,4,12,Free,Low,0
1642,32,Female,Dhaka,Sports,537.51,30,Tablet,Debit Card,TRUE,6,FALSE,2,1,Trial,Medium,1
1643,63,Female,Sylhet,Home,342.12,18,Tablet,Debit Card,TRUE,9,TRUE,4,9,Trial,High,2
1644,18,Other,Barisal,Groceries,323.69,9,Mobile,Cash on Delivery,TRUE,8,TRUE,3,11,Trial,Medium,1
1645,47,Female,Sylhet,Sports,496.95,21,Tablet,PayPal,FALSE,8,FALSE,4,7,Free,Low,0
1646,32,Other,Khulna,Clothing,669.09,28,Tablet,Debit Card,FALSE,8,TRUE,1,7,Free,Medium,1
1647,33,Male,Rajshahi,Books,412.34,25,Mobile,Credit Card,TRUE,1,FALSE,2,8,Free,High,2
1648,57,Female,Rajshahi,Clothing,250.11,45,Desktop,Bank Transfer,TRUE,2,FALSE,3,12,Trial,Low,0
1649,66,Male,Dhaka,Groceries,795.43,18,Mobile,PayPal,FALSE,7,FALSE,1,5,Free,High,2
1650,27,Male,Sylhet,Electronics,289.99,25,Desktop,PayPal,TRUE,2,FALSE,3,1,Premium,Low,0
1651,29,Male,Mymensingh,Sports,10.15,24,Tablet,Cash on Delivery,TRUE,1,FALSE,4,4,Free,Medium,1
1652,46,Male,Chittagong,Sports,711.72,30,Tablet,Debit Card,FALSE,5,FALSE,5,13,Premium,Medium,1
1653,28,Female,Barisal,Books,378.58,2,Tablet,Bank Transfer,TRUE,7,FALSE,4,5,Premium,High,2
1654,23,Male,Mymensingh,Toys,33.79,32,Mobile,Bank Transfer,FALSE,8,TRUE,5,12,Premium,Low,0
1655,69,Male,Chittagong,Beauty,876.47,9,Mobile,Cash on Delivery,FALSE,5,TRUE,5,2,Trial,Low,0
1656,51,Male,Sylhet,Clothing,747.38,40,Mobile,Cash on Delivery,TRUE,3,TRUE,3,7,Free,Low,0
1657,30,Male,Chittagong,Groceries,899.78,6,Desktop,Bank Transfer,FALSE,9,TRUE,3,13,Trial,Medium,1
1658,53,Other,Khulna,Sports,861.12,41,Mobile,PayPal,FALSE,7,FALSE,4,13,Trial,Low,0
1659,59,Other,Rangpur,Sports,274.52,8,Mobile,Debit Card,TRUE,7,FALSE,3,11,Trial,High,2
1660,34,Female,Barisal,Sports,59.77,10,Mobile,Debit Card,FALSE,8,TRUE,4,11,Trial,Medium,1
1661,45,Female,Rajshahi,Toys,524.2,15,Mobile,Bank Transfer,TRUE,7,TRUE,1,13,Trial,Low,0
1662,19,Other,Chittagong,Beauty,349.31,15,Mobile,Cash on Delivery,FALSE,3,FALSE,1,9,Free,Low,0
1663,48,Female,Barisal,Electronics,991.22,1,Desktop,Debit Card,FALSE,1,FALSE,1,1,Premium,Medium,1
1664,31,Other,Chittagong,Clothing,343.52,38,Mobile,Cash on Delivery,FALSE,6,FALSE,1,11,Free,High,2
1665,51,Male,Rangpur,Home,965.45,43,Tablet,Credit Card,FALSE,6,FALSE,2,2,Trial,Low,0
1666,36,Other,Chittagong,Home,157.53,6,Desktop,PayPal,FALSE,2,FALSE,2,7,Premium,Medium,1
1667,51,Other,Rajshahi,Home,878.35,27,Tablet,Bank Transfer,FALSE,3,TRUE,1,1,Trial,Medium,1
1668,19,Other,Dhaka,Clothing,570.63,45,Mobile,Credit Card,TRUE,3,TRUE,1,11,Free,Medium,1
1669,31,Male,Sylhet,Books,965.13,47,Tablet,Debit Card,FALSE,6,TRUE,3,1,Premium,Low,0
1670,18,Female,Dhaka,Toys,723.82,48,Mobile,Debit Card,FALSE,3,FALSE,5,12,Free,Low,0
1671,24,Male,Chittagong,Home,404.43,18,Tablet,Debit Card,TRUE,4,FALSE,2,12,Free,High,2
1672,45,Male,Barisal,Home,820.86,7,Mobile,PayPal,FALSE,5,FALSE,2,3,Premium,Low,0
1673,44,Female,Chittagong,Books,747.76,47,Mobile,Debit Card,FALSE,6,FALSE,2,9,Premium,Low,0
1674,18,Male,Mymensingh,Toys,324.61,6,Mobile,Credit Card,FALSE,5,TRUE,1,4,Trial,High,2
1675,61,Other,Rajshahi,Beauty,195.93,3,Mobile,Credit Card,FALSE,7,TRUE,1,9,Trial,Low,0
1676,52,Other,Mymensingh,Beauty,704.37,6,Mobile,Cash on Delivery,FALSE,6,FALSE,1,1,Trial,Low,0
1677,42,Male,Barisal,Home,27.44,37,Mobile,PayPal,TRUE,1,TRUE,5,13,Free,Medium,1
1678,29,Male,Rangpur,Books,132.36,38,Tablet,Bank Transfer,TRUE,9,FALSE,1,4,Free,High,2
1679,61,Other,Dhaka,Toys,971.3,33,Tablet,Cash on Delivery,TRUE,5,TRUE,5,8,Free,Medium,1
1680,31,Female,Rangpur,Clothing,449.45,53,Mobile,Credit Card,TRUE,2,FALSE,1,7,Free,High,2
1681,42,Male,Khulna,Clothing,693.73,32,Mobile,Debit Card,FALSE,3,TRUE,1,1,Trial,High,2
1682,59,Other,Mymensingh,Electronics,858.52,12,Desktop,Debit Card,TRUE,4,FALSE,1,9,Free,Low,0
1683,59,Male,Rangpur,Beauty,905.04,5,Tablet,Bank Transfer,FALSE,3,FALSE,3,7,Premium,Medium,1
1684,60,Other,Barisal,Books,307.89,50,Desktop,Credit Card,FALSE,1,TRUE,4,11,Trial,Low,0
1685,43,Other,Khulna,Sports,720.32,11,Desktop,PayPal,FALSE,1,TRUE,4,6,Trial,Medium,1
1686,34,Female,Chittagong,Beauty,761.09,50,Tablet,Debit Card,TRUE,3,TRUE,5,1,Free,High,2
1687,66,Other,Chittagong,Groceries,878.89,47,Desktop,Credit Card,TRUE,7,FALSE,4,9,Trial,Medium,1
1688,68,Other,Rangpur,Books,537.32,2,Mobile,Debit Card,TRUE,9,FALSE,3,7,Free,Low,0
1689,26,Female,Sylhet,Beauty,314.77,33,Tablet,PayPal,TRUE,9,FALSE,1,4,Premium,Medium,1
1690,36,Female,Dhaka,Sports,87.69,56,Tablet,Cash on Delivery,FALSE,2,TRUE,2,6,Trial,Low,0
1691,39,Female,Sylhet,Groceries,407.22,46,Desktop,Credit Card,TRUE,7,FALSE,3,1,Free,Low,0
1692,67,Female,Mymensingh,Books,384.64,39,Tablet,Credit Card,TRUE,4,TRUE,5,8,Free,High,2
1693,57,Male,Rajshahi,Toys,769.91,49,Tablet,PayPal,TRUE,7,TRUE,4,12,Free,Medium,1
1694,37,Female,Khulna,Toys,186.34,58,Mobile,Bank Transfer,FALSE,2,TRUE,5,5,Trial,High,2
1695,42,Other,Rangpur,Beauty,513.42,16,Tablet,Bank Transfer,FALSE,3,TRUE,5,5,Free,Low,0
1696,49,Female,Rajshahi,Groceries,38.3,43,Tablet,Debit Card,FALSE,5,FALSE,5,13,Trial,Medium,1
1697,20,Female,Rangpur,Beauty,831.32,20,Mobile,Debit Card,FALSE,7,TRUE,3,4,Premium,High,2
1698,34,Other,Sylhet,Electronics,443.92,36,Desktop,Credit Card,FALSE,7,TRUE,5,4,Free,High,2
1699,31,Other,Dhaka,Sports,265.8,33,Desktop,Credit Card,FALSE,3,FALSE,4,4,Premium,High,2
1700,52,Female,Rajshahi,Groceries,135.93,29,Desktop,Credit Card,FALSE,4,FALSE,4,11,Trial,Medium,1
1701,35,Male,Khulna,Home,113.76,57,Mobile,Credit Card,TRUE,3,TRUE,4,4,Trial,High,2
1702,23,Female,Rajshahi,Groceries,704.91,36,Mobile,Credit Card,FALSE,4,FALSE,1,8,Free,Low,0
1703,44,Female,Sylhet,Groceries,386.08,37,Tablet,PayPal,FALSE,4,TRUE,5,2,Free,Low,0
1704,62,Other,Mymensingh,Electronics,528.95,42,Mobile,Cash on Delivery,FALSE,9,TRUE,1,13,Free,Low,0
1705,40,Male,Chittagong,Sports,19.41,2,Tablet,Credit Card,FALSE,8,FALSE,2,12,Premium,Medium,1
1706,35,Female,Khulna,Groceries,756.62,34,Tablet,Credit Card,TRUE,8,FALSE,5,8,Free,Medium,1
1707,32,Male,Dhaka,Groceries,37.9,50,Tablet,Debit Card,TRUE,4,FALSE,2,3,Premium,High,2
1708,44,Female,Rangpur,Books,287.16,59,Mobile,Debit Card,TRUE,6,TRUE,1,9,Premium,Low,0
1709,24,Male,Barisal,Sports,386.51,31,Tablet,Cash on Delivery,FALSE,6,TRUE,5,1,Free,High,2
1710,30,Female,Sylhet,Books,771.5,35,Mobile,Cash on Delivery,TRUE,3,TRUE,4,6,Trial,Medium,1
1711,26,Female,Mymensingh,Books,585.71,6,Mobile,Cash on Delivery,FALSE,7,TRUE,2,13,Trial,Medium,1
1712,62,Male,Sylhet,Groceries,299.55,43,Tablet,Debit Card,TRUE,1,FALSE,1,6,Trial,High,2
1713,48,Male,Chittagong,Beauty,96.98,14,Desktop,Credit Card,TRUE,8,TRUE,1,3,Trial,Low,0
1714,60,Male,Khulna,Books,857.34,5,Tablet,PayPal,TRUE,3,FALSE,2,13,Trial,Medium,1
1715,46,Other,Dhaka,Electronics,766.8,48,Desktop,PayPal,TRUE,3,FALSE,4,3,Trial,Low,0
1716,29,Other,Chittagong,Beauty,280.66,39,Mobile,Credit Card,TRUE,3,TRUE,5,7,Premium,Low,0
1717,64,Other,Khulna,Home,146.81,33,Desktop,Bank Transfer,TRUE,6,TRUE,3,12,Premium,Medium,1
1718,20,Male,Dhaka,Clothing,342.29,14,Desktop,Debit Card,TRUE,3,FALSE,2,4,Free,High,2
1719,59,Male,Rangpur,Home,438.73,13,Mobile,Debit Card,TRUE,8,TRUE,1,12,Trial,Low,0
1720,67,Male,Chittagong,Electronics,333.25,35,Mobile,Bank Transfer,FALSE,3,FALSE,4,5,Free,High,2
1721,39,Female,Barisal,Clothing,740.38,32,Mobile,Debit Card,TRUE,3,TRUE,2,3,Premium,High,2
1722,60,Other,Chittagong,Books,97.02,42,Tablet,Bank Transfer,TRUE,3,FALSE,4,13,Free,High,2
1723,39,Female,Dhaka,Beauty,212.9,52,Desktop,Credit Card,TRUE,2,FALSE,1,1,Trial,Medium,1
1724,57,Other,Barisal,Toys,589.98,52,Mobile,PayPal,TRUE,5,TRUE,1,9,Premium,Low,0
1725,69,Other,Barisal,Home,900.72,54,Desktop,PayPal,TRUE,2,FALSE,5,7,Free,Low,0
1726,62,Male,Barisal,Books,73.16,56,Tablet,Cash on Delivery,FALSE,2,FALSE,1,4,Free,High,2
1727,62,Male,Khulna,Clothing,806.49,39,Mobile,Cash on Delivery,FALSE,9,TRUE,5,3,Free,Low,0
1728,21,Other,Sylhet,Books,768.22,38,Mobile,Credit Card,TRUE,8,TRUE,1,13,Premium,Medium,1
1729,43,Female,Khulna,Toys,300.51,57,Mobile,Debit Card,FALSE,9,FALSE,4,12,Premium,Medium,1
1730,36,Other,Sylhet,Home,842.59,35,Tablet,Credit Card,TRUE,1,FALSE,4,1,Trial,Medium,1
1731,63,Other,Sylhet,Electronics,394.16,28,Mobile,Bank Transfer,FALSE,9,TRUE,5,7,Premium,High,2
1732,61,Other,Mymensingh,Groceries,16.06,27,Desktop,Bank Transfer,FALSE,1,TRUE,4,5,Trial,Medium,1
1733,28,Male,Khulna,Electronics,745.55,7,Tablet,PayPal,FALSE,4,TRUE,5,6,Premium,Medium,1
1734,45,Male,Chittagong,Groceries,246.99,27,Mobile,Cash on Delivery,TRUE,9,FALSE,4,12,Premium,Medium,1
1735,38,Female,Barisal,Books,705.97,11,Desktop,Cash on Delivery,FALSE,9,TRUE,4,2,Premium,High,2
1736,31,Other,Rajshahi,Books,114.31,14,Tablet,Debit Card,FALSE,7,FALSE,2,4,Premium,High,2
1737,25,Male,Khulna,Clothing,316,34,Mobile,Credit Card,TRUE,7,FALSE,3,12,Trial,Medium,1
1738,50,Female,Mymensingh,Groceries,144.44,42,Desktop,PayPal,TRUE,7,FALSE,5,1,Premium,High,2
1739,63,Other,Dhaka,Electronics,144.91,51,Desktop,Credit Card,TRUE,5,TRUE,1,4,Free,Low,0
1740,54,Male,Rangpur,Sports,810.77,15,Desktop,Bank Transfer,FALSE,6,FALSE,4,2,Premium,Medium,1
1741,39,Female,Sylhet,Toys,402.92,42,Tablet,PayPal,TRUE,1,TRUE,5,13,Free,Low,0
1742,67,Female,Barisal,Books,8.97,41,Desktop,Cash on Delivery,TRUE,5,FALSE,3,13,Trial,Medium,1
1743,57,Male,Sylhet,Toys,453.66,35,Desktop,Debit Card,FALSE,6,FALSE,2,4,Premium,Low,0
1744,41,Female,Rangpur,Groceries,864.66,45,Tablet,Debit Card,FALSE,8,FALSE,1,11,Premium,Low,0
1745,36,Female,Rajshahi,Home,761.32,6,Tablet,Credit Card,TRUE,2,FALSE,4,9,Trial,High,2
1746,21,Female,Mymensingh,Toys,360,21,Desktop,Debit Card,TRUE,2,TRUE,2,3,Premium,Low,0
1747,69,Male,Khulna,Books,266.14,15,Desktop,Credit Card,TRUE,7,TRUE,1,7,Trial,Medium,1
1748,44,Male,Sylhet,Sports,149.83,36,Tablet,Credit Card,FALSE,7,FALSE,1,13,Premium,Medium,1
1749,62,Male,Barisal,Electronics,777.62,5,Mobile,Cash on Delivery,FALSE,9,TRUE,4,2,Premium,Low,0
1750,61,Male,Dhaka,Toys,853.13,10,Tablet,Credit Card,TRUE,6,FALSE,4,3,Trial,Low,0
1751,62,Male,Rangpur,Electronics,610.7,15,Tablet,Cash on Delivery,FALSE,6,TRUE,5,8,Trial,Low,0
1752,46,Male,Sylhet,Clothing,195.1,7,Desktop,Debit Card,TRUE,9,TRUE,1,10,Free,Low,0
1753,24,Male,Mymensingh,Books,196.11,31,Tablet,Debit Card,TRUE,4,FALSE,2,6,Trial,Low,0
1754,57,Female,Sylhet,Clothing,208.21,4,Mobile,PayPal,FALSE,3,FALSE,1,2,Premium,High,2
1755,29,Male,Rajshahi,Electronics,676.33,45,Tablet,PayPal,TRUE,9,FALSE,4,6,Premium,High,2
1756,22,Female,Sylhet,Books,770.63,52,Tablet,Cash on Delivery,TRUE,2,FALSE,3,12,Free,Low,0
1757,66,Female,Dhaka,Groceries,179.45,52,Mobile,Credit Card,TRUE,5,TRUE,1,6,Premium,High,2
1758,52,Male,Dhaka,Groceries,373.27,48,Mobile,Bank Transfer,FALSE,9,TRUE,1,7,Trial,High,2
1759,66,Female,Barisal,Books,368.05,48,Desktop,Credit Card,FALSE,2,TRUE,2,7,Premium,Medium,1
1760,33,Other,Chittagong,Home,425.62,11,Tablet,PayPal,FALSE,9,TRUE,3,6,Free,Medium,1
1761,60,Male,Rangpur,Books,160.76,45,Mobile,Credit Card,FALSE,6,TRUE,5,2,Premium,Low,0
1762,61,Female,Mymensingh,Home,942.92,14,Tablet,Bank Transfer,FALSE,3,FALSE,1,13,Free,Medium,1
1763,33,Male,Khulna,Sports,959.57,8,Mobile,Credit Card,TRUE,4,TRUE,3,1,Trial,Medium,1
1764,29,Male,Mymensingh,Toys,46.8,15,Desktop,Cash on Delivery,TRUE,6,TRUE,1,8,Premium,Low,0
1765,59,Male,Chittagong,Groceries,467.14,48,Mobile,Bank Transfer,FALSE,3,FALSE,1,2,Premium,Low,0
1766,46,Male,Chittagong,Books,738.76,41,Mobile,Bank Transfer,FALSE,2,TRUE,5,5,Free,Medium,1
1767,40,Male,Dhaka,Groceries,420.61,21,Desktop,PayPal,FALSE,2,FALSE,4,4,Premium,High,2
1768,53,Female,Sylhet,Electronics,638.32,5,Desktop,Debit Card,TRUE,4,FALSE,2,12,Free,High,2
1769,69,Male,Barisal,Groceries,493.13,25,Desktop,Debit Card,TRUE,1,FALSE,4,5,Trial,High,2
1770,57,Female,Rangpur,Clothing,918.45,51,Tablet,Cash on Delivery,TRUE,9,FALSE,1,9,Free,Low,0
1771,67,Other,Khulna,Clothing,616.09,16,Tablet,Cash on Delivery,TRUE,2,FALSE,1,1,Premium,Low,0
1772,60,Male,Mymensingh,Groceries,865.81,48,Desktop,Bank Transfer,FALSE,4,FALSE,2,1,Free,Medium,1
1773,37,Male,Mymensingh,Home,115.36,51,Tablet,PayPal,TRUE,1,FALSE,4,5,Premium,High,2
1774,36,Female,Dhaka,Books,394.87,12,Tablet,Bank Transfer,FALSE,8,FALSE,4,1,Trial,High,2
1775,55,Other,Sylhet,Electronics,418.32,37,Tablet,Cash on Delivery,FALSE,7,FALSE,1,8,Free,High,2
1776,45,Male,Khulna,Electronics,600.34,9,Desktop,PayPal,FALSE,2,TRUE,5,3,Trial,Low,0
1777,29,Other,Chittagong,Clothing,178.08,57,Mobile,PayPal,TRUE,4,FALSE,5,7,Free,Medium,1
1778,39,Female,Khulna,Electronics,470.73,12,Desktop,PayPal,TRUE,4,TRUE,1,8,Trial,Medium,1
1779,28,Other,Dhaka,Clothing,873.13,10,Tablet,Cash on Delivery,FALSE,5,FALSE,1,11,Premium,Low,0
1780,32,Male,Dhaka,Home,638.6,10,Mobile,Debit Card,FALSE,4,TRUE,1,12,Premium,High,2
1781,31,Other,Rajshahi,Toys,106.01,21,Tablet,Bank Transfer,FALSE,1,TRUE,3,9,Premium,High,2
1782,20,Other,Rangpur,Home,293.89,17,Desktop,Bank Transfer,FALSE,2,TRUE,1,2,Trial,High,2
1783,18,Female,Rajshahi,Beauty,530.06,40,Mobile,Bank Transfer,FALSE,4,TRUE,5,2,Trial,High,2
1784,54,Other,Chittagong,Groceries,940.4,59,Mobile,PayPal,FALSE,9,TRUE,2,13,Trial,Low,0
1785,68,Other,Chittagong,Sports,322.11,28,Tablet,Credit Card,FALSE,6,TRUE,3,2,Premium,High,2
1786,54,Male,Chittagong,Books,782.91,37,Mobile,Bank Transfer,TRUE,8,TRUE,3,13,Free,Medium,1
1787,29,Female,Sylhet,Books,579.54,34,Tablet,Debit Card,FALSE,7,FALSE,2,6,Free,High,2
1788,66,Other,Rangpur,Groceries,150.17,51,Desktop,Credit Card,FALSE,9,FALSE,4,3,Trial,Medium,1
1789,22,Other,Barisal,Electronics,320.02,7,Desktop,PayPal,TRUE,1,FALSE,4,8,Trial,Low,0
1790,58,Female,Mymensingh,Toys,747.74,7,Tablet,Cash on Delivery,FALSE,5,TRUE,1,6,Free,Medium,1
1791,34,Male,Rajshahi,Electronics,465.04,17,Mobile,Debit Card,TRUE,6,TRUE,5,6,Free,Low,0
1792,53,Female,Sylhet,Sports,847.25,30,Desktop,Debit Card,TRUE,8,FALSE,2,12,Trial,Low,0
1793,65,Male,Rajshahi,Electronics,500.81,59,Tablet,Cash on Delivery,FALSE,7,TRUE,2,12,Premium,High,2
1794,57,Female,Chittagong,Sports,759.6,21,Mobile,Debit Card,FALSE,7,FALSE,5,6,Free,Low,0
1795,51,Male,Rangpur,Clothing,828.24,57,Mobile,PayPal,FALSE,6,FALSE,4,13,Free,Low,0
1796,62,Male,Barisal,Sports,617.79,32,Desktop,Cash on Delivery,FALSE,9,TRUE,4,4,Premium,Low,0
1797,61,Other,Rangpur,Beauty,344.5,22,Tablet,Debit Card,FALSE,8,FALSE,1,12,Free,Low,0
1798,32,Other,Rangpur,Sports,10.38,42,Mobile,Bank Transfer,TRUE,7,FALSE,2,1,Free,Low,0
1799,35,Female,Rajshahi,Toys,925.38,46,Tablet,Debit Card,FALSE,9,TRUE,5,4,Premium,Medium,1
1800,25,Other,Barisal,Home,988.24,32,Desktop,Debit Card,TRUE,8,TRUE,3,12,Premium,Medium,1
1801,21,Male,Rajshahi,Electronics,188.46,28,Tablet,Cash on Delivery,FALSE,7,TRUE,5,4,Premium,Medium,1
1802,52,Other,Sylhet,Beauty,417.44,22,Tablet,Bank Transfer,TRUE,9,FALSE,3,9,Trial,High,2
1803,61,Other,Barisal,Books,905.95,25,Desktop,Bank Transfer,TRUE,1,TRUE,2,3,Free,High,2
1804,19,Female,Mymensingh,Clothing,524.43,8,Desktop,Credit Card,FALSE,1,TRUE,5,10,Free,High,2
1805,35,Female,Dhaka,Beauty,184.13,15,Mobile,Cash on Delivery,TRUE,7,TRUE,3,6,Free,Low,0
1806,60,Other,Barisal,Electronics,187.43,21,Mobile,PayPal,TRUE,3,FALSE,4,13,Trial,Medium,1
1807,35,Female,Dhaka,Toys,745.48,22,Mobile,Bank Transfer,FALSE,7,FALSE,1,4,Trial,Low,0
1808,48,Female,Mymensingh,Beauty,879.66,7,Desktop,Cash on Delivery,TRUE,6,TRUE,1,4,Premium,Medium,1
1809,24,Female,Dhaka,Books,963.28,24,Desktop,Credit Card,FALSE,9,TRUE,2,11,Premium,Low,0
1810,30,Female,Barisal,Sports,940.06,36,Mobile,Debit Card,TRUE,4,FALSE,1,2,Trial,Medium,1
1811,30,Female,Rangpur,Electronics,762.68,2,Tablet,Cash on Delivery,FALSE,1,TRUE,2,12,Free,High,2
1812,59,Male,Mymensingh,Beauty,863.9,2,Desktop,PayPal,TRUE,3,FALSE,2,8,Premium,High,2
1813,53,Female,Rajshahi,Groceries,938.05,23,Tablet,Bank Transfer,FALSE,6,TRUE,1,6,Free,Low,0
1814,28,Other,Chittagong,Electronics,791.17,32,Desktop,Credit Card,FALSE,2,TRUE,1,8,Free,High,2
1815,51,Male,Dhaka,Electronics,247.18,47,Mobile,Bank Transfer,FALSE,6,TRUE,2,6,Premium,Low,0
1816,62,Female,Mymensingh,Books,734.62,46,Desktop,Credit Card,TRUE,2,TRUE,5,7,Free,Medium,1
1817,21,Female,Mymensingh,Groceries,452.07,42,Desktop,Credit Card,TRUE,8,TRUE,5,4,Free,Low,0
1818,37,Male,Rajshahi,Beauty,583.66,45,Mobile,Debit Card,TRUE,7,FALSE,5,10,Premium,Medium,1
1819,18,Other,Rangpur,Sports,954,41,Desktop,Credit Card,TRUE,5,TRUE,2,9,Trial,Medium,1
1820,45,Other,Barisal,Electronics,267.29,25,Mobile,Debit Card,FALSE,2,TRUE,4,2,Trial,Medium,1
1821,30,Male,Rajshahi,Groceries,887.43,25,Tablet,Debit Card,TRUE,3,FALSE,3,11,Premium,Low,0
1822,51,Female,Barisal,Clothing,423.62,25,Tablet,PayPal,FALSE,7,FALSE,4,3,Free,High,2
1823,62,Male,Sylhet,Groceries,631.94,51,Tablet,Credit Card,FALSE,2,TRUE,4,9,Premium,Medium,1
1824,36,Female,Khulna,Electronics,320.93,41,Mobile,Debit Card,TRUE,1,TRUE,3,12,Premium,High,2
1825,45,Male,Khulna,Groceries,888.25,18,Desktop,Debit Card,TRUE,5,TRUE,3,9,Free,Low,0
1826,46,Female,Sylhet,Home,488.21,40,Desktop,PayPal,TRUE,3,FALSE,5,4,Trial,Medium,1
1827,58,Other,Khulna,Electronics,379.1,44,Desktop,Cash on Delivery,TRUE,8,FALSE,2,2,Free,Medium,1
1828,24,Other,Barisal,Beauty,254.6,51,Desktop,Cash on Delivery,TRUE,6,FALSE,3,4,Trial,Medium,1
1829,26,Other,Chittagong,Home,314.16,59,Tablet,PayPal,FALSE,2,TRUE,2,3,Free,Low,0
1830,51,Male,Sylhet,Electronics,967.1,54,Tablet,Cash on Delivery,TRUE,1,TRUE,1,3,Trial,High,2
1831,26,Female,Sylhet,Clothing,304.57,24,Desktop,Bank Transfer,FALSE,5,TRUE,1,13,Premium,High,2
1832,38,Female,Barisal,Toys,864.54,51,Mobile,PayPal,TRUE,6,TRUE,5,11,Premium,Medium,1
1833,54,Other,Sylhet,Clothing,28.13,17,Desktop,PayPal,TRUE,6,TRUE,4,7,Trial,High,2
1834,53,Male,Rajshahi,Toys,424.91,37,Mobile,Cash on Delivery,TRUE,8,TRUE,5,10,Premium,Medium,1
1835,60,Female,Rangpur,Groceries,72.22,36,Desktop,Bank Transfer,TRUE,5,FALSE,2,3,Premium,Medium,1
1836,58,Male,Chittagong,Electronics,58.15,22,Mobile,Credit Card,TRUE,9,TRUE,2,8,Premium,Medium,1
1837,21,Other,Mymensingh,Books,754.55,36,Tablet,Debit Card,TRUE,3,FALSE,5,5,Free,Low,0
1838,31,Female,Khulna,Books,158.83,32,Desktop,Credit Card,FALSE,8,TRUE,2,12,Trial,Medium,1
1839,40,Female,Rangpur,Groceries,526.73,58,Desktop,Debit Card,TRUE,5,FALSE,3,7,Trial,High,2
1840,26,Other,Dhaka,Clothing,478.6,16,Tablet,Credit Card,FALSE,7,FALSE,4,2,Trial,Low,0
1841,20,Other,Chittagong,Clothing,939.35,30,Mobile,Bank Transfer,TRUE,5,TRUE,1,8,Free,Low,0
1842,44,Other,Rajshahi,Beauty,125.76,50,Tablet,Bank Transfer,FALSE,8,TRUE,2,9,Premium,High,2
1843,25,Female,Barisal,Books,332.26,9,Desktop,Debit Card,TRUE,8,FALSE,2,13,Free,High,2
1844,62,Male,Khulna,Beauty,732.53,58,Mobile,Cash on Delivery,FALSE,4,FALSE,4,12,Trial,Low,0
1845,35,Female,Barisal,Beauty,574.43,40,Tablet,Cash on Delivery,FALSE,1,TRUE,1,3,Premium,High,2
1846,36,Other,Barisal,Home,21.44,12,Desktop,Bank Transfer,TRUE,1,FALSE,3,6,Trial,Low,0
1847,46,Other,Rajshahi,Sports,838.13,43,Mobile,Credit Card,FALSE,1,FALSE,3,4,Premium,Medium,1
1848,30,Female,Dhaka,Sports,794.45,5,Desktop,Cash on Delivery,FALSE,7,FALSE,4,6,Trial,Medium,1
1849,41,Male,Barisal,Groceries,438.36,6,Tablet,Cash on Delivery,FALSE,7,TRUE,4,13,Free,Medium,1
1850,26,Other,Rangpur,Home,108.16,28,Tablet,Bank Transfer,FALSE,9,FALSE,4,13,Premium,Medium,1
1851,23,Male,Sylhet,Beauty,299.47,51,Tablet,Cash on Delivery,TRUE,8,TRUE,4,1,Trial,Low,0
1852,63,Male,Rangpur,Sports,480.74,49,Mobile,Debit Card,TRUE,7,TRUE,1,9,Free,Low,0
1853,64,Female,Khulna,Books,787.16,44,Tablet,Bank Transfer,TRUE,3,FALSE,4,10,Premium,High,2
1854,25,Other,Sylhet,Home,539.38,40,Mobile,PayPal,TRUE,8,FALSE,5,13,Free,High,2
1855,54,Female,Rangpur,Electronics,50.13,5,Desktop,Bank Transfer,TRUE,9,TRUE,5,9,Premium,Low,0
1856,28,Female,Chittagong,Electronics,898.79,26,Desktop,Debit Card,FALSE,7,TRUE,1,2,Free,Low,0
1857,66,Other,Khulna,Groceries,865.38,1,Tablet,Debit Card,FALSE,1,FALSE,3,12,Trial,High,2
1858,38,Male,Sylhet,Beauty,962.92,6,Tablet,Credit Card,FALSE,5,FALSE,1,8,Premium,Low,0
1859,49,Male,Mymensingh,Books,281.97,53,Desktop,Credit Card,TRUE,7,TRUE,2,4,Free,Medium,1
1860,67,Other,Rajshahi,Beauty,874.57,55,Tablet,Debit Card,TRUE,7,FALSE,2,3,Free,Medium,1
1861,22,Female,Dhaka,Electronics,128.84,56,Mobile,Bank Transfer,FALSE,9,FALSE,5,13,Free,Medium,1
1862,23,Male,Khulna,Beauty,534.6,50,Mobile,PayPal,FALSE,5,TRUE,1,10,Premium,Low,0
1863,20,Male,Sylhet,Groceries,344.25,45,Desktop,Bank Transfer,TRUE,9,TRUE,4,10,Premium,Medium,1
1864,24,Female,Barisal,Groceries,41.65,30,Desktop,Cash on Delivery,FALSE,1,FALSE,3,4,Free,Medium,1
1865,18,Female,Dhaka,Toys,678.88,13,Tablet,PayPal,FALSE,4,TRUE,2,2,Trial,Medium,1
1866,55,Other,Rajshahi,Home,95.01,52,Desktop,Credit Card,TRUE,6,TRUE,2,9,Premium,Medium,1
1867,22,Female,Rangpur,Beauty,213.86,53,Desktop,Debit Card,FALSE,5,TRUE,5,11,Free,High,2
1868,55,Male,Khulna,Toys,958.86,2,Desktop,Debit Card,TRUE,8,FALSE,2,2,Trial,Low,0
1869,32,Male,Dhaka,Electronics,720.24,19,Mobile,Credit Card,FALSE,7,TRUE,3,12,Trial,Low,0
1870,20,Male,Mymensingh,Sports,73.31,36,Tablet,Bank Transfer,TRUE,8,FALSE,5,8,Trial,Low,0
1871,67,Male,Mymensingh,Books,501.94,31,Mobile,Bank Transfer,FALSE,3,TRUE,1,5,Free,Medium,1
1872,18,Male,Chittagong,Beauty,627.23,4,Tablet,Cash on Delivery,FALSE,7,TRUE,1,9,Trial,Low,0
1873,40,Female,Rajshahi,Clothing,346.13,40,Mobile,Debit Card,TRUE,8,FALSE,2,5,Free,Medium,1
1874,25,Other,Khulna,Books,64.22,9,Tablet,Debit Card,TRUE,7,TRUE,3,13,Free,Medium,1
1875,60,Male,Khulna,Sports,388.03,33,Desktop,Credit Card,FALSE,2,FALSE,1,9,Premium,Low,0
1876,49,Other,Dhaka,Home,77.82,51,Desktop,PayPal,TRUE,1,TRUE,3,2,Premium,High,2
1877,50,Other,Mymensingh,Sports,786.63,20,Mobile,Debit Card,TRUE,5,TRUE,3,12,Premium,Medium,1
1878,53,Male,Mymensingh,Home,621.66,50,Tablet,PayPal,TRUE,8,TRUE,3,7,Free,High,2
1879,27,Other,Mymensingh,Toys,674.74,37,Tablet,Debit Card,TRUE,6,FALSE,4,10,Trial,High,2
1880,45,Male,Khulna,Beauty,357.92,12,Mobile,Debit Card,FALSE,8,FALSE,2,11,Trial,High,2
1881,19,Female,Chittagong,Toys,105.51,51,Tablet,Cash on Delivery,TRUE,2,FALSE,3,8,Free,Medium,1
1882,50,Other,Rangpur,Books,982.46,39,Desktop,PayPal,FALSE,5,TRUE,1,3,Premium,High,2
1883,20,Male,Barisal,Electronics,849.89,36,Tablet,Credit Card,FALSE,4,TRUE,3,1,Trial,Medium,1
1884,50,Female,Chittagong,Beauty,938.3,18,Mobile,Cash on Delivery,FALSE,1,TRUE,4,12,Trial,Medium,1
1885,45,Male,Barisal,Beauty,246.87,20,Tablet,Credit Card,FALSE,8,FALSE,3,12,Trial,Low,0
1886,60,Female,Khulna,Groceries,779.74,42,Mobile,Debit Card,FALSE,4,FALSE,4,5,Premium,Medium,1
1887,51,Other,Mymensingh,Electronics,303.77,10,Mobile,Bank Transfer,FALSE,5,TRUE,4,9,Trial,Low,0
1888,47,Male,Rangpur,Toys,873.42,42,Mobile,Credit Card,TRUE,1,TRUE,4,1,Premium,Medium,1
1889,50,Male,Sylhet,Electronics,70.61,39,Desktop,Debit Card,TRUE,9,TRUE,1,11,Free,High,2
1890,64,Female,Chittagong,Clothing,595.47,32,Desktop,Bank Transfer,FALSE,7,TRUE,5,7,Free,High,2
1891,37,Other,Sylhet,Clothing,45.38,54,Tablet,Bank Transfer,TRUE,6,TRUE,4,4,Trial,Low,0
1892,65,Other,Rangpur,Sports,386.87,50,Desktop,PayPal,FALSE,7,FALSE,5,6,Trial,High,2
1893,54,Male,Khulna,Home,118.33,36,Tablet,Bank Transfer,FALSE,9,FALSE,4,1,Free,Low,0
1894,22,Other,Sylhet,Clothing,327.26,9,Mobile,Debit Card,FALSE,8,TRUE,4,7,Free,Medium,1
1895,33,Male,Mymensingh,Clothing,163.44,55,Desktop,PayPal,FALSE,1,TRUE,1,9,Free,High,2
1896,20,Male,Mymensingh,Electronics,262.81,57,Desktop,Cash on Delivery,TRUE,5,FALSE,5,3,Free,Low,0
1897,63,Other,Dhaka,Sports,635.54,59,Tablet,Debit Card,FALSE,2,TRUE,4,13,Free,High,2
1898,60,Male,Barisal,Groceries,754.79,17,Mobile,Debit Card,FALSE,3,FALSE,1,10,Premium,Low,0
1899,34,Other,Rangpur,Toys,912.68,3,Tablet,Cash on Delivery,TRUE,6,TRUE,2,13,Free,High,2
1900,67,Female,Khulna,Home,196.08,41,Mobile,Cash on Delivery,TRUE,1,FALSE,5,13,Premium,Low,0
1901,21,Female,Chittagong,Electronics,773.58,50,Desktop,Cash on Delivery,TRUE,1,FALSE,2,4,Premium,High,2
1902,35,Other,Rajshahi,Home,216.8,12,Desktop,Bank Transfer,TRUE,9,TRUE,4,1,Free,Medium,1
1903,45,Male,Rangpur,Home,618.37,38,Desktop,Bank Transfer,TRUE,7,TRUE,1,13,Premium,Medium,1
1904,41,Female,Sylhet,Electronics,301.12,2,Desktop,Cash on Delivery,TRUE,2,TRUE,4,2,Trial,High,2
1905,29,Female,Dhaka,Books,632.13,29,Tablet,Credit Card,TRUE,6,FALSE,1,1,Trial,Medium,1
1906,58,Male,Dhaka,Electronics,900.05,37,Mobile,Debit Card,FALSE,3,TRUE,3,8,Premium,High,2
1907,32,Male,Khulna,Toys,671.78,7,Desktop,Cash on Delivery,FALSE,8,TRUE,1,12,Free,Medium,1
1908,27,Female,Dhaka,Groceries,472,40,Mobile,Credit Card,FALSE,1,FALSE,3,10,Free,Low,0
1909,61,Male,Mymensingh,Sports,633.17,3,Desktop,Bank Transfer,TRUE,2,FALSE,1,8,Free,Low,0
1910,43,Other,Mymensingh,Books,973.43,33,Mobile,PayPal,TRUE,9,FALSE,2,2,Free,Medium,1
1911,63,Male,Mymensingh,Clothing,875.33,58,Desktop,Bank Transfer,FALSE,3,TRUE,3,4,Premium,Low,0
1912,19,Other,Rangpur,Sports,165.05,32,Mobile,Debit Card,FALSE,8,TRUE,2,11,Premium,Medium,1
1913,25,Male,Mymensingh,Beauty,179.48,59,Mobile,PayPal,FALSE,1,TRUE,2,11,Premium,High,2
1914,24,Male,Mymensingh,Electronics,335.02,25,Tablet,Cash on Delivery,TRUE,1,TRUE,5,6,Free,Low,0
1915,29,Male,Dhaka,Electronics,580.09,4,Mobile,PayPal,FALSE,7,FALSE,1,12,Free,Medium,1
1916,32,Male,Sylhet,Books,253.61,3,Tablet,Cash on Delivery,TRUE,1,TRUE,4,6,Premium,High,2
1917,29,Other,Dhaka,Sports,788.94,41,Tablet,Bank Transfer,TRUE,8,FALSE,5,5,Free,Low,0
1918,26,Other,Rajshahi,Beauty,610.92,25,Desktop,Cash on Delivery,TRUE,8,FALSE,1,10,Trial,High,2
1919,27,Male,Rangpur,Sports,161.1,11,Mobile,Bank Transfer,FALSE,4,TRUE,4,5,Premium,High,2
1920,61,Other,Khulna,Toys,408.94,48,Tablet,PayPal,FALSE,7,TRUE,2,6,Free,High,2
1921,61,Female,Rangpur,Toys,44.76,48,Desktop,PayPal,FALSE,6,FALSE,4,1,Trial,Low,0
1922,23,Female,Mymensingh,Electronics,993.73,55,Mobile,Cash on Delivery,FALSE,4,TRUE,4,4,Trial,Low,0
1923,37,Female,Rajshahi,Books,775.45,12,Desktop,Cash on Delivery,TRUE,2,FALSE,3,8,Premium,High,2
1924,22,Male,Dhaka,Sports,171.41,28,Mobile,PayPal,FALSE,2,TRUE,2,6,Premium,Medium,1
1925,67,Female,Sylhet,Books,856.12,34,Desktop,Cash on Delivery,TRUE,9,FALSE,1,3,Trial,Low,0
1926,35,Female,Sylhet,Toys,532,4,Tablet,PayPal,FALSE,9,TRUE,5,8,Free,High,2
1927,39,Other,Mymensingh,Sports,82.22,15,Mobile,Debit Card,TRUE,3,FALSE,4,5,Free,Low,0
1928,67,Other,Mymensingh,Electronics,530.75,20,Mobile,Credit Card,FALSE,5,FALSE,3,10,Trial,High,2
1929,42,Other,Dhaka,Books,613.61,51,Desktop,Debit Card,FALSE,1,FALSE,5,9,Premium,Low,0
1930,62,Female,Mymensingh,Toys,239.33,54,Desktop,Bank Transfer,FALSE,3,FALSE,1,9,Free,Low,0
1931,43,Other,Mymensingh,Home,138.64,39,Tablet,Credit Card,TRUE,3,TRUE,1,9,Free,High,2
1932,68,Other,Rangpur,Groceries,10.08,35,Mobile,PayPal,TRUE,8,TRUE,4,7,Free,Medium,1
1933,33,Male,Sylhet,Toys,507.14,54,Tablet,Cash on Delivery,FALSE,4,FALSE,4,6,Premium,High,2
1934,61,Other,Rajshahi,Beauty,939.3,54,Desktop,Bank Transfer,FALSE,2,TRUE,4,12,Premium,High,2
1935,46,Male,Khulna,Toys,790.07,49,Mobile,Debit Card,FALSE,1,FALSE,3,12,Free,Low,0
1936,36,Female,Mymensingh,Home,292.21,27,Mobile,Bank Transfer,TRUE,3,TRUE,1,7,Trial,Low,0
1937,69,Other,Sylhet,Electronics,202.58,32,Mobile,Cash on Delivery,FALSE,6,TRUE,5,4,Trial,Low,0
1938,50,Male,Barisal,Sports,446.01,35,Mobile,Debit Card,TRUE,9,TRUE,1,9,Trial,Medium,1
1939,21,Female,Sylhet,Electronics,48.06,40,Tablet,Bank Transfer,FALSE,4,FALSE,4,3,Premium,High,2
1940,24,Male,Barisal,Beauty,115.46,10,Tablet,Bank Transfer,FALSE,4,FALSE,1,10,Trial,Low,0
1941,49,Female,Rajshahi,Toys,804.43,24,Desktop,Bank Transfer,TRUE,7,FALSE,2,1,Premium,Low,0
1942,48,Male,Dhaka,Toys,981.08,41,Mobile,Cash on Delivery,FALSE,9,FALSE,2,2,Free,Low,0
1943,22,Other,Rangpur,Toys,584.89,46,Tablet,Bank Transfer,TRUE,8,FALSE,4,3,Trial,Medium,1
1944,18,Female,Khulna,Sports,103.31,36,Desktop,Bank Transfer,FALSE,7,FALSE,4,3,Trial,Low,0
1945,39,Other,Sylhet,Toys,669.78,14,Desktop,Debit Card,TRUE,9,TRUE,4,12,Premium,High,2
1946,26,Female,Rangpur,Electronics,866.68,21,Tablet,PayPal,FALSE,9,FALSE,2,7,Free,Low,0
1947,25,Female,Rajshahi,Books,558.33,52,Mobile,PayPal,FALSE,6,FALSE,3,6,Trial,Low,0
1948,45,Female,Khulna,Electronics,891.26,13,Mobile,Cash on Delivery,TRUE,4,FALSE,1,4,Trial,High,2
1949,22,Other,Chittagong,Toys,295.36,2,Desktop,Credit Card,FALSE,5,TRUE,2,5,Free,Medium,1
1950,49,Other,Rajshahi,Home,400.13,13,Mobile,Cash on Delivery,TRUE,7,FALSE,2,3,Premium,Low,0
1951,19,Other,Dhaka,Clothing,974.36,12,Desktop,PayPal,TRUE,1,FALSE,1,1,Free,High,2
1952,30,Male,Mymensingh,Books,632.66,30,Desktop,Cash on Delivery,FALSE,3,TRUE,1,10,Free,High,2
1953,37,Male,Sylhet,Sports,928.34,7,Desktop,PayPal,TRUE,9,TRUE,4,4,Premium,High,2
1954,23,Female,Chittagong,Groceries,891.15,10,Mobile,Bank Transfer,TRUE,8,TRUE,4,7,Premium,Medium,1
1955,59,Male,Dhaka,Clothing,81.91,1,Desktop,Bank Transfer,FALSE,2,TRUE,4,7,Free,Medium,1
1956,63,Other,Dhaka,Home,750.39,26,Mobile,Cash on Delivery,TRUE,2,TRUE,2,1,Trial,High,2
1957,57,Female,Rangpur,Sports,767.12,51,Desktop,Bank Transfer,TRUE,8,FALSE,3,7,Free,Medium,1
1958,25,Male,Dhaka,Electronics,412.58,24,Desktop,Credit Card,FALSE,1,FALSE,3,5,Trial,High,2
1959,33,Female,Dhaka,Electronics,796.24,58,Tablet,Bank Transfer,FALSE,3,TRUE,5,7,Free,Low,0
1960,52,Male,Mymensingh,Toys,671.73,8,Desktop,Bank Transfer,TRUE,8,FALSE,2,8,Premium,High,2
1961,44,Male,Khulna,Beauty,16.82,22,Desktop,Credit Card,TRUE,5,TRUE,5,12,Premium,High,2
1962,65,Female,Rangpur,Electronics,83.76,9,Mobile,Debit Card,FALSE,2,FALSE,1,1,Free,Low,0
1963,20,Female,Sylhet,Electronics,79.44,40,Tablet,Bank Transfer,FALSE,7,FALSE,5,12,Premium,Medium,1
1964,48,Male,Khulna,Books,870.57,31,Tablet,Cash on Delivery,TRUE,4,FALSE,4,5,Free,Medium,1
1965,64,Female,Dhaka,Toys,832.88,59,Mobile,Bank Transfer,FALSE,2,FALSE,5,10,Free,Low,0
1966,48,Male,Sylhet,Beauty,482.26,41,Tablet,Cash on Delivery,FALSE,8,FALSE,1,1,Trial,Medium,1
1967,30,Other,Sylhet,Clothing,658.16,11,Mobile,Credit Card,TRUE,2,TRUE,5,7,Free,Low,0
1968,44,Male,Mymensingh,Home,817.9,50,Tablet,Credit Card,TRUE,2,FALSE,5,8,Trial,High,2
1969,37,Other,Sylhet,Toys,473.95,42,Tablet,Cash on Delivery,TRUE,8,TRUE,5,10,Free,Low,0
1970,20,Female,Rajshahi,Groceries,126.17,42,Desktop,Credit Card,TRUE,5,TRUE,3,5,Free,Medium,1
1971,18,Male,Dhaka,Groceries,672.83,52,Tablet,PayPal,TRUE,1,TRUE,4,12,Trial,High,2
1972,38,Male,Sylhet,Electronics,378.03,21,Tablet,Debit Card,TRUE,7,TRUE,3,2,Premium,High,2
1973,43,Other,Khulna,Home,232.8,4,Tablet,Debit Card,FALSE,5,FALSE,1,13,Trial,Medium,1
1974,62,Other,Chittagong,Beauty,745.1,30,Desktop,PayPal,FALSE,3,FALSE,5,12,Premium,Medium,1
1975,49,Other,Dhaka,Home,673.14,51,Mobile,Debit Card,FALSE,2,TRUE,1,7,Trial,Medium,1
1976,49,Female,Barisal,Books,487.55,34,Desktop,Cash on Delivery,TRUE,9,TRUE,2,1,Trial,Medium,1
1977,20,Other,Rajshahi,Home,122.88,26,Tablet,Bank Transfer,FALSE,2,FALSE,4,3,Trial,High,2
1978,38,Female,Chittagong,Clothing,462.55,55,Tablet,Cash on Delivery,FALSE,2,FALSE,1,6,Premium,Medium,1
1979,43,Other,Mymensingh,Home,266.88,34,Tablet,PayPal,TRUE,7,FALSE,3,9,Premium,High,2
1980,58,Other,Rajshahi,Home,693.15,24,Mobile,Credit Card,TRUE,2,FALSE,5,6,Premium,Low,0
1981,38,Male,Khulna,Toys,363.33,15,Tablet,Debit Card,TRUE,2,TRUE,3,3,Trial,High,2
1982,67,Other,Khulna,Clothing,957.34,8,Tablet,Debit Card,TRUE,7,FALSE,5,2,Premium,Low,0
1983,48,Other,Barisal,Home,844.5,41,Mobile,Credit Card,FALSE,3,FALSE,2,6,Premium,Medium,1
1984,52,Male,Chittagong,Beauty,44.05,7,Desktop,PayPal,FALSE,3,FALSE,1,10,Trial,High,2
1985,67,Other,Rajshahi,Clothing,632.22,48,Tablet,Debit Card,FALSE,9,FALSE,4,5,Premium,Low,0
1986,34,Other,Rangpur,Books,655.27,39,Tablet,Bank Transfer,TRUE,8,TRUE,2,7,Free,Low,0
1987,36,Male,Khulna,Beauty,841.32,5,Desktop,Debit Card,TRUE,8,TRUE,5,6,Free,High,2
1988,27,Male,Rangpur,Home,300.09,18,Tablet,Debit Card,TRUE,2,TRUE,4,3,Free,High,2
1989,55,Female,Barisal,Sports,327.96,31,Desktop,Bank Transfer,FALSE,6,FALSE,2,8,Free,High,2
1990,31,Male,Sylhet,Clothing,609.98,48,Desktop,Debit Card,FALSE,6,TRUE,2,9,Free,High,2
1991,36,Other,Rangpur,Toys,763.08,27,Tablet,Debit Card,FALSE,6,TRUE,3,6,Premium,Medium,1
1992,19,Male,Khulna,Clothing,146.59,10,Mobile,Credit Card,FALSE,2,FALSE,3,4,Free,Medium,1
1993,57,Male,Barisal,Groceries,409.3,11,Mobile,PayPal,FALSE,8,TRUE,3,4,Premium,High,2
1994,29,Female,Dhaka,Beauty,907.49,6,Tablet,PayPal,TRUE,7,TRUE,1,3,Premium,High,2
1995,38,Male,Barisal,Home,609.49,14,Desktop,Credit Card,TRUE,5,TRUE,2,8,Trial,High,2
1996,44,Female,Dhaka,Books,611.21,40,Tablet,Debit Card,TRUE,7,FALSE,4,12,Trial,High,2
1997,67,Male,Dhaka,Toys,743.38,57,Mobile,Credit Card,FALSE,7,TRUE,5,8,Free,Low,0
1998,62,Other,Chittagong,Clothing,573.87,3,Tablet,PayPal,TRUE,9,FALSE,3,10,Premium,Low,0
1999,20,Other,Rangpur,Clothing,568.94,47,Mobile,Credit Card,TRUE,9,FALSE,3,2,Free,Medium,1
2000,36,Other,Mymensingh,Clothing,644.89,6,Desktop,Debit Card,FALSE,5,FALSE,2,12,Premium,Medium,1
2001,20,Other,Dhaka,Toys,136.67,20,Tablet,Bank Transfer,TRUE,5,FALSE,2,5,Free,Medium,1
2002,46,Male,Khulna,Home,15.52,29,Tablet,Credit Card,TRUE,1,TRUE,3,8,Premium,High,2
2003,60,Male,Dhaka,Home,990.41,46,Mobile,Bank Transfer,FALSE,2,TRUE,2,10,Premium,Low,0
2004,37,Male,Sylhet,Clothing,989.75,22,Tablet,Cash on Delivery,TRUE,2,FALSE,1,3,Premium,High,2
2005,60,Female,Barisal,Toys,759.64,48,Tablet,Cash on Delivery,FALSE,4,TRUE,4,4,Free,Medium,1
2006,19,Male,Dhaka,Groceries,246.41,17,Mobile,Bank Transfer,TRUE,9,TRUE,3,11,Free,High,2
2007,23,Male,Sylhet,Clothing,914.13,29,Mobile,Debit Card,FALSE,6,TRUE,4,8,Trial,Low,0
2008,46,Female,Dhaka,Clothing,808.24,29,Desktop,Debit Card,TRUE,5,TRUE,2,8,Trial,Low,0
2009,52,Female,Barisal,Toys,435.93,45,Tablet,PayPal,FALSE,1,TRUE,4,10,Free,Medium,1
2010,52,Other,Rangpur,Toys,14.57,37,Desktop,PayPal,TRUE,2,FALSE,1,7,Premium,Low,0
2011,34,Other,Barisal,Electronics,685.42,47,Tablet,Debit Card,TRUE,6,FALSE,1,11,Free,Low,0
2012,51,Other,Dhaka,Clothing,418.12,43,Mobile,Credit Card,TRUE,8,FALSE,4,1,Free,Low,0
2013,30,Female,Dhaka,Books,852.64,44,Mobile,Credit Card,FALSE,2,FALSE,5,2,Free,High,2
2014,27,Other,Khulna,Clothing,943.79,48,Desktop,Cash on Delivery,TRUE,1,FALSE,5,10,Trial,Medium,1
2015,39,Female,Chittagong,Beauty,437.6,28,Mobile,Bank Transfer,FALSE,4,FALSE,1,4,Premium,Low,0
2016,59,Other,Rajshahi,Clothing,282.88,39,Mobile,Bank Transfer,FALSE,3,FALSE,2,8,Premium,Low,0
2017,34,Male,Khulna,Electronics,478.82,35,Desktop,Debit Card,FALSE,1,FALSE,4,9,Premium,Medium,1
2018,50,Female,Khulna,Beauty,36.43,20,Tablet,Debit Card,FALSE,8,FALSE,1,9,Trial,Low,0
2019,56,Other,Rajshahi,Toys,416.12,56,Tablet,Debit Card,FALSE,8,TRUE,2,1,Free,Medium,1
2020,19,Female,Chittagong,Electronics,657.39,59,Mobile,Cash on Delivery,FALSE,3,TRUE,3,1,Free,Medium,1
2021,29,Other,Dhaka,Clothing,726.07,34,Desktop,Cash on Delivery,FALSE,4,FALSE,3,13,Premium,High,2
2022,49,Female,Barisal,Toys,121.89,31,Desktop,Bank Transfer,FALSE,9,FALSE,3,9,Premium,High,2
2023,20,Female,Sylhet,Electronics,568.31,48,Desktop,Credit Card,FALSE,5,FALSE,5,7,Free,Low,0
2024,61,Other,Khulna,Toys,454.64,19,Desktop,Debit Card,TRUE,7,TRUE,5,6,Trial,Low,0
2025,61,Male,Rangpur,Toys,609.63,13,Desktop,PayPal,TRUE,8,TRUE,4,7,Trial,High,2
2026,52,Other,Rangpur,Groceries,561.26,5,Tablet,Bank Transfer,FALSE,8,FALSE,5,8,Premium,Low,0
2027,45,Other,Chittagong,Clothing,70.64,26,Tablet,Debit Card,TRUE,9,TRUE,5,11,Premium,High,2
2028,40,Male,Chittagong,Sports,492.56,41,Tablet,Debit Card,FALSE,6,TRUE,3,9,Trial,High,2
2029,54,Other,Sylhet,Electronics,16.53,50,Desktop,Bank Transfer,TRUE,9,FALSE,5,3,Free,High,2
2030,26,Male,Dhaka,Clothing,115.35,34,Tablet,Bank Transfer,FALSE,1,FALSE,5,4,Trial,Medium,1
2031,69,Female,Chittagong,Beauty,735,6,Mobile,Bank Transfer,TRUE,6,TRUE,5,6,Free,High,2
2032,66,Female,Mymensingh,Beauty,419.16,45,Tablet,Cash on Delivery,FALSE,4,TRUE,2,7,Premium,High,2
2033,27,Male,Barisal,Toys,969.67,17,Desktop,Debit Card,TRUE,6,FALSE,1,2,Premium,Low,0
2034,60,Male,Mymensingh,Books,639.3,14,Mobile,PayPal,TRUE,3,FALSE,2,10,Trial,Low,0
2035,18,Other,Dhaka,Beauty,300.46,37,Mobile,Debit Card,FALSE,7,TRUE,1,6,Premium,Medium,1
2036,52,Male,Sylhet,Toys,968.68,56,Mobile,Cash on Delivery,TRUE,6,TRUE,4,4,Free,Medium,1
2037,30,Female,Rajshahi,Toys,207.33,32,Tablet,PayPal,FALSE,8,TRUE,4,3,Trial,Medium,1
2038,34,Male,Sylhet,Electronics,673.81,50,Mobile,Bank Transfer,TRUE,4,TRUE,4,13,Premium,Low,0
2039,61,Male,Barisal,Electronics,653.47,5,Desktop,Cash on Delivery,TRUE,3,FALSE,3,6,Free,Medium,1
2040,58,Other,Chittagong,Groceries,187.74,8,Tablet,Cash on Delivery,TRUE,9,TRUE,5,7,Premium,Low,0
2041,64,Male,Mymensingh,Toys,407.56,35,Mobile,PayPal,TRUE,5,TRUE,2,9,Free,Low,0
2042,40,Other,Rajshahi,Toys,404.26,58,Desktop,Cash on Delivery,FALSE,5,FALSE,4,5,Trial,Low,0
2043,18,Other,Mymensingh,Beauty,37.79,29,Desktop,PayPal,TRUE,5,TRUE,2,11,Premium,High,2
2044,65,Male,Barisal,Books,437.22,55,Desktop,Credit Card,TRUE,1,FALSE,5,8,Trial,High,2
2045,69,Other,Khulna,Home,878.02,39,Desktop,Bank Transfer,TRUE,8,TRUE,3,8,Premium,Medium,1
2046,24,Male,Rajshahi,Groceries,582.1,36,Mobile,Debit Card,FALSE,1,TRUE,5,12,Trial,Low,0
2047,58,Other,Barisal,Home,855.91,57,Tablet,Debit Card,FALSE,7,TRUE,4,8,Premium,Medium,1
2048,49,Female,Rangpur,Home,844.92,14,Mobile,Bank Transfer,TRUE,1,TRUE,4,6,Trial,Medium,1
2049,38,Other,Chittagong,Electronics,816.35,24,Tablet,Credit Card,FALSE,9,TRUE,1,11,Premium,Low,0
2050,53,Female,Sylhet,Books,110.7,11,Tablet,Debit Card,FALSE,6,TRUE,5,8,Premium,Medium,1
2051,67,Other,Barisal,Groceries,504.43,21,Desktop,Credit Card,FALSE,5,FALSE,3,9,Premium,High,2
2052,66,Male,Chittagong,Electronics,340.94,1,Mobile,Debit Card,TRUE,6,FALSE,1,2,Free,High,2
2053,45,Male,Barisal,Groceries,842.8,9,Mobile,Credit Card,TRUE,1,FALSE,2,12,Trial,Low,0
2054,29,Female,Sylhet,Home,138.34,56,Mobile,Credit Card,FALSE,7,TRUE,1,13,Free,Low,0
2055,64,Other,Barisal,Beauty,339.16,15,Mobile,Debit Card,FALSE,2,FALSE,2,10,Premium,High,2
2056,57,Female,Sylhet,Clothing,966.33,22,Tablet,Debit Card,TRUE,1,FALSE,2,11,Premium,Low,0
2057,56,Female,Rangpur,Clothing,444.52,52,Desktop,Debit Card,FALSE,4,FALSE,5,4,Trial,Medium,1
2058,42,Other,Khulna,Groceries,920.82,17,Desktop,Credit Card,TRUE,4,TRUE,4,10,Trial,High,2
2059,44,Male,Mymensingh,Toys,179.13,23,Mobile,Debit Card,TRUE,8,FALSE,3,1,Free,Low,0
2060,27,Female,Sylhet,Books,378.63,6,Tablet,Debit Card,FALSE,6,TRUE,5,13,Free,High,2
2061,45,Female,Mymensingh,Groceries,518.84,28,Desktop,Credit Card,FALSE,1,FALSE,2,10,Free,Low,0
2062,58,Female,Sylhet,Home,95.7,18,Desktop,Cash on Delivery,TRUE,6,TRUE,1,1,Trial,Low,0
2063,30,Male,Khulna,Groceries,670.74,50,Mobile,Cash on Delivery,FALSE,8,TRUE,3,11,Free,Low,0
2064,55,Male,Chittagong,Toys,774.67,14,Tablet,PayPal,TRUE,5,FALSE,4,5,Trial,Low,0
2065,37,Female,Rangpur,Toys,143.54,38,Desktop,Bank Transfer,TRUE,7,TRUE,4,8,Free,Medium,1
2066,25,Other,Barisal,Beauty,594.7,53,Mobile,PayPal,FALSE,3,TRUE,2,8,Trial,High,2
2067,58,Other,Barisal,Beauty,332.14,39,Desktop,Credit Card,TRUE,2,TRUE,3,6,Premium,Low,0
2068,60,Male,Dhaka,Clothing,709.47,55,Mobile,Bank Transfer,FALSE,4,FALSE,3,1,Premium,Medium,1
2069,50,Other,Barisal,Beauty,633,33,Mobile,PayPal,TRUE,6,TRUE,3,11,Premium,Medium,1
2070,24,Male,Dhaka,Toys,116.03,46,Desktop,Cash on Delivery,FALSE,1,FALSE,3,6,Trial,Low,0
2071,26,Male,Rangpur,Groceries,989.3,58,Mobile,Debit Card,TRUE,3,TRUE,4,8,Premium,Medium,1
2072,28,Female,Khulna,Electronics,371.83,49,Mobile,Bank Transfer,TRUE,9,FALSE,4,9,Trial,Medium,1
2073,22,Other,Khulna,Home,907.2,24,Desktop,Credit Card,TRUE,9,TRUE,4,1,Free,Low,0
2074,22,Female,Mymensingh,Books,15.68,53,Desktop,Cash on Delivery,TRUE,8,FALSE,4,6,Premium,Low,0
2075,67,Female,Rangpur,Sports,62.7,13,Desktop,Credit Card,FALSE,1,FALSE,3,8,Free,Medium,1
2076,18,Female,Chittagong,Toys,221.17,55,Mobile,Debit Card,TRUE,4,FALSE,4,2,Premium,Medium,1
2077,64,Male,Chittagong,Home,786.35,1,Tablet,PayPal,FALSE,3,TRUE,1,12,Free,Low,0
2078,23,Female,Sylhet,Books,529.83,10,Desktop,Debit Card,FALSE,9,TRUE,1,9,Trial,Medium,1
2079,53,Female,Khulna,Clothing,749.61,52,Desktop,PayPal,TRUE,7,TRUE,4,11,Trial,High,2
2080,56,Other,Barisal,Books,932.45,39,Desktop,Credit Card,FALSE,2,FALSE,1,5,Trial,High,2
2081,38,Male,Khulna,Books,327.42,30,Desktop,Debit Card,FALSE,9,TRUE,2,3,Premium,High,2
2082,47,Other,Barisal,Electronics,495.07,1,Tablet,Cash on Delivery,TRUE,1,FALSE,4,1,Premium,Low,0
2083,54,Male,Rangpur,Groceries,95.06,59,Desktop,PayPal,FALSE,1,FALSE,3,7,Premium,High,2
2084,65,Female,Sylhet,Toys,456.44,26,Tablet,PayPal,FALSE,7,TRUE,1,5,Free,High,2
2085,38,Other,Mymensingh,Electronics,638.43,41,Tablet,Bank Transfer,FALSE,8,TRUE,5,13,Trial,Low,0
2086,64,Other,Sylhet,Electronics,923.66,33,Mobile,PayPal,TRUE,6,TRUE,3,6,Trial,Low,0
2087,20,Male,Sylhet,Books,915.23,10,Desktop,Debit Card,FALSE,5,FALSE,2,7,Trial,High,2
2088,69,Other,Khulna,Electronics,143.08,20,Desktop,Credit Card,TRUE,6,TRUE,4,6,Free,Medium,1
2089,42,Female,Sylhet,Electronics,882.98,31,Desktop,Cash on Delivery,FALSE,7,TRUE,2,10,Premium,Medium,1
2090,23,Other,Sylhet,Sports,748,47,Desktop,Bank Transfer,TRUE,4,TRUE,1,8,Free,Medium,1
2091,47,Other,Mymensingh,Home,805.2,30,Mobile,Credit Card,TRUE,6,TRUE,5,2,Free,Medium,1
2092,40,Male,Mymensingh,Beauty,9.71,33,Desktop,PayPal,TRUE,3,TRUE,4,3,Trial,Medium,1
2093,23,Female,Sylhet,Groceries,202.87,4,Desktop,PayPal,TRUE,5,TRUE,5,1,Free,Low,0
2094,44,Female,Rangpur,Toys,467.84,22,Tablet,Cash on Delivery,FALSE,8,TRUE,4,5,Premium,High,2
2095,20,Female,Dhaka,Home,407.07,57,Desktop,Credit Card,TRUE,6,TRUE,1,10,Trial,Medium,1
2096,45,Female,Rajshahi,Clothing,872.28,35,Mobile,Credit Card,TRUE,3,FALSE,5,1,Free,Medium,1
2097,47,Other,Mymensingh,Beauty,910.61,7,Desktop,Bank Transfer,TRUE,4,FALSE,3,4,Trial,High,2
2098,43,Female,Rajshahi,Electronics,911.33,1,Tablet,Cash on Delivery,TRUE,4,FALSE,5,10,Trial,Medium,1
2099,59,Other,Dhaka,Clothing,868.26,3,Tablet,Debit Card,FALSE,4,FALSE,5,2,Free,Medium,1
2100,62,Female,Barisal,Home,599.75,44,Mobile,Bank Transfer,FALSE,4,FALSE,2,3,Premium,Low,0
2101,60,Female,Khulna,Groceries,797.17,36,Mobile,PayPal,TRUE,3,TRUE,1,8,Trial,Medium,1
2102,25,Female,Sylhet,Electronics,239.42,38,Desktop,Cash on Delivery,FALSE,9,FALSE,4,6,Free,Low,0
2103,64,Male,Mymensingh,Groceries,427.23,27,Mobile,Bank Transfer,TRUE,9,TRUE,1,5,Free,Medium,1
2104,55,Other,Rajshahi,Clothing,428.15,3,Tablet,Debit Card,TRUE,5,TRUE,3,10,Premium,Medium,1
2105,43,Other,Rajshahi,Sports,706.12,54,Tablet,Cash on Delivery,TRUE,1,FALSE,2,7,Premium,Medium,1
2106,41,Male,Chittagong,Beauty,994.65,1,Mobile,PayPal,FALSE,9,TRUE,2,6,Premium,Low,0
2107,60,Male,Mymensingh,Clothing,146.17,16,Tablet,Bank Transfer,TRUE,2,TRUE,2,1,Trial,Low,0
2108,59,Male,Dhaka,Home,46.45,31,Tablet,PayPal,FALSE,2,FALSE,4,5,Free,Low,0
2109,68,Female,Chittagong,Clothing,709.43,8,Tablet,Credit Card,TRUE,6,FALSE,2,7,Trial,Medium,1
2110,43,Male,Mymensingh,Beauty,794.48,35,Mobile,Credit Card,FALSE,1,TRUE,1,12,Premium,Medium,1
2111,55,Other,Khulna,Home,589.62,32,Tablet,Cash on Delivery,TRUE,5,TRUE,3,12,Trial,High,2
2112,33,Other,Sylhet,Toys,799.66,47,Mobile,Credit Card,FALSE,8,TRUE,5,3,Free,Medium,1
2113,53,Other,Mymensingh,Clothing,6.21,37,Mobile,Credit Card,TRUE,7,FALSE,3,5,Trial,Low,0
2114,31,Male,Dhaka,Home,755.76,49,Desktop,Bank Transfer,FALSE,8,FALSE,3,8,Trial,Medium,1
2115,47,Other,Khulna,Groceries,236.79,53,Mobile,Credit Card,TRUE,1,TRUE,5,2,Premium,Low,0
2116,45,Female,Khulna,Home,456.71,36,Desktop,Credit Card,FALSE,7,TRUE,2,7,Premium,Low,0
2117,35,Female,Khulna,Toys,263.24,2,Mobile,Debit Card,FALSE,5,TRUE,5,10,Premium,High,2
2118,18,Male,Khulna,Electronics,313.76,50,Mobile,Cash on Delivery,TRUE,3,TRUE,2,5,Trial,Low,0
2119,46,Female,Dhaka,Home,890.69,20,Mobile,Debit Card,TRUE,1,TRUE,3,2,Free,High,2
2120,38,Female,Chittagong,Groceries,515.37,35,Tablet,PayPal,FALSE,4,TRUE,1,8,Free,Low,0
2121,39,Other,Chittagong,Books,459.63,50,Mobile,PayPal,FALSE,6,TRUE,2,13,Premium,Medium,1
2122,28,Other,Rangpur,Groceries,68.72,45,Tablet,PayPal,TRUE,1,TRUE,2,12,Premium,High,2
2123,58,Male,Rajshahi,Groceries,536.37,7,Desktop,PayPal,FALSE,2,TRUE,2,7,Trial,Medium,1
2124,53,Male,Barisal,Home,90.23,46,Mobile,Credit Card,FALSE,3,FALSE,4,4,Trial,High,2
2125,55,Male,Mymensingh,Clothing,905.79,43,Desktop,Cash on Delivery,FALSE,6,FALSE,2,1,Free,Medium,1
2126,57,Other,Rajshahi,Clothing,841.2,8,Mobile,Cash on Delivery,TRUE,2,FALSE,1,11,Free,Low,0
2127,29,Male,Chittagong,Sports,732.66,48,Tablet,Debit Card,FALSE,7,TRUE,1,2,Free,Medium,1
2128,38,Other,Rajshahi,Sports,535.94,16,Tablet,Credit Card,TRUE,1,TRUE,5,11,Free,High,2
2129,20,Other,Sylhet,Electronics,997.83,55,Tablet,Cash on Delivery,FALSE,2,FALSE,3,9,Trial,High,2
2130,43,Male,Rajshahi,Toys,58.87,29,Desktop,Credit Card,FALSE,4,TRUE,4,1,Premium,High,2
2131,69,Other,Rajshahi,Clothing,813.08,49,Mobile,Debit Card,TRUE,1,FALSE,1,4,Premium,Low,0
2132,23,Other,Rangpur,Groceries,16.13,33,Desktop,Bank Transfer,FALSE,7,FALSE,2,12,Free,Medium,1
2133,60,Female,Rangpur,Clothing,447,43,Desktop,Cash on Delivery,TRUE,8,FALSE,5,1,Premium,High,2
2134,28,Male,Mymensingh,Clothing,827.22,30,Tablet,Bank Transfer,TRUE,8,FALSE,1,10,Free,Medium,1
2135,36,Other,Khulna,Home,618.37,32,Mobile,Bank Transfer,TRUE,4,TRUE,3,9,Free,High,2
2136,30,Male,Dhaka,Home,65.42,27,Desktop,Bank Transfer,FALSE,5,TRUE,2,7,Premium,Low,0
2137,68,Male,Sylhet,Books,381.11,42,Desktop,PayPal,TRUE,2,FALSE,1,5,Premium,High,2
2138,58,Other,Khulna,Toys,931,41,Tablet,PayPal,TRUE,4,TRUE,1,11,Free,Medium,1
2139,32,Male,Rajshahi,Electronics,530.65,13,Tablet,Cash on Delivery,TRUE,3,FALSE,1,12,Trial,Low,0
2140,32,Female,Sylhet,Groceries,506.13,11,Tablet,Credit Card,FALSE,3,TRUE,5,7,Premium,High,2
2141,66,Other,Rangpur,Clothing,190.26,39,Desktop,Credit Card,FALSE,1,TRUE,2,1,Premium,High,2
2142,51,Other,Khulna,Books,585.59,42,Mobile,Cash on Delivery,FALSE,9,TRUE,4,9,Premium,High,2
2143,41,Female,Dhaka,Sports,236.28,15,Tablet,Bank Transfer,TRUE,6,FALSE,2,10,Trial,High,2
2144,29,Other,Sylhet,Sports,277.9,48,Tablet,Debit Card,FALSE,3,TRUE,5,5,Free,High,2
2145,41,Female,Dhaka,Home,10.45,43,Mobile,Bank Transfer,FALSE,1,TRUE,2,12,Free,High,2
2146,37,Female,Mymensingh,Sports,641.9,35,Tablet,Bank Transfer,TRUE,1,TRUE,4,12,Free,Medium,1
2147,57,Female,Chittagong,Clothing,297.89,33,Mobile,Bank Transfer,TRUE,4,FALSE,2,9,Trial,High,2
2148,31,Other,Mymensingh,Sports,635.67,9,Mobile,Credit Card,TRUE,3,TRUE,1,5,Premium,Low,0
2149,60,Female,Chittagong,Home,746.12,38,Mobile,Debit Card,FALSE,1,TRUE,3,9,Trial,Low,0
2150,42,Other,Barisal,Clothing,320.98,57,Desktop,Bank Transfer,TRUE,3,TRUE,2,3,Free,Medium,1
2151,57,Female,Sylhet,Books,850.49,12,Desktop,Bank Transfer,TRUE,8,TRUE,2,4,Free,Low,0
2152,48,Female,Barisal,Toys,364.59,59,Tablet,Cash on Delivery,TRUE,7,FALSE,5,12,Trial,Medium,1
2153,66,Other,Barisal,Groceries,249.95,18,Desktop,Credit Card,TRUE,3,FALSE,1,9,Free,Low,0
2154,44,Male,Sylhet,Sports,220.14,49,Tablet,Credit Card,TRUE,6,TRUE,1,6,Trial,Medium,1
2155,35,Other,Sylhet,Groceries,112.47,15,Mobile,Bank Transfer,FALSE,4,FALSE,1,8,Free,High,2
2156,21,Other,Chittagong,Books,458.03,23,Desktop,PayPal,FALSE,9,FALSE,2,7,Premium,Medium,1
2157,36,Female,Sylhet,Beauty,326.12,49,Tablet,Debit Card,TRUE,2,TRUE,3,13,Free,Medium,1
2158,43,Other,Rajshahi,Clothing,666.92,16,Tablet,Credit Card,TRUE,4,FALSE,2,12,Free,Medium,1
2159,51,Female,Dhaka,Beauty,864.25,37,Mobile,Bank Transfer,TRUE,6,FALSE,2,6,Free,Low,0
2160,45,Other,Sylhet,Electronics,265.5,10,Tablet,Bank Transfer,TRUE,7,FALSE,2,8,Premium,Medium,1
2161,62,Female,Rangpur,Groceries,455.38,9,Mobile,Bank Transfer,FALSE,6,TRUE,1,13,Free,Medium,1
2162,58,Male,Khulna,Electronics,317.88,38,Mobile,Credit Card,TRUE,1,TRUE,3,7,Premium,High,2
2163,25,Male,Rajshahi,Sports,67.99,57,Desktop,PayPal,FALSE,5,TRUE,1,3,Premium,Medium,1
2164,61,Male,Dhaka,Books,928.45,17,Desktop,Cash on Delivery,FALSE,1,FALSE,3,9,Premium,High,2
2165,68,Female,Rangpur,Toys,294.76,6,Tablet,Bank Transfer,TRUE,1,TRUE,4,11,Trial,Medium,1
2166,27,Male,Barisal,Sports,364.47,23,Tablet,Credit Card,TRUE,7,TRUE,3,3,Trial,High,2
2167,41,Female,Sylhet,Groceries,794.39,59,Tablet,Credit Card,TRUE,3,FALSE,3,1,Free,Medium,1
2168,19,Male,Rajshahi,Electronics,984.86,43,Mobile,Credit Card,FALSE,8,TRUE,5,12,Premium,High,2
2169,46,Female,Rajshahi,Sports,650.86,42,Tablet,PayPal,TRUE,5,FALSE,1,4,Trial,Low,0
2170,19,Other,Chittagong,Clothing,343.29,35,Tablet,PayPal,FALSE,4,TRUE,1,7,Trial,Low,0
2171,22,Female,Sylhet,Toys,610.16,7,Mobile,Bank Transfer,TRUE,6,FALSE,3,5,Trial,High,2
2172,52,Female,Dhaka,Home,981.08,9,Desktop,Bank Transfer,FALSE,9,FALSE,4,6,Premium,Medium,1
2173,32,Other,Mymensingh,Groceries,873.32,8,Mobile,Cash on Delivery,FALSE,2,TRUE,2,11,Premium,High,2
2174,58,Female,Mymensingh,Clothing,577.46,38,Desktop,PayPal,FALSE,4,FALSE,3,8,Free,High,2
2175,56,Female,Barisal,Electronics,399.35,58,Tablet,PayPal,FALSE,8,TRUE,3,9,Trial,Low,0
2176,26,Other,Mymensingh,Toys,747.48,42,Tablet,Cash on Delivery,FALSE,1,FALSE,3,8,Premium,High,2
2177,25,Male,Khulna,Beauty,336.09,3,Desktop,Cash on Delivery,TRUE,5,FALSE,2,6,Free,Medium,1
2178,25,Female,Rangpur,Books,948.4,19,Tablet,PayPal,TRUE,2,TRUE,1,2,Trial,Medium,1
2179,39,Male,Chittagong,Home,712.58,1,Desktop,PayPal,TRUE,7,TRUE,1,12,Premium,Medium,1
2180,63,Female,Barisal,Toys,160.62,12,Desktop,Credit Card,FALSE,9,FALSE,5,3,Premium,Low,0
2181,22,Male,Sylhet,Groceries,493.84,2,Mobile,Bank Transfer,FALSE,7,FALSE,5,10,Free,Low,0
2182,45,Other,Dhaka,Books,730.32,34,Desktop,Bank Transfer,TRUE,2,TRUE,4,1,Trial,High,2
2183,62,Other,Mymensingh,Electronics,499.98,24,Desktop,Credit Card,FALSE,5,TRUE,3,12,Premium,Low,0
2184,63,Other,Rangpur,Home,173.24,47,Desktop,Bank Transfer,FALSE,1,TRUE,4,9,Trial,Medium,1
2185,69,Other,Mymensingh,Books,148.14,20,Mobile,Debit Card,FALSE,5,FALSE,1,1,Premium,Medium,1
2186,48,Male,Mymensingh,Toys,331.66,47,Desktop,Bank Transfer,FALSE,9,TRUE,1,2,Premium,High,2
2187,38,Other,Khulna,Clothing,7.31,23,Desktop,Debit Card,TRUE,2,FALSE,4,8,Trial,Medium,1
2188,68,Female,Rajshahi,Home,934.5,46,Mobile,Credit Card,TRUE,6,FALSE,3,10,Free,High,2
2189,29,Other,Barisal,Electronics,861.49,12,Tablet,Cash on Delivery,FALSE,4,TRUE,4,4,Trial,Medium,1
2190,24,Male,Sylhet,Home,614.91,57,Mobile,Cash on Delivery,FALSE,7,FALSE,4,11,Premium,Medium,1
2191,44,Male,Rajshahi,Sports,437.67,18,Tablet,Credit Card,FALSE,3,TRUE,2,8,Free,High,2
2192,33,Male,Rajshahi,Groceries,732.23,58,Mobile,PayPal,TRUE,8,FALSE,3,12,Free,Medium,1
2193,51,Other,Rajshahi,Clothing,642,13,Desktop,Debit Card,FALSE,9,TRUE,2,13,Premium,High,2
2194,46,Female,Rajshahi,Beauty,812.98,27,Desktop,Debit Card,TRUE,8,TRUE,2,13,Trial,Medium,1
2195,55,Other,Mymensingh,Clothing,529.37,26,Tablet,PayPal,TRUE,8,TRUE,1,3,Free,Low,0
2196,47,Male,Rangpur,Sports,280.39,58,Mobile,PayPal,TRUE,4,TRUE,4,5,Trial,Low,0
2197,27,Female,Mymensingh,Clothing,269.97,21,Desktop,Bank Transfer,FALSE,9,FALSE,4,13,Premium,High,2
2198,23,Male,Chittagong,Electronics,563.27,52,Tablet,Credit Card,FALSE,2,TRUE,1,6,Trial,Low,0
2199,49,Female,Chittagong,Clothing,19.56,53,Desktop,PayPal,TRUE,3,FALSE,3,11,Trial,High,2
2200,27,Female,Chittagong,Books,426.27,29,Tablet,Debit Card,FALSE,4,FALSE,5,3,Trial,Low,0
2201,45,Female,Khulna,Sports,749.65,46,Tablet,Credit Card,FALSE,9,FALSE,3,13,Trial,Medium,1
2202,30,Other,Barisal,Books,19.84,19,Mobile,Bank Transfer,TRUE,3,TRUE,3,6,Trial,Medium,1
2203,25,Female,Sylhet,Clothing,316.85,12,Mobile,Debit Card,TRUE,3,FALSE,3,5,Free,Low,0
2204,19,Male,Barisal,Toys,141.81,50,Mobile,Bank Transfer,TRUE,2,TRUE,3,1,Trial,Medium,1
2205,53,Male,Khulna,Toys,670.79,55,Desktop,Cash on Delivery,TRUE,5,TRUE,3,12,Premium,Medium,1
2206,69,Other,Chittagong,Sports,261.4,22,Desktop,Cash on Delivery,TRUE,2,TRUE,5,9,Premium,Medium,1
2207,65,Male,Barisal,Groceries,218.85,24,Desktop,Bank Transfer,TRUE,5,TRUE,3,8,Free,High,2
2208,26,Other,Dhaka,Home,322.14,1,Mobile,Cash on Delivery,FALSE,1,FALSE,1,13,Premium,Low,0
2209,49,Male,Dhaka,Clothing,558.07,56,Mobile,Bank Transfer,FALSE,6,TRUE,3,10,Trial,High,2
2210,33,Other,Sylhet,Sports,69.2,13,Tablet,Cash on Delivery,FALSE,6,TRUE,2,13,Premium,Low,0
2211,46,Other,Chittagong,Beauty,843.97,23,Mobile,PayPal,FALSE,3,FALSE,4,6,Premium,Medium,1
2212,42,Other,Mymensingh,Groceries,427.87,9,Desktop,PayPal,FALSE,2,FALSE,5,6,Trial,Medium,1
2213,55,Other,Khulna,Beauty,283.86,26,Desktop,Debit Card,TRUE,7,FALSE,5,2,Free,High,2
2214,59,Other,Sylhet,Books,517.21,52,Tablet,Bank Transfer,TRUE,2,TRUE,3,2,Trial,Low,0
2215,21,Female,Chittagong,Sports,947.64,54,Tablet,Bank Transfer,TRUE,8,TRUE,2,9,Free,Low,0
2216,48,Female,Dhaka,Groceries,445.35,12,Tablet,Cash on Delivery,TRUE,4,FALSE,4,12,Trial,Medium,1
2217,18,Other,Dhaka,Beauty,285.4,44,Mobile,Debit Card,TRUE,9,FALSE,5,4,Trial,High,2
2218,38,Other,Chittagong,Books,936.71,13,Mobile,Cash on Delivery,FALSE,9,TRUE,5,1,Free,High,2
2219,66,Other,Sylhet,Books,611.12,13,Tablet,Cash on Delivery,FALSE,2,FALSE,1,3,Premium,High,2
2220,36,Male,Mymensingh,Groceries,156.38,53,Tablet,Debit Card,FALSE,8,FALSE,5,4,Trial,Medium,1
2221,64,Other,Chittagong,Home,551.98,50,Mobile,Cash on Delivery,TRUE,6,FALSE,1,4,Trial,Low,0
2222,18,Other,Mymensingh,Beauty,901.03,25,Tablet,Debit Card,FALSE,4,FALSE,1,7,Trial,High,2
2223,62,Female,Mymensingh,Groceries,244.13,29,Tablet,Debit Card,FALSE,6,TRUE,3,11,Trial,Low,0
2224,55,Male,Rajshahi,Groceries,694.77,19,Mobile,Cash on Delivery,FALSE,7,TRUE,5,7,Premium,High,2
2225,59,Male,Rangpur,Electronics,641.63,5,Desktop,Cash on Delivery,FALSE,1,FALSE,5,9,Premium,Low,0
2226,19,Other,Chittagong,Sports,696.32,59,Mobile,Credit Card,TRUE,9,TRUE,4,11,Trial,Medium,1
2227,60,Female,Dhaka,Toys,165.6,45,Tablet,Debit Card,TRUE,7,TRUE,1,11,Free,Low,0
2228,28,Female,Chittagong,Toys,387.09,53,Mobile,Debit Card,TRUE,8,FALSE,4,11,Premium,Low,0
2229,44,Other,Khulna,Toys,736.81,13,Tablet,Cash on Delivery,TRUE,6,FALSE,3,1,Trial,Medium,1
2230,38,Female,Khulna,Toys,537.05,2,Desktop,Bank Transfer,TRUE,7,FALSE,2,4,Trial,Low,0
2231,25,Male,Rangpur,Electronics,673.72,26,Tablet,Cash on Delivery,TRUE,3,TRUE,2,6,Trial,High,2
2232,21,Male,Chittagong,Sports,927.6,36,Tablet,Cash on Delivery,FALSE,9,TRUE,4,12,Trial,Low,0
2233,59,Female,Rangpur,Toys,158.24,7,Desktop,Bank Transfer,FALSE,9,FALSE,3,1,Free,Low,0
2234,43,Male,Sylhet,Electronics,861.69,3,Tablet,Bank Transfer,FALSE,4,TRUE,4,6,Free,Low,0
2235,19,Female,Mymensingh,Home,412.06,46,Tablet,Credit Card,FALSE,9,FALSE,3,2,Trial,Low,0
2236,39,Male,Khulna,Home,356.2,40,Desktop,Credit Card,TRUE,3,FALSE,1,13,Trial,Medium,1
2237,25,Female,Sylhet,Beauty,304.65,34,Tablet,PayPal,FALSE,6,FALSE,1,3,Free,Medium,1
2238,64,Female,Khulna,Books,555.91,27,Tablet,Cash on Delivery,TRUE,3,TRUE,3,6,Free,High,2
2239,46,Male,Sylhet,Books,765.89,57,Mobile,Bank Transfer,FALSE,2,TRUE,2,7,Free,High,2
2240,40,Male,Mymensingh,Home,337.05,6,Mobile,Credit Card,TRUE,5,TRUE,2,8,Trial,Low,0
2241,54,Female,Khulna,Beauty,985.22,38,Tablet,Credit Card,TRUE,7,FALSE,2,5,Premium,Medium,1
2242,20,Other,Barisal,Sports,32.01,2,Tablet,PayPal,TRUE,4,FALSE,2,11,Premium,Low,0
2243,39,Male,Mymensingh,Books,94.24,18,Tablet,Credit Card,FALSE,4,TRUE,2,11,Trial,Low,0
2244,54,Other,Barisal,Beauty,568.5,9,Mobile,PayPal,TRUE,5,FALSE,5,6,Trial,Low,0
2245,24,Other,Khulna,Books,245.52,12,Mobile,Cash on Delivery,TRUE,8,FALSE,4,1,Free,Low,0
2246,47,Female,Sylhet,Sports,306.61,21,Mobile,Credit Card,FALSE,5,FALSE,2,10,Premium,Low,0
2247,51,Male,Rajshahi,Toys,751.87,11,Tablet,Bank Transfer,FALSE,7,FALSE,2,9,Trial,Low,0
2248,29,Male,Barisal,Electronics,656.11,2,Desktop,Cash on Delivery,FALSE,6,TRUE,5,12,Trial,Medium,1
2249,61,Male,Dhaka,Electronics,301.24,20,Desktop,PayPal,TRUE,8,FALSE,2,12,Premium,Medium,1
2250,27,Male,Khulna,Home,658.79,51,Mobile,Cash on Delivery,TRUE,8,TRUE,3,7,Trial,High,2
2251,37,Female,Sylhet,Clothing,259.51,35,Mobile,Cash on Delivery,TRUE,3,TRUE,3,9,Premium,Low,0
2252,52,Male,Sylhet,Clothing,167.47,33,Mobile,Debit Card,TRUE,9,TRUE,1,6,Trial,Medium,1
2253,25,Male,Barisal,Sports,914.63,8,Tablet,Cash on Delivery,TRUE,8,TRUE,1,2,Free,High,2
2254,61,Other,Dhaka,Beauty,606.43,28,Tablet,Cash on Delivery,FALSE,5,FALSE,3,2,Premium,Low,0
2255,52,Male,Barisal,Electronics,969.43,29,Desktop,Bank Transfer,TRUE,1,FALSE,5,12,Trial,High,2
2256,57,Female,Sylhet,Sports,415.75,33,Mobile,Bank Transfer,FALSE,8,TRUE,1,1,Trial,Low,0
2257,40,Other,Rajshahi,Sports,659.36,15,Tablet,Credit Card,FALSE,5,FALSE,5,2,Trial,High,2
2258,22,Other,Barisal,Home,519.73,38,Mobile,Debit Card,TRUE,3,TRUE,1,5,Premium,Low,0
2259,29,Other,Rajshahi,Clothing,570.23,49,Desktop,Cash on Delivery,TRUE,7,TRUE,5,12,Premium,Low,0
2260,52,Male,Khulna,Electronics,921.57,27,Mobile,Credit Card,FALSE,7,FALSE,3,10,Premium,High,2
2261,25,Other,Khulna,Clothing,542.6,40,Mobile,Credit Card,TRUE,4,TRUE,2,5,Trial,High,2
2262,37,Female,Dhaka,Sports,304.54,32,Desktop,PayPal,FALSE,5,TRUE,4,5,Trial,Low,0
2263,61,Other,Sylhet,Books,407.75,7,Mobile,Bank Transfer,FALSE,2,FALSE,3,12,Premium,High,2
2264,20,Other,Mymensingh,Groceries,739.85,12,Mobile,Credit Card,FALSE,5,TRUE,5,13,Trial,High,2
2265,31,Other,Rangpur,Groceries,646,11,Mobile,Cash on Delivery,TRUE,8,TRUE,2,2,Free,Low,0
2266,25,Female,Khulna,Beauty,8.84,24,Desktop,Credit Card,FALSE,2,FALSE,2,7,Premium,High,2
2267,54,Female,Rangpur,Electronics,388.65,48,Mobile,Cash on Delivery,TRUE,7,TRUE,1,5,Premium,Low,0
2268,55,Male,Barisal,Home,542.27,38,Desktop,Credit Card,TRUE,7,TRUE,5,1,Premium,Medium,1
2269,49,Other,Barisal,Electronics,962.12,13,Tablet,Credit Card,FALSE,9,TRUE,1,10,Premium,Low,0
2270,35,Male,Barisal,Electronics,696.42,27,Tablet,PayPal,FALSE,9,FALSE,5,9,Premium,High,2
2271,62,Other,Khulna,Toys,455.2,49,Tablet,Bank Transfer,FALSE,4,FALSE,3,13,Free,High,2
2272,62,Male,Dhaka,Clothing,384.75,27,Desktop,PayPal,TRUE,7,TRUE,1,3,Premium,Medium,1
2273,60,Other,Chittagong,Sports,144.37,33,Desktop,Credit Card,TRUE,4,FALSE,5,5,Trial,Low,0
2274,31,Male,Rangpur,Home,436.97,11,Desktop,Bank Transfer,FALSE,6,FALSE,5,8,Trial,High,2
2275,49,Male,Rajshahi,Clothing,657.76,41,Tablet,Cash on Delivery,TRUE,3,TRUE,3,6,Free,Medium,1
2276,36,Female,Barisal,Beauty,639.03,8,Desktop,PayPal,FALSE,7,FALSE,1,1,Trial,High,2
2277,31,Female,Barisal,Sports,5.19,35,Mobile,Debit Card,TRUE,6,FALSE,1,10,Premium,High,2
2278,67,Male,Khulna,Electronics,150.83,17,Desktop,Debit Card,TRUE,5,TRUE,2,2,Trial,Medium,1
2279,19,Male,Chittagong,Groceries,366.02,35,Mobile,PayPal,TRUE,8,FALSE,2,8,Free,Medium,1
2280,40,Other,Chittagong,Books,323.61,18,Tablet,Credit Card,FALSE,2,TRUE,2,6,Premium,High,2
2281,65,Other,Barisal,Clothing,913.44,24,Mobile,Bank Transfer,FALSE,9,FALSE,5,6,Trial,High,2
2282,31,Female,Mymensingh,Clothing,54.67,3,Desktop,Bank Transfer,FALSE,2,TRUE,5,2,Premium,High,2
2283,59,Female,Chittagong,Home,745.08,35,Desktop,PayPal,TRUE,3,TRUE,5,3,Trial,Low,0
2284,67,Female,Sylhet,Beauty,27.65,40,Mobile,Cash on Delivery,FALSE,9,TRUE,5,7,Trial,Medium,1
2285,22,Other,Dhaka,Electronics,954.22,5,Desktop,Cash on Delivery,FALSE,3,FALSE,1,10,Free,Low,0
2286,38,Other,Chittagong,Books,526.43,32,Tablet,Debit Card,FALSE,6,FALSE,5,6,Free,Low,0
2287,33,Male,Khulna,Books,149.89,14,Desktop,PayPal,TRUE,8,FALSE,1,7,Free,Low,0
2288,66,Other,Dhaka,Books,112.31,51,Tablet,Debit Card,TRUE,4,FALSE,1,6,Free,High,2
2289,57,Male,Rangpur,Beauty,650.77,38,Mobile,Cash on Delivery,TRUE,8,TRUE,5,2,Premium,Low,0
2290,35,Male,Mymensingh,Groceries,482.05,3,Mobile,Cash on Delivery,FALSE,5,TRUE,1,8,Free,Medium,1
2291,55,Female,Chittagong,Books,655.75,16,Tablet,Debit Card,TRUE,3,FALSE,3,7,Trial,Medium,1
2292,52,Other,Rangpur,Toys,316.34,34,Tablet,Credit Card,FALSE,3,TRUE,2,6,Premium,Low,0
2293,47,Male,Mymensingh,Electronics,997.86,37,Mobile,Credit Card,FALSE,5,TRUE,3,2,Trial,Low,0
2294,31,Other,Rajshahi,Electronics,820.55,7,Tablet,Bank Transfer,TRUE,1,FALSE,3,4,Free,Low,0
2295,62,Male,Khulna,Groceries,271.84,44,Tablet,Bank Transfer,FALSE,6,FALSE,4,9,Trial,Low,0
2296,39,Male,Chittagong,Clothing,969.18,48,Desktop,PayPal,TRUE,5,TRUE,4,6,Trial,High,2
2297,19,Male,Mymensingh,Groceries,735.52,54,Tablet,Debit Card,TRUE,7,FALSE,5,4,Free,High,2
2298,20,Female,Mymensingh,Home,960.05,20,Desktop,PayPal,FALSE,4,FALSE,4,11,Trial,High,2
2299,18,Male,Rangpur,Books,322.78,52,Desktop,Credit Card,TRUE,6,TRUE,2,1,Premium,Low,0
2300,54,Male,Sylhet,Beauty,219.31,23,Desktop,Debit Card,FALSE,6,TRUE,1,2,Free,High,2
2301,27,Other,Rajshahi,Home,793.45,44,Mobile,Bank Transfer,TRUE,2,TRUE,5,8,Premium,High,2
2302,50,Female,Barisal,Sports,466.91,3,Desktop,Cash on Delivery,TRUE,6,TRUE,3,5,Premium,High,2
2303,57,Female,Chittagong,Clothing,775.58,54,Tablet,PayPal,FALSE,2,TRUE,4,1,Free,Low,0
2304,19,Male,Dhaka,Toys,421.67,53,Desktop,Credit Card,FALSE,3,TRUE,5,5,Trial,Medium,1
2305,31,Female,Chittagong,Beauty,539.83,18,Mobile,PayPal,FALSE,5,TRUE,5,12,Trial,High,2
2306,31,Other,Sylhet,Beauty,757.07,33,Mobile,Credit Card,TRUE,8,FALSE,4,4,Free,Low,0
2307,24,Other,Khulna,Toys,786.67,44,Tablet,Debit Card,FALSE,7,TRUE,5,1,Premium,High,2
2308,28,Female,Chittagong,Sports,609.23,54,Mobile,Bank Transfer,TRUE,7,TRUE,2,7,Trial,High,2
2309,24,Male,Mymensingh,Beauty,427.99,27,Tablet,Credit Card,FALSE,9,FALSE,5,10,Trial,Low,0
2310,19,Other,Sylhet,Toys,344.1,51,Mobile,Cash on Delivery,FALSE,4,FALSE,1,10,Premium,High,2
2311,51,Other,Rajshahi,Groceries,637.67,44,Desktop,PayPal,TRUE,8,TRUE,4,7,Premium,Medium,1
2312,57,Other,Dhaka,Home,870.45,15,Mobile,Bank Transfer,FALSE,2,FALSE,2,12,Trial,Low,0
2313,58,Female,Barisal,Beauty,797.87,48,Mobile,Debit Card,FALSE,1,TRUE,4,5,Free,Low,0
2314,44,Other,Mymensingh,Beauty,849.02,43,Desktop,Cash on Delivery,FALSE,4,FALSE,1,8,Trial,Medium,1
2315,18,Other,Khulna,Electronics,897.74,36,Desktop,Bank Transfer,TRUE,9,TRUE,2,8,Premium,Low,0
2316,60,Other,Rangpur,Toys,755.77,35,Tablet,PayPal,FALSE,9,FALSE,4,3,Trial,Low,0
2317,36,Other,Khulna,Groceries,638.66,21,Desktop,Cash on Delivery,FALSE,2,FALSE,3,5,Free,Medium,1
2318,65,Female,Chittagong,Clothing,616.35,17,Desktop,Cash on Delivery,FALSE,8,TRUE,2,10,Premium,Medium,1
2319,23,Other,Khulna,Books,391.13,33,Tablet,PayPal,TRUE,7,FALSE,4,13,Premium,Medium,1
2320,47,Female,Sylhet,Electronics,725.44,5,Desktop,Bank Transfer,FALSE,7,FALSE,2,10,Premium,Low,0
2321,30,Male,Barisal,Groceries,550.42,25,Desktop,Credit Card,FALSE,8,FALSE,5,4,Premium,Low,0
2322,53,Female,Dhaka,Toys,768.7,59,Tablet,PayPal,TRUE,5,TRUE,5,4,Trial,Medium,1
2323,48,Female,Khulna,Home,962.33,42,Tablet,Bank Transfer,TRUE,4,TRUE,4,6,Premium,Medium,1
2324,39,Female,Rajshahi,Groceries,691.41,18,Tablet,Credit Card,TRUE,2,TRUE,5,4,Premium,High,2
2325,63,Female,Chittagong,Groceries,629.82,51,Tablet,Bank Transfer,TRUE,7,TRUE,4,6,Premium,Medium,1
2326,20,Female,Mymensingh,Groceries,681.8,27,Tablet,Credit Card,FALSE,7,FALSE,2,12,Free,High,2
2327,19,Female,Dhaka,Books,107.12,37,Desktop,Bank Transfer,FALSE,6,FALSE,5,13,Free,Medium,1
2328,21,Other,Rajshahi,Sports,266.56,19,Tablet,PayPal,TRUE,6,TRUE,2,10,Trial,Medium,1
2329,21,Other,Mymensingh,Toys,428.58,51,Desktop,Debit Card,FALSE,5,TRUE,3,6,Trial,Low,0
2330,28,Other,Sylhet,Toys,598.88,57,Mobile,Credit Card,TRUE,1,TRUE,3,11,Premium,Medium,1
2331,60,Female,Dhaka,Toys,819.86,10,Desktop,Bank Transfer,FALSE,9,FALSE,5,5,Trial,High,2
2332,36,Male,Rajshahi,Books,861.56,36,Desktop,Bank Transfer,TRUE,6,FALSE,4,9,Free,High,2
2333,40,Male,Rangpur,Toys,689.6,20,Tablet,Cash on Delivery,TRUE,9,TRUE,2,6,Trial,High,2
2334,23,Male,Rajshahi,Sports,480.19,6,Tablet,PayPal,FALSE,3,FALSE,2,2,Free,Medium,1
2335,18,Other,Barisal,Clothing,462.1,25,Desktop,Debit Card,FALSE,5,FALSE,3,3,Free,Medium,1
2336,39,Female,Chittagong,Sports,511.11,58,Tablet,Cash on Delivery,TRUE,7,TRUE,5,10,Trial,Medium,1
2337,27,Other,Dhaka,Beauty,145.62,16,Desktop,Credit Card,FALSE,3,FALSE,3,4,Trial,High,2
2338,33,Other,Rangpur,Groceries,616.48,11,Tablet,Debit Card,FALSE,6,TRUE,3,7,Premium,Low,0
2339,58,Male,Rangpur,Clothing,175.47,36,Mobile,PayPal,TRUE,3,TRUE,4,8,Free,High,2
2340,38,Male,Chittagong,Electronics,493.45,47,Mobile,Debit Card,TRUE,2,TRUE,3,2,Trial,High,2
2341,67,Other,Rangpur,Clothing,334.44,9,Tablet,Credit Card,TRUE,1,TRUE,3,4,Premium,Low,0
2342,47,Male,Chittagong,Clothing,199.49,7,Tablet,Cash on Delivery,TRUE,2,TRUE,5,9,Premium,Medium,1
2343,24,Male,Barisal,Clothing,772.95,7,Mobile,Cash on Delivery,TRUE,6,FALSE,3,10,Trial,High,2
2344,37,Male,Khulna,Beauty,431.37,58,Tablet,Credit Card,FALSE,8,FALSE,2,8,Premium,Medium,1
2345,48,Other,Khulna,Sports,251.26,20,Mobile,PayPal,FALSE,3,TRUE,4,10,Trial,Low,0
2346,43,Male,Rajshahi,Books,324.39,29,Mobile,PayPal,FALSE,4,TRUE,3,11,Premium,Medium,1
2347,25,Female,Dhaka,Clothing,826.64,7,Desktop,PayPal,TRUE,2,TRUE,3,5,Trial,Low,0
2348,61,Other,Dhaka,Electronics,875.46,47,Mobile,Bank Transfer,FALSE,8,TRUE,2,9,Free,High,2
2349,37,Other,Khulna,Electronics,543.13,16,Mobile,PayPal,TRUE,2,FALSE,5,7,Premium,Low,0
2350,21,Female,Rangpur,Electronics,878.78,29,Mobile,PayPal,FALSE,4,FALSE,4,12,Premium,Low,0
2351,36,Male,Khulna,Toys,996.53,44,Mobile,Credit Card,FALSE,7,FALSE,1,4,Free,Medium,1
2352,19,Male,Rangpur,Sports,868.2,9,Tablet,PayPal,FALSE,9,TRUE,2,9,Premium,Medium,1
2353,35,Male,Rangpur,Books,160.15,44,Tablet,Bank Transfer,FALSE,5,FALSE,4,6,Trial,Medium,1
2354,18,Female,Rangpur,Electronics,278.52,26,Tablet,Bank Transfer,TRUE,1,TRUE,1,7,Premium,High,2
2355,30,Male,Sylhet,Groceries,985.69,27,Tablet,Bank Transfer,TRUE,6,FALSE,1,13,Trial,Low,0
2356,60,Male,Rajshahi,Books,969.59,16,Desktop,Cash on Delivery,TRUE,1,FALSE,5,1,Premium,Low,0
2357,31,Female,Chittagong,Sports,457.78,19,Desktop,Debit Card,FALSE,5,TRUE,2,3,Trial,High,2
2358,67,Other,Rajshahi,Toys,9.88,16,Mobile,Credit Card,FALSE,8,TRUE,4,5,Free,Low,0
2359,58,Male,Chittagong,Home,185.77,57,Mobile,Cash on Delivery,FALSE,4,FALSE,2,2,Free,High,2
2360,44,Male,Rangpur,Electronics,313.68,38,Desktop,Cash on Delivery,FALSE,5,FALSE,2,11,Premium,Low,0
2361,67,Other,Khulna,Electronics,331.31,5,Mobile,PayPal,FALSE,1,FALSE,2,11,Trial,Low,0
2362,29,Male,Khulna,Sports,228.26,13,Desktop,Debit Card,FALSE,3,FALSE,3,2,Trial,Medium,1
2363,27,Male,Dhaka,Clothing,217.59,8,Desktop,Debit Card,FALSE,3,TRUE,2,5,Premium,High,2
2364,63,Female,Mymensingh,Sports,369.99,5,Desktop,Cash on Delivery,TRUE,4,TRUE,4,1,Premium,Low,0
2365,46,Female,Barisal,Sports,795.86,51,Desktop,Bank Transfer,TRUE,8,TRUE,1,1,Free,High,2
2366,60,Male,Khulna,Clothing,179.8,47,Tablet,Bank Transfer,FALSE,4,FALSE,5,6,Trial,Low,0
2367,21,Female,Khulna,Groceries,396.18,24,Desktop,Bank Transfer,FALSE,7,FALSE,1,7,Trial,Medium,1
2368,60,Male,Sylhet,Books,388.31,48,Desktop,PayPal,FALSE,3,TRUE,2,11,Free,Low,0
2369,19,Other,Khulna,Toys,95.08,27,Tablet,Bank Transfer,FALSE,6,FALSE,4,5,Trial,Medium,1
2370,18,Other,Sylhet,Home,662.99,31,Tablet,Bank Transfer,TRUE,4,FALSE,4,12,Premium,Low,0
2371,53,Other,Barisal,Electronics,72.62,2,Desktop,Bank Transfer,TRUE,1,TRUE,4,1,Premium,High,2
2372,47,Female,Dhaka,Groceries,629.85,21,Desktop,PayPal,FALSE,6,TRUE,3,13,Free,Medium,1
2373,26,Female,Rajshahi,Electronics,66.81,28,Desktop,Debit Card,FALSE,6,TRUE,4,6,Premium,High,2
2374,23,Other,Mymensingh,Books,436.29,58,Tablet,PayPal,FALSE,6,FALSE,4,11,Premium,Low,0
2375,19,Male,Mymensingh,Books,230,28,Tablet,PayPal,FALSE,8,FALSE,5,13,Free,High,2
2376,26,Other,Chittagong,Books,259.17,36,Desktop,PayPal,FALSE,1,FALSE,3,10,Free,Medium,1
2377,56,Male,Khulna,Sports,687.23,38,Desktop,Cash on Delivery,TRUE,1,FALSE,1,4,Free,Medium,1
2378,59,Male,Rangpur,Electronics,333.97,22,Mobile,Bank Transfer,TRUE,6,TRUE,4,8,Trial,Medium,1
2379,58,Other,Barisal,Beauty,285.36,23,Tablet,Cash on Delivery,TRUE,3,TRUE,2,11,Free,High,2
2380,19,Other,Barisal,Sports,253.64,23,Mobile,Credit Card,FALSE,5,FALSE,3,3,Premium,High,2
2381,25,Other,Sylhet,Clothing,793.24,53,Tablet,PayPal,TRUE,3,FALSE,2,1,Free,High,2
2382,48,Male,Sylhet,Home,375.93,33,Tablet,Cash on Delivery,TRUE,3,FALSE,2,2,Trial,High,2
2383,59,Female,Rajshahi,Clothing,168.78,27,Mobile,Bank Transfer,TRUE,6,TRUE,5,7,Free,Low,0
2384,37,Female,Khulna,Electronics,420.69,27,Desktop,Credit Card,FALSE,4,FALSE,5,6,Free,Medium,1
2385,20,Female,Mymensingh,Books,884.41,31,Mobile,Credit Card,TRUE,2,FALSE,2,2,Trial,Medium,1
2386,59,Female,Khulna,Home,215.71,36,Mobile,Credit Card,TRUE,5,TRUE,1,11,Premium,Low,0
2387,28,Male,Chittagong,Electronics,245.26,44,Desktop,PayPal,FALSE,8,TRUE,3,2,Free,Medium,1
2388,41,Female,Sylhet,Clothing,302.54,7,Mobile,PayPal,TRUE,9,FALSE,3,6,Premium,Medium,1
2389,19,Other,Sylhet,Sports,415.74,35,Tablet,Debit Card,TRUE,2,FALSE,3,3,Free,Low,0
2390,51,Male,Khulna,Home,869.28,36,Mobile,Credit Card,TRUE,6,FALSE,2,4,Trial,Low,0
2391,28,Other,Chittagong,Beauty,185.47,41,Mobile,PayPal,TRUE,2,FALSE,5,13,Trial,Low,0
2392,42,Other,Sylhet,Groceries,16.89,48,Mobile,Debit Card,FALSE,9,TRUE,5,10,Trial,High,2
2393,39,Male,Chittagong,Toys,286.05,52,Desktop,PayPal,TRUE,7,FALSE,5,7,Free,Medium,1
2394,43,Other,Chittagong,Home,624.89,39,Tablet,Bank Transfer,FALSE,2,TRUE,1,8,Premium,High,2
2395,58,Female,Chittagong,Beauty,971.72,57,Mobile,Debit Card,FALSE,1,TRUE,1,4,Free,Low,0
2396,53,Male,Rangpur,Books,118.07,20,Desktop,PayPal,TRUE,2,FALSE,1,7,Free,Low,0
2397,19,Male,Sylhet,Electronics,623.5,21,Desktop,PayPal,TRUE,6,FALSE,3,2,Trial,Low,0
2398,44,Female,Chittagong,Sports,281.43,22,Tablet,Bank Transfer,FALSE,8,FALSE,5,7,Premium,Low,0
2399,65,Female,Mymensingh,Toys,925.89,35,Tablet,Debit Card,FALSE,2,FALSE,4,7,Free,High,2
2400,64,Other,Khulna,Beauty,926.98,24,Tablet,Bank Transfer,TRUE,9,FALSE,5,6,Trial,Low,0
2401,64,Male,Khulna,Beauty,504.9,48,Desktop,PayPal,FALSE,6,FALSE,2,7,Free,Medium,1
2402,50,Other,Sylhet,Books,534.59,2,Mobile,Cash on Delivery,FALSE,4,FALSE,4,8,Premium,Low,0
2403,67,Other,Dhaka,Groceries,704.15,56,Tablet,Credit Card,FALSE,6,FALSE,5,1,Premium,Low,0
2404,30,Male,Sylhet,Toys,382.99,48,Tablet,PayPal,TRUE,6,TRUE,3,4,Free,Low,0
2405,67,Other,Barisal,Home,852,54,Mobile,PayPal,FALSE,3,FALSE,5,2,Free,Low,0
2406,65,Other,Rangpur,Beauty,215.5,46,Mobile,Credit Card,TRUE,5,TRUE,1,11,Trial,Low,0
2407,25,Other,Chittagong,Home,790.95,59,Desktop,Bank Transfer,TRUE,1,FALSE,2,8,Trial,Low,0
2408,59,Other,Mymensingh,Electronics,696.75,15,Tablet,Cash on Delivery,FALSE,9,TRUE,1,11,Premium,Medium,1
2409,55,Male,Sylhet,Toys,528.46,53,Tablet,Credit Card,FALSE,4,FALSE,2,7,Trial,Medium,1
2410,30,Other,Khulna,Sports,310.09,1,Tablet,Cash on Delivery,TRUE,5,TRUE,1,13,Trial,High,2
2411,51,Male,Chittagong,Toys,51.54,45,Desktop,Cash on Delivery,TRUE,5,TRUE,3,8,Premium,Low,0
2412,19,Female,Rajshahi,Groceries,389.22,34,Desktop,Credit Card,TRUE,8,TRUE,5,4,Free,Low,0
2413,58,Other,Sylhet,Beauty,862.58,36,Desktop,Credit Card,TRUE,8,FALSE,4,3,Free,Medium,1
2414,22,Other,Rangpur,Electronics,728.28,24,Mobile,Cash on Delivery,FALSE,9,FALSE,5,12,Trial,High,2
2415,31,Female,Barisal,Home,359.76,17,Desktop,Credit Card,TRUE,6,TRUE,2,2,Trial,High,2
2416,24,Other,Mymensingh,Books,832.15,52,Desktop,PayPal,FALSE,7,FALSE,1,2,Trial,Medium,1
2417,51,Other,Mymensingh,Toys,986.5,33,Desktop,PayPal,TRUE,1,TRUE,4,11,Free,Medium,1
2418,48,Other,Barisal,Clothing,949.2,22,Tablet,Credit Card,TRUE,5,TRUE,3,10,Trial,Low,0
2419,59,Male,Barisal,Toys,400.05,44,Mobile,Credit Card,FALSE,8,TRUE,3,11,Premium,Medium,1
2420,34,Female,Chittagong,Home,61.23,49,Tablet,Cash on Delivery,TRUE,8,FALSE,1,3,Premium,High,2
2421,19,Male,Dhaka,Clothing,353.41,16,Mobile,Debit Card,TRUE,3,FALSE,1,7,Premium,High,2
2422,22,Other,Khulna,Clothing,87.43,56,Mobile,Credit Card,FALSE,3,FALSE,2,7,Premium,Medium,1
2423,59,Other,Dhaka,Groceries,508.53,3,Desktop,Cash on Delivery,FALSE,4,TRUE,4,11,Premium,Low,0
2424,53,Male,Khulna,Beauty,334.66,23,Mobile,PayPal,FALSE,3,TRUE,3,12,Premium,Low,0
2425,51,Female,Dhaka,Beauty,801.77,5,Desktop,Bank Transfer,FALSE,7,TRUE,2,4,Trial,Medium,1
2426,62,Male,Rajshahi,Sports,638.21,48,Tablet,Cash on Delivery,FALSE,1,FALSE,2,2,Trial,Medium,1
2427,35,Female,Rajshahi,Books,8.33,25,Desktop,Debit Card,TRUE,5,FALSE,3,4,Premium,Low,0
2428,36,Female,Rangpur,Books,356.98,59,Mobile,Bank Transfer,FALSE,7,TRUE,1,9,Trial,Medium,1
2429,68,Other,Dhaka,Toys,161.88,17,Tablet,Credit Card,TRUE,6,TRUE,3,4,Free,Low,0
2430,26,Female,Khulna,Home,760.59,13,Desktop,Debit Card,TRUE,5,TRUE,5,12,Premium,Medium,1
2431,62,Other,Barisal,Home,221.32,49,Mobile,Credit Card,TRUE,9,FALSE,5,9,Trial,Low,0
2432,18,Male,Barisal,Electronics,700.79,50,Mobile,Bank Transfer,TRUE,7,TRUE,4,9,Trial,Medium,1
2433,39,Other,Sylhet,Home,124.35,10,Tablet,Cash on Delivery,TRUE,2,TRUE,5,3,Trial,High,2
2434,39,Male,Mymensingh,Toys,510.84,16,Mobile,Cash on Delivery,FALSE,2,FALSE,1,8,Premium,Low,0
2435,28,Male,Rangpur,Home,791.65,57,Desktop,Debit Card,FALSE,7,TRUE,1,13,Trial,Low,0
2436,68,Other,Dhaka,Groceries,879.62,32,Desktop,Debit Card,TRUE,7,TRUE,3,6,Free,Medium,1
2437,68,Other,Khulna,Groceries,509.34,55,Tablet,Cash on Delivery,TRUE,4,FALSE,5,2,Premium,Medium,1
2438,49,Male,Sylhet,Books,519.61,29,Mobile,Debit Card,FALSE,9,FALSE,1,7,Trial,High,2
2439,32,Female,Sylhet,Toys,635.75,6,Tablet,Credit Card,TRUE,6,TRUE,1,2,Trial,High,2
2440,62,Other,Rajshahi,Sports,463.22,5,Tablet,Bank Transfer,FALSE,1,TRUE,4,9,Trial,Medium,1
2441,67,Male,Khulna,Toys,285.28,45,Tablet,PayPal,FALSE,4,FALSE,3,11,Trial,Low,0
2442,30,Other,Sylhet,Sports,486.53,10,Desktop,PayPal,FALSE,6,TRUE,5,5,Free,High,2
2443,45,Other,Barisal,Toys,498.1,13,Tablet,Debit Card,TRUE,5,TRUE,3,6,Premium,High,2
2444,18,Male,Chittagong,Toys,667.07,38,Desktop,Cash on Delivery,FALSE,9,TRUE,3,6,Free,Low,0
2445,56,Other,Chittagong,Books,325.11,30,Mobile,Bank Transfer,TRUE,6,TRUE,1,3,Premium,Medium,1
2446,43,Female,Rangpur,Home,832.84,40,Tablet,Debit Card,FALSE,8,FALSE,1,4,Free,Low,0
2447,36,Female,Mymensingh,Beauty,855.71,11,Tablet,Bank Transfer,FALSE,8,FALSE,3,1,Premium,Medium,1
2448,28,Other,Barisal,Sports,244.1,43,Tablet,PayPal,TRUE,5,TRUE,1,10,Premium,High,2
2449,65,Other,Rangpur,Electronics,249.98,1,Mobile,Bank Transfer,FALSE,6,FALSE,3,4,Premium,High,2
2450,38,Other,Khulna,Electronics,738.48,45,Tablet,Debit Card,FALSE,3,TRUE,1,11,Free,Medium,1
2451,52,Female,Mymensingh,Sports,314.14,3,Mobile,Debit Card,TRUE,8,FALSE,1,9,Trial,Low,0
2452,59,Female,Barisal,Clothing,639.68,13,Tablet,Debit Card,FALSE,2,TRUE,3,11,Trial,Low,0
2453,42,Female,Dhaka,Clothing,134.25,28,Desktop,Cash on Delivery,TRUE,2,TRUE,1,6,Free,Medium,1
2454,68,Female,Sylhet,Groceries,452.53,13,Mobile,Credit Card,TRUE,9,FALSE,4,2,Trial,Medium,1
2455,46,Other,Mymensingh,Home,604.31,44,Mobile,Credit Card,TRUE,4,FALSE,1,7,Free,Medium,1
2456,44,Other,Rajshahi,Beauty,998.68,30,Tablet,Debit Card,FALSE,4,FALSE,4,2,Premium,Low,0
2457,29,Other,Chittagong,Toys,800.76,37,Desktop,Bank Transfer,FALSE,7,FALSE,1,4,Trial,High,2
2458,63,Female,Mymensingh,Home,887.18,34,Desktop,Bank Transfer,FALSE,6,TRUE,4,10,Premium,High,2
2459,23,Female,Barisal,Clothing,868.62,25,Mobile,PayPal,FALSE,6,TRUE,3,1,Premium,High,2
2460,42,Male,Rajshahi,Groceries,508.06,16,Desktop,PayPal,FALSE,4,FALSE,3,4,Free,High,2
2461,53,Other,Rajshahi,Electronics,791.94,9,Desktop,Debit Card,TRUE,7,TRUE,2,4,Premium,Low,0
2462,27,Male,Dhaka,Sports,10.06,28,Tablet,PayPal,TRUE,4,FALSE,4,2,Free,Low,0
2463,47,Male,Barisal,Sports,362.58,52,Mobile,Cash on Delivery,TRUE,3,FALSE,1,13,Trial,Medium,1
2464,62,Male,Barisal,Toys,275.05,45,Desktop,Cash on Delivery,TRUE,5,FALSE,4,9,Free,Medium,1
2465,19,Female,Rangpur,Sports,117.16,46,Desktop,Debit Card,FALSE,1,FALSE,1,5,Trial,High,2
2466,36,Other,Mymensingh,Clothing,401.15,54,Desktop,Bank Transfer,FALSE,8,FALSE,4,7,Trial,Low,0
2467,69,Female,Chittagong,Beauty,260.89,1,Mobile,PayPal,FALSE,3,TRUE,2,6,Trial,High,2
2468,56,Other,Barisal,Home,364.85,2,Desktop,Debit Card,TRUE,7,TRUE,5,4,Premium,Low,0
2469,23,Male,Rangpur,Toys,589.8,29,Desktop,Debit Card,TRUE,8,TRUE,2,12,Trial,High,2
2470,24,Other,Chittagong,Clothing,834.75,21,Desktop,Cash on Delivery,FALSE,1,FALSE,4,12,Free,Medium,1
2471,28,Female,Barisal,Groceries,926.74,56,Mobile,Credit Card,FALSE,2,FALSE,4,7,Trial,High,2
2472,20,Male,Barisal,Electronics,205.74,5,Tablet,Credit Card,FALSE,4,FALSE,2,8,Trial,High,2
2473,41,Male,Mymensingh,Groceries,834.91,11,Mobile,PayPal,TRUE,4,TRUE,2,3,Trial,Low,0
2474,31,Female,Rangpur,Beauty,336.89,32,Mobile,Bank Transfer,FALSE,4,FALSE,2,9,Trial,High,2
2475,60,Other,Sylhet,Clothing,752,34,Desktop,Cash on Delivery,TRUE,6,FALSE,4,7,Premium,Medium,1
2476,41,Male,Rangpur,Beauty,639.22,31,Tablet,Credit Card,TRUE,3,TRUE,5,8,Trial,Medium,1
2477,28,Male,Rajshahi,Clothing,456.52,34,Desktop,Cash on Delivery,TRUE,5,FALSE,5,12,Premium,Medium,1
2478,62,Male,Chittagong,Toys,14.59,2,Mobile,PayPal,FALSE,5,FALSE,2,5,Trial,Medium,1
2479,40,Female,Sylhet,Home,270.4,45,Desktop,Debit Card,FALSE,9,FALSE,4,3,Free,Medium,1
2480,65,Male,Chittagong,Toys,120.25,26,Mobile,Credit Card,TRUE,2,FALSE,4,3,Premium,Low,0
2481,18,Female,Barisal,Home,844.75,28,Desktop,Cash on Delivery,TRUE,5,FALSE,1,8,Trial,Medium,1
2482,59,Male,Chittagong,Electronics,361.79,47,Desktop,PayPal,FALSE,2,TRUE,3,2,Free,Medium,1
2483,65,Female,Rajshahi,Books,175.64,41,Tablet,Debit Card,TRUE,3,TRUE,1,4,Trial,Medium,1
2484,51,Other,Khulna,Electronics,527.82,42,Desktop,Credit Card,TRUE,1,FALSE,2,13,Free,High,2
2485,64,Male,Dhaka,Beauty,589.95,17,Mobile,Bank Transfer,TRUE,6,FALSE,3,12,Trial,Medium,1
2486,30,Male,Sylhet,Groceries,564.12,59,Mobile,Debit Card,TRUE,1,TRUE,3,9,Premium,Low,0
2487,35,Female,Dhaka,Beauty,735.02,55,Desktop,Debit Card,TRUE,4,TRUE,1,4,Premium,Low,0
2488,59,Other,Chittagong,Clothing,344.89,38,Desktop,Cash on Delivery,FALSE,3,FALSE,1,12,Premium,High,2
2489,51,Male,Chittagong,Books,351.71,37,Desktop,Bank Transfer,FALSE,1,FALSE,1,4,Free,Medium,1
2490,45,Other,Sylhet,Books,70.76,47,Desktop,Debit Card,FALSE,5,TRUE,1,12,Trial,Medium,1
2491,32,Male,Khulna,Electronics,220.01,40,Mobile,Cash on Delivery,FALSE,9,TRUE,4,2,Trial,Low,0
2492,58,Other,Khulna,Electronics,179,42,Desktop,PayPal,FALSE,6,FALSE,2,8,Trial,High,2
2493,40,Male,Dhaka,Clothing,847.46,30,Mobile,Bank Transfer,TRUE,6,FALSE,4,3,Premium,High,2
2494,57,Male,Chittagong,Clothing,626.81,37,Desktop,Cash on Delivery,TRUE,6,TRUE,2,13,Premium,Low,0
2495,48,Male,Dhaka,Home,574.34,22,Desktop,Cash on Delivery,TRUE,4,FALSE,2,5,Trial,Medium,1
2496,37,Male,Rangpur,Clothing,324.31,49,Desktop,Bank Transfer,FALSE,7,FALSE,2,11,Free,Low,0
2497,53,Male,Chittagong,Home,719.9,35,Mobile,PayPal,TRUE,3,TRUE,4,3,Trial,Medium,1
2498,32,Female,Mymensingh,Beauty,139.2,52,Tablet,Credit Card,TRUE,2,FALSE,5,4,Free,Low,0
2499,44,Female,Rangpur,Toys,165.82,20,Desktop,Debit Card,TRUE,6,TRUE,2,7,Free,Medium,1
2500,46,Other,Khulna,Groceries,204.95,27,Tablet,PayPal,TRUE,2,FALSE,2,10,Premium,High,2
2501,37,Other,Rajshahi,Home,39.19,28,Tablet,Credit Card,TRUE,2,TRUE,3,13,Premium,Low,0
2502,25,Male,Khulna,Clothing,492.62,32,Desktop,Cash on Delivery,FALSE,9,TRUE,1,2,Premium,Medium,1
2503,55,Other,Khulna,Toys,761.06,22,Tablet,Credit Card,TRUE,6,FALSE,1,5,Free,Medium,1
2504,26,Other,Barisal,Groceries,60.65,10,Desktop,Credit Card,TRUE,9,FALSE,5,6,Free,Medium,1
2505,51,Male,Mymensingh,Toys,847.09,30,Desktop,Cash on Delivery,TRUE,8,FALSE,5,1,Trial,Medium,1
2506,44,Other,Barisal,Books,975.23,40,Tablet,PayPal,FALSE,9,TRUE,4,1,Trial,Medium,1
2507,22,Other,Chittagong,Beauty,421.63,4,Tablet,PayPal,TRUE,2,FALSE,4,8,Free,High,2
2508,40,Female,Rangpur,Sports,411.25,5,Desktop,Bank Transfer,FALSE,4,FALSE,5,10,Premium,Low,0
2509,39,Female,Barisal,Toys,485.21,2,Desktop,Bank Transfer,FALSE,4,FALSE,3,12,Premium,High,2
2510,35,Other,Rajshahi,Clothing,74.35,45,Tablet,Bank Transfer,FALSE,8,TRUE,4,5,Free,Low,0
2511,32,Male,Khulna,Sports,503.94,21,Tablet,PayPal,TRUE,8,TRUE,4,11,Premium,Medium,1
2512,19,Male,Dhaka,Beauty,809.7,19,Desktop,Credit Card,FALSE,9,FALSE,4,6,Free,Medium,1
2513,18,Female,Barisal,Groceries,331.64,20,Mobile,Debit Card,TRUE,6,TRUE,3,12,Premium,High,2
2514,54,Female,Khulna,Sports,606.87,56,Mobile,PayPal,FALSE,4,TRUE,1,5,Trial,Medium,1
2515,32,Male,Mymensingh,Sports,256.14,18,Tablet,Debit Card,FALSE,5,FALSE,1,12,Free,Low,0
2516,36,Other,Chittagong,Home,631.3,11,Mobile,Debit Card,TRUE,4,TRUE,2,10,Premium,Low,0
2517,45,Female,Mymensingh,Beauty,205.38,21,Mobile,PayPal,TRUE,1,TRUE,2,11,Premium,Low,0
2518,30,Female,Mymensingh,Electronics,863.52,51,Desktop,PayPal,FALSE,1,FALSE,3,11,Trial,Medium,1
2519,55,Male,Khulna,Clothing,693.39,7,Desktop,Debit Card,TRUE,3,TRUE,1,5,Free,High,2
2520,65,Female,Rangpur,Home,598.77,38,Mobile,Debit Card,TRUE,2,TRUE,2,12,Premium,High,2
2521,41,Female,Rangpur,Books,728.47,14,Mobile,Cash on Delivery,TRUE,3,FALSE,1,11,Premium,Medium,1
2522,32,Female,Chittagong,Clothing,411.65,53,Desktop,Bank Transfer,TRUE,6,FALSE,5,6,Free,Medium,1
2523,66,Male,Chittagong,Toys,893.94,41,Mobile,Debit Card,TRUE,4,TRUE,1,10,Trial,High,2
2524,39,Other,Rangpur,Beauty,956.99,18,Desktop,Bank Transfer,FALSE,6,TRUE,3,6,Premium,Medium,1
2525,47,Male,Rangpur,Clothing,893.32,57,Tablet,Credit Card,TRUE,9,FALSE,1,3,Free,Medium,1
2526,35,Female,Rangpur,Clothing,277.57,17,Desktop,PayPal,FALSE,5,TRUE,5,4,Premium,Medium,1
2527,20,Male,Barisal,Clothing,590.15,37,Mobile,Debit Card,TRUE,4,TRUE,4,8,Free,Low,0
2528,66,Male,Khulna,Sports,47.97,14,Desktop,PayPal,TRUE,5,TRUE,3,6,Trial,High,2
2529,28,Other,Rangpur,Toys,40.95,2,Tablet,PayPal,TRUE,7,FALSE,1,9,Free,Medium,1
2530,57,Male,Rangpur,Books,304.02,16,Desktop,Cash on Delivery,TRUE,7,FALSE,1,10,Premium,Low,0
2531,66,Other,Rangpur,Sports,569.32,10,Mobile,Debit Card,TRUE,8,TRUE,5,4,Premium,High,2
2532,66,Male,Rajshahi,Home,445.64,24,Desktop,Credit Card,TRUE,6,FALSE,3,8,Free,Medium,1
2533,45,Male,Chittagong,Home,408.46,31,Desktop,PayPal,TRUE,8,TRUE,2,11,Free,High,2
2534,53,Male,Mymensingh,Toys,400.09,6,Tablet,Cash on Delivery,TRUE,7,FALSE,5,11,Premium,Medium,1
2535,49,Female,Barisal,Sports,461.59,56,Desktop,Credit Card,FALSE,5,TRUE,3,11,Free,Low,0
2536,55,Other,Chittagong,Electronics,783.32,6,Mobile,Bank Transfer,TRUE,9,TRUE,1,10,Premium,High,2
2537,22,Other,Khulna,Sports,870.91,30,Tablet,PayPal,FALSE,7,TRUE,1,12,Free,Low,0
2538,36,Male,Sylhet,Electronics,513.8,21,Mobile,Credit Card,FALSE,8,TRUE,5,7,Free,High,2
2539,49,Female,Dhaka,Home,38.5,51,Desktop,Bank Transfer,FALSE,3,FALSE,2,1,Free,Low,0
2540,59,Female,Khulna,Sports,724.87,52,Desktop,Credit Card,TRUE,8,FALSE,1,2,Trial,High,2
2541,36,Male,Chittagong,Beauty,965.37,28,Desktop,Credit Card,TRUE,9,FALSE,4,13,Free,High,2
2542,54,Male,Rangpur,Books,966.51,31,Desktop,Credit Card,FALSE,8,TRUE,1,11,Premium,High,2
2543,63,Male,Rajshahi,Groceries,486.62,22,Desktop,Debit Card,TRUE,3,FALSE,2,13,Premium,Low,0
2544,37,Other,Rajshahi,Books,780.52,33,Tablet,Cash on Delivery,TRUE,6,TRUE,2,10,Premium,Low,0
2545,66,Male,Rangpur,Toys,891.29,54,Tablet,Bank Transfer,FALSE,9,FALSE,1,6,Trial,High,2
2546,21,Other,Rangpur,Electronics,944.06,58,Desktop,Debit Card,FALSE,3,TRUE,4,8,Free,Low,0
2547,22,Other,Barisal,Groceries,709.92,46,Mobile,Cash on Delivery,TRUE,1,FALSE,2,9,Premium,High,2
2548,21,Other,Chittagong,Groceries,925.43,36,Tablet,PayPal,FALSE,7,TRUE,5,5,Free,Medium,1
2549,41,Male,Barisal,Home,328.83,2,Desktop,Bank Transfer,FALSE,1,FALSE,3,1,Free,High,2
2550,58,Other,Barisal,Toys,471.78,57,Desktop,PayPal,FALSE,3,TRUE,1,3,Trial,Low,0
2551,49,Male,Dhaka,Groceries,51.18,4,Mobile,Cash on Delivery,TRUE,9,FALSE,4,11,Trial,Low,0
2552,65,Female,Sylhet,Clothing,463.31,52,Tablet,Debit Card,TRUE,4,FALSE,5,10,Premium,High,2
2553,27,Male,Barisal,Electronics,177.47,48,Mobile,Debit Card,FALSE,8,TRUE,1,6,Trial,High,2
2554,30,Other,Rangpur,Beauty,661.19,53,Mobile,Cash on Delivery,FALSE,2,FALSE,4,5,Premium,Medium,1
2555,66,Female,Dhaka,Groceries,186,49,Tablet,Bank Transfer,TRUE,9,TRUE,3,9,Premium,Low,0
2556,28,Female,Mymensingh,Clothing,710.46,21,Tablet,Debit Card,FALSE,6,TRUE,1,7,Trial,High,2
2557,28,Female,Barisal,Groceries,530.88,26,Mobile,Cash on Delivery,TRUE,7,TRUE,4,5,Free,Low,0
2558,69,Male,Dhaka,Home,103.87,10,Desktop,PayPal,TRUE,1,TRUE,1,6,Trial,Low,0
2559,21,Male,Rajshahi,Toys,958.01,7,Desktop,Debit Card,TRUE,7,TRUE,5,8,Trial,Low,0
2560,69,Male,Khulna,Electronics,636.52,51,Desktop,PayPal,TRUE,6,TRUE,2,6,Free,Low,0
2561,65,Female,Dhaka,Electronics,255.28,16,Mobile,Debit Card,TRUE,4,FALSE,4,3,Free,Low,0
2562,23,Female,Dhaka,Books,783.95,14,Mobile,PayPal,TRUE,8,TRUE,3,6,Free,Medium,1
2563,61,Male,Rajshahi,Books,756.98,39,Desktop,Debit Card,TRUE,8,FALSE,2,5,Free,Medium,1
2564,37,Male,Sylhet,Groceries,516.24,24,Tablet,Bank Transfer,FALSE,9,FALSE,5,4,Free,Medium,1
2565,62,Male,Dhaka,Groceries,681.53,56,Mobile,PayPal,FALSE,8,TRUE,4,11,Trial,Low,0
2566,55,Female,Khulna,Beauty,444.37,22,Tablet,Credit Card,FALSE,5,FALSE,2,3,Premium,Medium,1
2567,18,Male,Sylhet,Sports,170.81,35,Desktop,Cash on Delivery,FALSE,7,TRUE,1,2,Free,High,2
2568,32,Female,Khulna,Clothing,916.49,2,Mobile,Debit Card,FALSE,1,TRUE,2,12,Trial,Low,0
2569,30,Female,Khulna,Books,348.82,42,Tablet,Credit Card,FALSE,6,TRUE,2,4,Trial,Medium,1
2570,68,Other,Rangpur,Electronics,874.71,4,Tablet,Bank Transfer,TRUE,4,TRUE,4,10,Free,High,2
2571,38,Male,Chittagong,Clothing,479.88,22,Mobile,Credit Card,TRUE,7,TRUE,2,6,Premium,High,2
2572,59,Other,Mymensingh,Books,546.52,12,Tablet,Bank Transfer,FALSE,3,TRUE,5,3,Premium,Medium,1
2573,21,Male,Chittagong,Home,530.53,24,Mobile,Cash on Delivery,TRUE,9,TRUE,5,7,Trial,Medium,1
2574,26,Other,Chittagong,Books,241.74,54,Desktop,Bank Transfer,FALSE,9,TRUE,3,13,Premium,Medium,1
2575,31,Female,Chittagong,Groceries,493.39,59,Mobile,Cash on Delivery,TRUE,5,TRUE,1,6,Trial,Low,0
2576,29,Other,Rajshahi,Toys,248.91,8,Mobile,Debit Card,TRUE,7,TRUE,2,13,Free,Medium,1
2577,58,Other,Dhaka,Sports,378.51,6,Tablet,Debit Card,FALSE,6,FALSE,2,5,Free,High,2
2578,36,Male,Barisal,Clothing,88.6,47,Tablet,PayPal,FALSE,2,TRUE,1,13,Free,Low,0
2579,48,Other,Sylhet,Groceries,576.77,36,Tablet,Cash on Delivery,TRUE,2,FALSE,2,2,Trial,High,2
2580,29,Male,Barisal,Electronics,212.95,51,Mobile,PayPal,TRUE,1,TRUE,3,1,Free,Low,0
2581,23,Other,Rangpur,Electronics,29.01,33,Mobile,PayPal,TRUE,9,FALSE,5,12,Free,High,2
2582,53,Male,Mymensingh,Toys,94.41,37,Mobile,Debit Card,FALSE,7,TRUE,4,3,Premium,Low,0
2583,58,Female,Chittagong,Electronics,29.3,30,Desktop,PayPal,FALSE,4,TRUE,1,11,Free,High,2
2584,51,Female,Sylhet,Electronics,474.36,56,Mobile,PayPal,FALSE,4,TRUE,2,3,Premium,Low,0
2585,25,Female,Mymensingh,Home,582.9,29,Desktop,Credit Card,FALSE,5,TRUE,5,4,Premium,Low,0
2586,25,Male,Khulna,Electronics,645.25,58,Desktop,Bank Transfer,TRUE,9,FALSE,2,3,Trial,High,2
2587,20,Female,Sylhet,Books,76.89,13,Tablet,Cash on Delivery,FALSE,4,FALSE,5,3,Premium,Medium,1
2588,30,Male,Sylhet,Groceries,271.04,19,Desktop,Bank Transfer,FALSE,7,FALSE,1,2,Free,Medium,1
2589,26,Other,Dhaka,Clothing,642.28,42,Mobile,Bank Transfer,TRUE,5,TRUE,3,6,Trial,Medium,1
2590,46,Female,Dhaka,Books,843.13,50,Desktop,Bank Transfer,TRUE,2,TRUE,3,1,Premium,Medium,1
2591,47,Male,Sylhet,Electronics,788.68,30,Mobile,PayPal,FALSE,4,TRUE,3,5,Premium,Low,0
2592,58,Male,Rangpur,Sports,595.07,11,Tablet,Credit Card,FALSE,6,FALSE,2,10,Free,Low,0
2593,34,Male,Khulna,Beauty,99.56,4,Tablet,Debit Card,TRUE,6,TRUE,1,7,Trial,Low,0
2594,42,Male,Chittagong,Home,994.69,44,Desktop,Bank Transfer,TRUE,6,FALSE,4,11,Free,Low,0
2595,60,Male,Dhaka,Books,469.31,25,Tablet,Cash on Delivery,FALSE,8,FALSE,4,12,Trial,High,2
2596,61,Female,Chittagong,Electronics,20.41,47,Desktop,Debit Card,FALSE,8,FALSE,4,9,Free,Low,0
2597,65,Female,Rangpur,Clothing,986.88,13,Desktop,Cash on Delivery,FALSE,2,FALSE,3,7,Trial,Low,0
2598,67,Other,Barisal,Clothing,708.8,2,Tablet,Credit Card,FALSE,9,TRUE,5,8,Free,Medium,1
2599,27,Female,Rajshahi,Beauty,153.5,34,Tablet,Bank Transfer,FALSE,4,TRUE,4,5,Trial,Low,0
2600,23,Male,Sylhet,Home,17.09,46,Mobile,PayPal,TRUE,5,FALSE,2,5,Premium,High,2
2601,63,Female,Dhaka,Sports,176.03,20,Mobile,Debit Card,TRUE,1,TRUE,2,12,Premium,Low,0
2602,46,Female,Rangpur,Toys,243.09,9,Desktop,Cash on Delivery,FALSE,4,TRUE,3,10,Trial,Low,0
2603,27,Other,Chittagong,Home,749.82,29,Mobile,PayPal,TRUE,3,TRUE,4,4,Free,Medium,1
2604,39,Male,Barisal,Toys,272.12,58,Desktop,PayPal,FALSE,9,TRUE,1,2,Premium,Low,0
2605,40,Other,Rangpur,Books,56.12,6,Mobile,PayPal,FALSE,4,TRUE,5,8,Free,Low,0
2606,58,Other,Khulna,Clothing,233.36,53,Tablet,Debit Card,FALSE,1,TRUE,3,9,Premium,Low,0
2607,30,Female,Rajshahi,Toys,814.12,1,Mobile,Credit Card,TRUE,3,FALSE,1,2,Free,High,2
2608,33,Male,Khulna,Books,186.14,31,Tablet,Cash on Delivery,FALSE,6,TRUE,3,12,Free,Low,0
2609,41,Female,Barisal,Beauty,72.11,23,Tablet,Bank Transfer,TRUE,9,TRUE,3,9,Free,High,2
2610,42,Male,Khulna,Sports,989.92,8,Mobile,Debit Card,FALSE,6,TRUE,1,2,Free,Medium,1
2611,63,Male,Chittagong,Beauty,143.62,40,Desktop,Credit Card,TRUE,1,FALSE,2,12,Premium,Medium,1
2612,61,Male,Khulna,Toys,307.63,29,Desktop,Bank Transfer,TRUE,2,TRUE,5,3,Free,Medium,1
2613,32,Other,Rajshahi,Electronics,289.72,43,Mobile,Credit Card,TRUE,6,TRUE,4,8,Premium,High,2
2614,69,Other,Barisal,Beauty,870.54,3,Tablet,PayPal,TRUE,3,FALSE,2,8,Premium,Low,0
2615,45,Male,Khulna,Books,186.52,6,Tablet,Bank Transfer,FALSE,8,TRUE,2,11,Trial,Medium,1
2616,65,Male,Rajshahi,Electronics,312.91,37,Tablet,Debit Card,FALSE,7,TRUE,2,3,Trial,Medium,1
2617,65,Other,Khulna,Clothing,244.19,57,Desktop,PayPal,TRUE,6,FALSE,1,3,Trial,Low,0
2618,51,Male,Rajshahi,Clothing,439.41,27,Desktop,PayPal,TRUE,3,TRUE,4,6,Trial,High,2
2619,48,Female,Sylhet,Books,463.73,59,Tablet,Cash on Delivery,FALSE,2,TRUE,4,11,Trial,Low,0
2620,69,Male,Rangpur,Electronics,888.26,18,Desktop,Cash on Delivery,TRUE,5,FALSE,1,3,Free,High,2
2621,69,Other,Barisal,Clothing,132.52,55,Desktop,Bank Transfer,FALSE,3,FALSE,4,10,Premium,Medium,1
2622,53,Male,Chittagong,Clothing,189.43,52,Mobile,Debit Card,FALSE,4,TRUE,4,10,Trial,Medium,1
2623,64,Male,Mymensingh,Groceries,98.48,20,Mobile,Bank Transfer,FALSE,4,TRUE,5,2,Trial,Medium,1
2624,44,Male,Dhaka,Groceries,909.51,23,Tablet,Debit Card,FALSE,4,FALSE,3,11,Trial,High,2
2625,27,Other,Dhaka,Home,953.14,2,Tablet,Debit Card,TRUE,3,FALSE,2,12,Free,Low,0
2626,35,Other,Rangpur,Home,927.51,22,Mobile,Debit Card,TRUE,3,TRUE,1,6,Trial,Medium,1
2627,39,Male,Chittagong,Home,956.17,53,Mobile,Credit Card,TRUE,7,TRUE,5,3,Trial,Low,0
2628,58,Female,Sylhet,Electronics,171.72,30,Tablet,Credit Card,FALSE,3,FALSE,4,11,Premium,High,2
2629,45,Male,Dhaka,Clothing,262.58,33,Desktop,Credit Card,TRUE,5,FALSE,4,5,Premium,Low,0
2630,42,Other,Sylhet,Home,119.84,21,Desktop,Debit Card,FALSE,7,FALSE,4,1,Premium,Low,0
2631,53,Other,Sylhet,Clothing,23.05,42,Tablet,Credit Card,TRUE,6,TRUE,3,9,Premium,High,2
2632,28,Female,Sylhet,Electronics,103.97,46,Mobile,Debit Card,TRUE,9,TRUE,4,9,Free,High,2
2633,34,Female,Dhaka,Sports,26.4,39,Mobile,Debit Card,TRUE,9,TRUE,1,4,Premium,Low,0
2634,59,Female,Chittagong,Home,252.88,12,Desktop,Cash on Delivery,FALSE,4,FALSE,5,6,Premium,High,2
2635,68,Other,Dhaka,Sports,593.1,33,Desktop,Debit Card,FALSE,6,TRUE,3,10,Trial,Low,0
2636,64,Female,Dhaka,Electronics,966.19,29,Desktop,Credit Card,FALSE,8,FALSE,1,6,Trial,Low,0
2637,66,Female,Barisal,Beauty,466.45,47,Mobile,Credit Card,FALSE,6,TRUE,2,11,Trial,Medium,1
2638,19,Other,Rajshahi,Sports,785.87,34,Desktop,Credit Card,FALSE,9,FALSE,4,10,Premium,Medium,1
2639,25,Female,Barisal,Beauty,743.54,18,Desktop,Credit Card,TRUE,3,TRUE,5,8,Trial,Low,0
2640,27,Male,Khulna,Electronics,553.36,8,Tablet,Cash on Delivery,FALSE,1,FALSE,2,12,Premium,Medium,1
2641,61,Male,Rangpur,Home,991.13,19,Desktop,Cash on Delivery,FALSE,1,TRUE,4,6,Trial,High,2
2642,35,Male,Khulna,Clothing,612.19,58,Mobile,Debit Card,TRUE,6,FALSE,5,2,Trial,Low,0
2643,36,Other,Rangpur,Books,501.94,47,Tablet,PayPal,FALSE,1,FALSE,3,7,Premium,Medium,1
2644,59,Female,Khulna,Clothing,979.56,19,Mobile,Cash on Delivery,FALSE,4,FALSE,1,11,Premium,Medium,1
2645,32,Female,Mymensingh,Toys,338.88,47,Mobile,Cash on Delivery,TRUE,1,FALSE,5,10,Free,Low,0
2646,62,Male,Sylhet,Sports,540.85,10,Mobile,Debit Card,FALSE,5,FALSE,5,3,Free,High,2
2647,57,Female,Rangpur,Beauty,384.88,36,Mobile,Debit Card,FALSE,9,TRUE,1,8,Premium,Low,0
2648,26,Other,Dhaka,Electronics,271.03,34,Desktop,PayPal,FALSE,5,FALSE,4,2,Free,High,2
2649,44,Male,Chittagong,Electronics,408.5,59,Desktop,Cash on Delivery,TRUE,1,TRUE,5,7,Free,Medium,1
2650,69,Female,Rangpur,Books,452.01,25,Tablet,Debit Card,TRUE,4,TRUE,2,10,Premium,High,2
2651,26,Male,Barisal,Clothing,855.67,50,Desktop,Credit Card,FALSE,2,TRUE,3,2,Premium,High,2
2652,62,Female,Rangpur,Home,479.07,58,Mobile,Credit Card,FALSE,6,FALSE,4,6,Free,Medium,1
2653,30,Male,Chittagong,Toys,862.75,36,Tablet,Bank Transfer,TRUE,2,TRUE,1,2,Premium,Medium,1
2654,29,Male,Rangpur,Sports,618.08,48,Tablet,PayPal,FALSE,2,FALSE,3,12,Trial,Medium,1
2655,67,Male,Khulna,Sports,457.32,17,Tablet,Credit Card,TRUE,1,FALSE,1,1,Premium,Low,0
2656,24,Female,Dhaka,Groceries,613.89,35,Desktop,Bank Transfer,FALSE,1,TRUE,1,11,Trial,Low,0
2657,27,Male,Mymensingh,Beauty,385.69,54,Mobile,PayPal,FALSE,5,TRUE,5,8,Free,Low,0
2658,25,Female,Khulna,Clothing,575.56,53,Desktop,Bank Transfer,FALSE,5,FALSE,4,5,Free,High,2
2659,21,Female,Barisal,Home,221.63,50,Mobile,Credit Card,FALSE,7,TRUE,2,8,Trial,Medium,1
2660,18,Other,Mymensingh,Home,342.96,35,Mobile,Bank Transfer,TRUE,3,FALSE,1,8,Trial,Medium,1
2661,54,Female,Sylhet,Beauty,165.91,39,Mobile,Bank Transfer,FALSE,8,TRUE,5,10,Free,Low,0
2662,66,Male,Chittagong,Electronics,191.61,5,Mobile,PayPal,TRUE,2,FALSE,5,3,Free,High,2
2663,50,Female,Sylhet,Sports,494.45,1,Desktop,Credit Card,FALSE,9,TRUE,4,9,Trial,Medium,1
2664,21,Other,Dhaka,Beauty,667.34,19,Tablet,Credit Card,TRUE,2,FALSE,2,11,Free,High,2
2665,49,Male,Rajshahi,Sports,775.51,33,Mobile,Bank Transfer,TRUE,9,FALSE,5,5,Premium,Medium,1
2666,54,Female,Khulna,Sports,239.93,42,Mobile,Bank Transfer,FALSE,8,TRUE,5,11,Free,High,2
2667,64,Other,Dhaka,Home,268.81,46,Desktop,PayPal,TRUE,6,TRUE,1,8,Premium,Low,0
2668,66,Male,Rangpur,Books,176.7,19,Mobile,Debit Card,TRUE,4,TRUE,4,8,Premium,Medium,1
2669,39,Female,Dhaka,Clothing,232.92,41,Tablet,Debit Card,FALSE,7,TRUE,1,10,Free,Low,0
2670,27,Female,Barisal,Toys,702.24,1,Desktop,PayPal,FALSE,6,TRUE,5,3,Trial,Medium,1
2671,25,Male,Chittagong,Home,459.87,27,Desktop,Credit Card,FALSE,8,TRUE,5,10,Free,High,2
2672,37,Female,Rajshahi,Clothing,697.8,8,Tablet,Debit Card,TRUE,9,TRUE,3,5,Free,Medium,1
2673,61,Female,Rajshahi,Toys,879.5,21,Mobile,PayPal,FALSE,2,TRUE,5,13,Free,High,2
2674,58,Female,Sylhet,Electronics,95.85,41,Mobile,PayPal,TRUE,4,TRUE,5,4,Free,High,2
2675,25,Female,Sylhet,Beauty,877.08,53,Tablet,Credit Card,TRUE,2,TRUE,5,12,Premium,High,2
2676,67,Male,Dhaka,Clothing,770.55,40,Mobile,Debit Card,FALSE,3,TRUE,3,7,Free,Medium,1
2677,23,Male,Rangpur,Toys,395.99,26,Desktop,Credit Card,FALSE,3,TRUE,5,13,Free,Low,0
2678,37,Male,Sylhet,Beauty,374.73,11,Mobile,Cash on Delivery,TRUE,8,FALSE,4,6,Premium,High,2
2679,38,Other,Rajshahi,Groceries,771.46,2,Desktop,Bank Transfer,TRUE,7,TRUE,2,4,Premium,High,2
2680,26,Male,Mymensingh,Home,652.89,27,Mobile,Debit Card,TRUE,2,FALSE,2,4,Premium,Low,0
2681,34,Female,Barisal,Books,400.24,45,Tablet,Credit Card,FALSE,3,TRUE,5,6,Premium,High,2
2682,61,Other,Rangpur,Clothing,516.53,38,Mobile,PayPal,FALSE,8,FALSE,2,8,Trial,Low,0
2683,58,Female,Rajshahi,Electronics,608.35,37,Mobile,Cash on Delivery,TRUE,5,TRUE,3,10,Free,High,2
2684,61,Other,Rangpur,Groceries,590.12,34,Mobile,Credit Card,TRUE,4,TRUE,3,12,Trial,Low,0
2685,38,Male,Sylhet,Toys,870.4,14,Tablet,PayPal,TRUE,5,FALSE,1,9,Free,Low,0
2686,41,Male,Chittagong,Home,568.49,32,Desktop,PayPal,TRUE,2,TRUE,2,10,Free,Low,0
2687,41,Female,Mymensingh,Groceries,17.75,33,Desktop,Credit Card,FALSE,8,FALSE,2,2,Trial,High,2
2688,47,Female,Rajshahi,Toys,371.81,30,Tablet,Cash on Delivery,FALSE,2,FALSE,2,11,Trial,High,2
2689,62,Other,Rajshahi,Home,570.08,46,Desktop,Credit Card,FALSE,6,FALSE,4,4,Premium,Low,0
2690,38,Male,Rangpur,Groceries,556.11,16,Tablet,PayPal,FALSE,2,FALSE,2,8,Trial,High,2
2691,35,Other,Dhaka,Groceries,572.13,59,Desktop,Cash on Delivery,TRUE,2,TRUE,2,9,Free,High,2
2692,61,Other,Rangpur,Toys,126.21,53,Mobile,Bank Transfer,TRUE,7,FALSE,3,7,Free,Medium,1
2693,56,Male,Khulna,Books,484.77,21,Tablet,Cash on Delivery,TRUE,4,TRUE,5,5,Free,Medium,1
2694,24,Female,Sylhet,Beauty,207.12,44,Tablet,Credit Card,FALSE,3,TRUE,5,1,Trial,Low,0
2695,63,Other,Barisal,Clothing,922.58,31,Desktop,Bank Transfer,FALSE,8,TRUE,1,1,Premium,High,2
2696,54,Other,Sylhet,Beauty,95.97,27,Desktop,Debit Card,TRUE,4,FALSE,3,4,Premium,Low,0
2697,53,Female,Dhaka,Books,227.22,31,Desktop,Cash on Delivery,FALSE,7,FALSE,4,7,Free,High,2
2698,19,Other,Dhaka,Sports,805.33,26,Tablet,Bank Transfer,FALSE,8,TRUE,2,8,Premium,Low,0
2699,60,Female,Dhaka,Electronics,108.02,4,Desktop,Credit Card,TRUE,2,FALSE,3,6,Premium,High,2
2700,52,Male,Dhaka,Clothing,819.87,35,Mobile,PayPal,TRUE,1,TRUE,2,11,Premium,Medium,1
2701,51,Female,Sylhet,Books,8.01,6,Desktop,Credit Card,TRUE,6,TRUE,4,9,Premium,Medium,1
2702,20,Female,Mymensingh,Electronics,887.33,8,Desktop,PayPal,FALSE,4,FALSE,5,2,Free,High,2
2703,32,Other,Barisal,Electronics,481.64,22,Tablet,Debit Card,FALSE,4,TRUE,4,7,Premium,High,2
2704,66,Male,Barisal,Sports,749.7,43,Tablet,Cash on Delivery,FALSE,4,TRUE,3,4,Premium,Low,0
2705,30,Male,Khulna,Beauty,978.53,55,Mobile,Credit Card,TRUE,7,TRUE,5,12,Premium,Medium,1
2706,25,Male,Rangpur,Home,899.61,1,Desktop,Cash on Delivery,TRUE,4,TRUE,1,4,Premium,Low,0
2707,46,Female,Khulna,Toys,887.95,13,Tablet,Credit Card,FALSE,9,TRUE,4,7,Trial,Medium,1
2708,58,Female,Rajshahi,Electronics,948.67,55,Mobile,Cash on Delivery,TRUE,5,FALSE,5,5,Free,Medium,1
2709,36,Female,Dhaka,Clothing,9.38,37,Mobile,Cash on Delivery,FALSE,4,TRUE,1,9,Premium,High,2
2710,35,Female,Chittagong,Books,512.77,53,Desktop,PayPal,TRUE,7,FALSE,5,1,Premium,High,2
2711,54,Other,Barisal,Groceries,101.84,51,Mobile,PayPal,FALSE,4,FALSE,4,1,Free,Medium,1
2712,56,Other,Rangpur,Clothing,390.72,12,Desktop,Cash on Delivery,TRUE,3,FALSE,3,5,Premium,Medium,1
2713,48,Other,Mymensingh,Groceries,525.72,36,Mobile,Cash on Delivery,FALSE,4,TRUE,5,9,Premium,Medium,1
2714,69,Other,Barisal,Books,324.79,9,Mobile,Bank Transfer,TRUE,5,TRUE,2,1,Free,Medium,1
2715,36,Male,Rajshahi,Home,649.06,34,Mobile,Credit Card,FALSE,7,TRUE,3,12,Premium,Low,0
2716,27,Male,Khulna,Toys,682.38,40,Tablet,Cash on Delivery,TRUE,4,FALSE,2,10,Free,Low,0
2717,29,Other,Mymensingh,Toys,541.06,24,Tablet,Bank Transfer,FALSE,5,FALSE,1,5,Premium,Low,0
2718,66,Male,Sylhet,Beauty,908.09,46,Mobile,Bank Transfer,TRUE,4,FALSE,4,13,Premium,Medium,1
2719,55,Male,Barisal,Electronics,222.02,28,Tablet,Cash on Delivery,TRUE,2,TRUE,4,9,Premium,High,2
2720,24,Male,Sylhet,Toys,686.96,34,Tablet,Debit Card,TRUE,2,TRUE,5,1,Free,High,2
2721,52,Female,Mymensingh,Clothing,931.24,36,Mobile,Bank Transfer,FALSE,8,FALSE,2,9,Premium,High,2
2722,44,Male,Rangpur,Groceries,458.63,9,Tablet,PayPal,TRUE,8,TRUE,4,5,Premium,Low,0
2723,29,Female,Khulna,Clothing,813.6,47,Tablet,Credit Card,FALSE,5,TRUE,2,6,Premium,Medium,1
2724,52,Other,Khulna,Home,468.03,12,Desktop,PayPal,TRUE,1,TRUE,4,7,Trial,Low,0
2725,59,Other,Dhaka,Toys,840.49,56,Tablet,Cash on Delivery,TRUE,7,FALSE,3,4,Premium,Low,0
2726,45,Other,Barisal,Clothing,335.89,17,Mobile,Credit Card,TRUE,6,FALSE,3,7,Premium,High,2
2727,56,Other,Dhaka,Books,795.85,53,Desktop,Debit Card,FALSE,8,TRUE,1,12,Premium,High,2
2728,52,Male,Mymensingh,Clothing,686.03,40,Tablet,Cash on Delivery,TRUE,9,TRUE,5,3,Premium,Low,0
2729,20,Female,Mymensingh,Books,177.99,30,Tablet,Bank Transfer,FALSE,4,TRUE,5,5,Free,High,2
2730,65,Other,Chittagong,Clothing,30.15,28,Desktop,Credit Card,FALSE,5,TRUE,2,13,Premium,Medium,1
2731,38,Other,Dhaka,Electronics,286.65,55,Tablet,Cash on Delivery,FALSE,4,FALSE,4,6,Premium,High,2
2732,44,Other,Sylhet,Beauty,269.87,22,Tablet,PayPal,FALSE,5,TRUE,4,9,Free,Medium,1
2733,57,Other,Khulna,Toys,899.78,29,Desktop,Debit Card,FALSE,9,FALSE,2,11,Premium,Low,0
2734,38,Female,Sylhet,Sports,569.65,57,Desktop,Debit Card,FALSE,8,FALSE,1,9,Premium,Medium,1
2735,34,Female,Chittagong,Books,635.57,50,Mobile,Debit Card,FALSE,2,FALSE,1,6,Free,High,2
2736,51,Female,Mymensingh,Toys,39.54,47,Mobile,Debit Card,TRUE,6,TRUE,5,11,Trial,High,2
2737,25,Male,Rajshahi,Clothing,173.83,54,Mobile,PayPal,TRUE,7,TRUE,4,3,Free,Medium,1
2738,54,Female,Dhaka,Books,442.79,44,Tablet,Cash on Delivery,FALSE,5,FALSE,1,6,Trial,High,2
2739,24,Other,Mymensingh,Home,41.26,16,Tablet,PayPal,FALSE,6,FALSE,3,6,Premium,Low,0
2740,69,Female,Sylhet,Toys,999.98,54,Desktop,PayPal,TRUE,1,TRUE,3,3,Free,Medium,1
2741,44,Female,Dhaka,Groceries,771.88,50,Mobile,Cash on Delivery,FALSE,1,FALSE,1,2,Free,Low,0
2742,66,Female,Dhaka,Groceries,135.28,30,Mobile,Cash on Delivery,TRUE,5,TRUE,5,12,Trial,High,2
2743,52,Other,Khulna,Electronics,948.57,40,Mobile,Bank Transfer,FALSE,9,TRUE,2,1,Premium,Low,0
2744,31,Male,Rangpur,Clothing,289.79,38,Mobile,Debit Card,FALSE,6,TRUE,2,5,Free,Medium,1
2745,34,Other,Rajshahi,Toys,152.51,14,Desktop,Debit Card,TRUE,5,FALSE,2,6,Free,Low,0
2746,51,Other,Khulna,Groceries,727.11,46,Desktop,Debit Card,TRUE,9,TRUE,2,1,Premium,Low,0
2747,63,Female,Chittagong,Beauty,449.02,42,Mobile,Debit Card,TRUE,2,TRUE,3,8,Trial,High,2
2748,34,Male,Rangpur,Electronics,206.67,19,Mobile,Bank Transfer,FALSE,6,FALSE,3,8,Free,Medium,1
2749,41,Male,Barisal,Toys,396.37,27,Desktop,Debit Card,FALSE,1,TRUE,3,6,Free,Low,0
2750,54,Female,Chittagong,Books,380.64,9,Mobile,PayPal,FALSE,1,FALSE,1,3,Trial,Low,0
2751,59,Female,Barisal,Sports,864.31,28,Tablet,Cash on Delivery,FALSE,6,TRUE,2,11,Free,High,2
2752,25,Other,Sylhet,Groceries,248.94,25,Mobile,Cash on Delivery,TRUE,9,TRUE,2,2,Premium,High,2
2753,34,Male,Rajshahi,Groceries,671.47,18,Tablet,Cash on Delivery,TRUE,9,TRUE,1,10,Premium,Low,0
2754,28,Other,Sylhet,Sports,125.85,29,Tablet,Debit Card,TRUE,9,TRUE,5,8,Premium,Low,0
2755,61,Other,Barisal,Books,417.7,6,Mobile,Debit Card,FALSE,2,TRUE,2,3,Trial,High,2
2756,64,Male,Rangpur,Home,183.99,52,Tablet,Debit Card,FALSE,4,FALSE,2,5,Trial,Medium,1
2757,54,Other,Rajshahi,Sports,17.54,35,Tablet,Cash on Delivery,FALSE,1,TRUE,1,4,Trial,Low,0
2758,36,Female,Khulna,Clothing,907.73,41,Desktop,Credit Card,TRUE,8,FALSE,1,3,Premium,Medium,1
2759,31,Female,Rangpur,Groceries,538.16,7,Desktop,Credit Card,TRUE,2,FALSE,4,7,Premium,Medium,1
2760,19,Other,Rajshahi,Sports,512.07,21,Tablet,Bank Transfer,FALSE,6,FALSE,1,7,Free,High,2
2761,32,Male,Mymensingh,Home,640.88,44,Desktop,Bank Transfer,FALSE,1,FALSE,4,8,Free,Low,0
2762,54,Other,Rangpur,Clothing,844.71,56,Mobile,PayPal,FALSE,6,TRUE,1,12,Free,Medium,1
2763,54,Female,Rangpur,Beauty,315.07,13,Desktop,Cash on Delivery,TRUE,9,TRUE,5,6,Free,High,2
2764,59,Female,Barisal,Clothing,874.64,4,Mobile,Cash on Delivery,FALSE,1,FALSE,3,11,Premium,Medium,1
2765,63,Female,Sylhet,Groceries,695.09,22,Tablet,Debit Card,TRUE,3,TRUE,1,3,Free,Medium,1
2766,60,Female,Barisal,Electronics,848.07,59,Mobile,Bank Transfer,FALSE,5,FALSE,4,1,Premium,High,2
2767,31,Female,Mymensingh,Groceries,360.59,34,Desktop,PayPal,TRUE,7,TRUE,3,5,Free,Medium,1
2768,59,Female,Barisal,Electronics,15.67,49,Desktop,Debit Card,TRUE,3,FALSE,3,7,Trial,Medium,1
2769,62,Other,Khulna,Toys,174.64,51,Mobile,Credit Card,TRUE,5,TRUE,3,12,Trial,Low,0
2770,63,Other,Mymensingh,Electronics,655.45,49,Tablet,Debit Card,FALSE,3,FALSE,2,12,Trial,High,2
2771,69,Male,Sylhet,Home,665.79,31,Mobile,Credit Card,FALSE,8,FALSE,4,10,Free,Low,0
2772,43,Other,Khulna,Electronics,281.75,50,Tablet,Bank Transfer,TRUE,5,FALSE,4,12,Premium,Low,0
2773,69,Other,Mymensingh,Electronics,450.43,10,Mobile,Bank Transfer,TRUE,3,FALSE,2,4,Premium,Medium,1
2774,62,Female,Rajshahi,Groceries,890.66,55,Tablet,Bank Transfer,FALSE,9,TRUE,3,11,Trial,High,2
2775,23,Female,Mymensingh,Groceries,218.47,48,Mobile,Bank Transfer,FALSE,7,TRUE,2,6,Premium,Low,0
2776,57,Female,Rangpur,Clothing,394.87,27,Tablet,Credit Card,FALSE,6,TRUE,1,12,Trial,High,2
2777,69,Female,Barisal,Home,163.02,17,Tablet,PayPal,TRUE,7,FALSE,1,13,Free,Medium,1
2778,34,Female,Rangpur,Home,934.16,22,Mobile,Debit Card,FALSE,1,FALSE,3,10,Premium,High,2
2779,52,Male,Mymensingh,Electronics,180.12,6,Tablet,Credit Card,TRUE,9,TRUE,3,8,Free,Low,0
2780,58,Female,Barisal,Home,496.48,15,Mobile,Credit Card,FALSE,9,TRUE,2,3,Premium,Low,0
2781,54,Male,Sylhet,Groceries,651.91,25,Desktop,Bank Transfer,FALSE,7,FALSE,1,2,Trial,High,2
2782,68,Other,Barisal,Sports,424.76,20,Desktop,Credit Card,TRUE,9,FALSE,4,1,Premium,Low,0
2783,37,Male,Rangpur,Sports,19.15,35,Desktop,PayPal,FALSE,9,FALSE,1,13,Trial,Medium,1
2784,59,Female,Sylhet,Sports,256.47,7,Mobile,Bank Transfer,TRUE,2,TRUE,1,11,Premium,Low,0
2785,58,Female,Chittagong,Sports,828.06,21,Mobile,Credit Card,FALSE,2,FALSE,1,5,Trial,Low,0
2786,34,Other,Khulna,Groceries,92.41,58,Tablet,Debit Card,FALSE,5,TRUE,3,10,Premium,Medium,1
2787,67,Female,Barisal,Toys,318.94,49,Desktop,Credit Card,TRUE,3,TRUE,1,11,Free,Medium,1
2788,68,Male,Rangpur,Clothing,154.68,32,Desktop,Debit Card,TRUE,5,FALSE,2,5,Free,High,2
2789,67,Male,Rangpur,Home,152.1,34,Tablet,Cash on Delivery,FALSE,2,TRUE,2,13,Free,Low,0
2790,31,Male,Rangpur,Beauty,297.02,23,Mobile,PayPal,TRUE,8,FALSE,2,13,Free,Medium,1
2791,69,Male,Barisal,Home,549.67,51,Desktop,Bank Transfer,FALSE,7,FALSE,3,8,Trial,Low,0
2792,43,Male,Chittagong,Groceries,798.64,21,Tablet,Cash on Delivery,FALSE,2,TRUE,4,6,Free,High,2
2793,38,Other,Khulna,Beauty,153.87,33,Mobile,Credit Card,TRUE,2,FALSE,2,7,Free,High,2
2794,64,Female,Chittagong,Sports,734.76,1,Tablet,Credit Card,TRUE,8,TRUE,4,6,Premium,High,2
2795,41,Other,Chittagong,Beauty,746.87,2,Desktop,PayPal,TRUE,2,FALSE,1,11,Free,High,2
2796,31,Other,Chittagong,Electronics,174.42,52,Tablet,Debit Card,TRUE,9,FALSE,5,12,Free,High,2
2797,65,Other,Khulna,Toys,704.38,3,Desktop,Cash on Delivery,TRUE,3,TRUE,3,3,Free,Low,0
2798,49,Male,Sylhet,Toys,881.69,5,Mobile,PayPal,TRUE,6,TRUE,2,3,Premium,High,2
2799,49,Male,Barisal,Books,510.16,9,Mobile,Debit Card,TRUE,5,FALSE,5,4,Premium,Medium,1
2800,60,Male,Rajshahi,Sports,533.76,44,Tablet,Credit Card,FALSE,3,TRUE,1,12,Free,Medium,1
2801,67,Other,Barisal,Clothing,330.64,42,Tablet,Bank Transfer,TRUE,5,FALSE,1,5,Free,Low,0
2802,28,Male,Rangpur,Beauty,766.44,31,Desktop,Credit Card,TRUE,4,FALSE,3,2,Premium,Low,0
2803,50,Female,Mymensingh,Groceries,799.3,14,Mobile,PayPal,TRUE,8,TRUE,5,12,Trial,High,2
2804,56,Other,Dhaka,Home,743.85,25,Tablet,PayPal,FALSE,2,FALSE,4,7,Free,High,2
2805,37,Male,Dhaka,Home,277.87,10,Mobile,PayPal,FALSE,6,FALSE,2,6,Premium,Medium,1
2806,49,Female,Rajshahi,Books,950.16,28,Desktop,PayPal,TRUE,8,TRUE,3,6,Trial,Medium,1
2807,36,Male,Mymensingh,Groceries,763.74,43,Mobile,Debit Card,TRUE,5,TRUE,2,13,Trial,Medium,1
2808,68,Male,Dhaka,Sports,887.13,58,Mobile,Credit Card,FALSE,3,TRUE,3,1,Trial,Medium,1
2809,29,Male,Rajshahi,Toys,989.74,56,Desktop,Cash on Delivery,TRUE,3,FALSE,5,12,Premium,Low,0
2810,53,Male,Sylhet,Groceries,414.51,14,Desktop,Credit Card,FALSE,1,FALSE,2,6,Premium,Medium,1
2811,39,Other,Rangpur,Sports,162.79,7,Mobile,Credit Card,TRUE,4,TRUE,2,5,Premium,High,2
2812,36,Other,Sylhet,Groceries,966.58,7,Tablet,Cash on Delivery,FALSE,9,FALSE,5,1,Trial,High,2
2813,32,Female,Mymensingh,Clothing,659.03,33,Mobile,Debit Card,TRUE,4,FALSE,2,1,Free,Low,0
2814,69,Female,Barisal,Home,882.15,26,Desktop,Bank Transfer,FALSE,7,TRUE,4,7,Free,Medium,1
2815,33,Other,Dhaka,Home,883.15,13,Mobile,Debit Card,FALSE,3,TRUE,4,7,Free,Low,0
2816,59,Female,Sylhet,Home,122.88,16,Tablet,PayPal,FALSE,2,FALSE,4,1,Premium,Medium,1
2817,62,Female,Chittagong,Books,697.36,16,Tablet,Credit Card,FALSE,6,FALSE,2,3,Premium,Low,0
2818,37,Male,Rangpur,Groceries,570.87,29,Desktop,Debit Card,TRUE,4,TRUE,4,3,Premium,Medium,1
2819,26,Male,Barisal,Home,840.03,11,Tablet,Credit Card,FALSE,8,TRUE,1,12,Trial,Low,0
2820,21,Male,Dhaka,Toys,446.38,51,Desktop,Cash on Delivery,FALSE,2,FALSE,4,6,Trial,High,2
2821,35,Other,Dhaka,Sports,793.56,38,Mobile,Debit Card,FALSE,5,TRUE,1,10,Trial,High,2
2822,21,Female,Khulna,Groceries,979.73,36,Tablet,Debit Card,TRUE,4,TRUE,5,9,Trial,High,2
2823,28,Female,Sylhet,Home,917.17,23,Desktop,Credit Card,FALSE,9,FALSE,1,5,Free,Low,0
2824,42,Female,Sylhet,Groceries,986.93,7,Tablet,Cash on Delivery,FALSE,1,FALSE,5,5,Trial,Medium,1
2825,55,Male,Khulna,Home,820.14,15,Tablet,Bank Transfer,FALSE,1,TRUE,3,9,Trial,High,2
2826,56,Male,Sylhet,Toys,924.21,35,Desktop,Cash on Delivery,FALSE,1,FALSE,4,2,Free,Medium,1
2827,28,Male,Dhaka,Home,313.27,1,Tablet,Cash on Delivery,FALSE,2,TRUE,2,11,Premium,Low,0
2828,41,Male,Rangpur,Beauty,737.55,58,Desktop,Credit Card,TRUE,1,TRUE,1,4,Trial,Medium,1
2829,28,Male,Rangpur,Books,489.98,47,Mobile,Credit Card,TRUE,6,TRUE,5,12,Trial,High,2
2830,19,Other,Dhaka,Electronics,114.16,56,Desktop,Credit Card,TRUE,9,FALSE,4,13,Trial,High,2
2831,60,Female,Mymensingh,Electronics,575.67,3,Desktop,Cash on Delivery,FALSE,7,FALSE,2,13,Premium,High,2
2832,23,Other,Chittagong,Books,289.23,55,Desktop,Bank Transfer,TRUE,5,TRUE,4,9,Free,Medium,1
2833,65,Other,Chittagong,Electronics,804.33,59,Desktop,Credit Card,TRUE,6,TRUE,5,7,Trial,Low,0
2834,61,Other,Sylhet,Electronics,131.81,49,Desktop,Cash on Delivery,FALSE,3,TRUE,5,6,Trial,Low,0
2835,49,Female,Chittagong,Electronics,815.33,55,Desktop,Debit Card,FALSE,3,FALSE,3,1,Free,Medium,1
2836,36,Other,Rajshahi,Home,818.37,33,Desktop,Bank Transfer,TRUE,1,TRUE,3,4,Free,Low,0
2837,50,Other,Chittagong,Beauty,677.45,56,Mobile,PayPal,TRUE,3,FALSE,1,1,Trial,Medium,1
2838,50,Female,Sylhet,Books,389.25,27,Tablet,PayPal,FALSE,9,FALSE,2,9,Premium,Medium,1
2839,40,Female,Mymensingh,Sports,170.8,34,Tablet,Debit Card,TRUE,7,TRUE,3,9,Trial,Low,0
2840,60,Female,Rajshahi,Clothing,999.67,39,Desktop,Cash on Delivery,TRUE,3,TRUE,5,11,Premium,High,2
2841,58,Other,Barisal,Sports,848.66,26,Mobile,Cash on Delivery,TRUE,2,TRUE,3,2,Premium,Medium,1
2842,38,Male,Chittagong,Clothing,71.7,6,Mobile,Bank Transfer,TRUE,2,FALSE,1,5,Premium,Low,0
2843,46,Female,Mymensingh,Toys,230.53,10,Mobile,PayPal,TRUE,3,TRUE,4,6,Trial,Low,0
2844,40,Male,Dhaka,Books,325.54,27,Desktop,PayPal,TRUE,8,TRUE,1,9,Trial,Medium,1
2845,21,Other,Barisal,Groceries,142.63,52,Desktop,PayPal,FALSE,4,FALSE,3,2,Trial,Low,0
2846,56,Other,Mymensingh,Sports,713.61,21,Tablet,Debit Card,TRUE,7,FALSE,4,5,Trial,Low,0
2847,27,Female,Barisal,Sports,489.09,17,Desktop,Credit Card,TRUE,2,TRUE,4,13,Premium,Low,0
2848,59,Female,Rangpur,Home,863.14,43,Tablet,Cash on Delivery,TRUE,2,FALSE,5,8,Free,Low,0
2849,67,Female,Khulna,Groceries,196.26,52,Tablet,Credit Card,TRUE,9,TRUE,4,8,Trial,Medium,1
2850,24,Other,Sylhet,Home,645.48,15,Mobile,Bank Transfer,TRUE,4,TRUE,1,5,Free,Medium,1
2851,25,Male,Sylhet,Home,105.2,31,Mobile,PayPal,TRUE,9,TRUE,3,9,Free,Medium,1
2852,64,Male,Barisal,Electronics,652.34,43,Desktop,Bank Transfer,FALSE,4,FALSE,2,12,Free,Medium,1
2853,58,Male,Chittagong,Clothing,193.7,53,Mobile,Cash on Delivery,FALSE,1,TRUE,4,2,Trial,High,2
2854,32,Female,Rangpur,Electronics,337.4,58,Tablet,Bank Transfer,FALSE,8,TRUE,4,9,Free,Low,0
2855,48,Male,Dhaka,Home,640.14,49,Desktop,Bank Transfer,TRUE,5,FALSE,3,3,Premium,Low,0
2856,68,Male,Rangpur,Beauty,53.79,9,Tablet,Debit Card,FALSE,4,FALSE,1,12,Free,Low,0
2857,33,Female,Mymensingh,Home,146.15,59,Tablet,PayPal,TRUE,1,TRUE,4,8,Premium,Medium,1
2858,28,Female,Khulna,Electronics,865.59,31,Tablet,Bank Transfer,FALSE,6,FALSE,1,9,Free,High,2
2859,23,Other,Rangpur,Electronics,702.71,23,Desktop,Bank Transfer,TRUE,6,TRUE,5,9,Premium,Medium,1
2860,41,Other,Rajshahi,Groceries,801.73,57,Mobile,Credit Card,FALSE,8,TRUE,1,11,Trial,Low,0
2861,44,Other,Khulna,Clothing,190.25,58,Desktop,PayPal,FALSE,3,TRUE,4,1,Trial,High,2
2862,68,Female,Rajshahi,Beauty,502.38,31,Mobile,Bank Transfer,TRUE,8,TRUE,5,2,Trial,High,2
2863,52,Female,Dhaka,Books,969.37,18,Mobile,Bank Transfer,FALSE,5,FALSE,4,12,Free,High,2
2864,65,Male,Chittagong,Sports,362.95,36,Desktop,Credit Card,TRUE,3,TRUE,2,4,Premium,Low,0
2865,48,Other,Khulna,Groceries,954.12,58,Desktop,Debit Card,FALSE,9,FALSE,4,3,Premium,High,2
2866,22,Female,Chittagong,Sports,725.62,14,Mobile,PayPal,FALSE,1,FALSE,5,12,Premium,Medium,1
2867,50,Female,Mymensingh,Toys,455.6,47,Tablet,Cash on Delivery,TRUE,3,FALSE,5,13,Premium,Low,0
2868,57,Male,Sylhet,Beauty,233.88,45,Tablet,Credit Card,TRUE,1,FALSE,3,9,Premium,Low,0
2869,23,Male,Chittagong,Groceries,89.69,16,Mobile,Bank Transfer,TRUE,1,TRUE,1,11,Free,Low,0
2870,54,Female,Rajshahi,Groceries,136.18,53,Tablet,PayPal,FALSE,6,FALSE,1,9,Trial,Low,0
2871,57,Other,Rangpur,Clothing,42.45,41,Tablet,PayPal,TRUE,5,TRUE,1,12,Trial,High,2
2872,28,Male,Barisal,Books,269.34,34,Tablet,Credit Card,FALSE,7,TRUE,4,1,Trial,Low,0
2873,57,Female,Dhaka,Toys,929.19,40,Desktop,Bank Transfer,TRUE,9,FALSE,2,9,Free,Medium,1
2874,49,Male,Rangpur,Home,906.52,25,Desktop,Bank Transfer,FALSE,4,FALSE,5,3,Trial,Medium,1
2875,43,Female,Rangpur,Beauty,312.35,20,Desktop,PayPal,FALSE,2,TRUE,3,2,Trial,Medium,1
2876,40,Male,Mymensingh,Sports,720.42,56,Tablet,Bank Transfer,TRUE,7,FALSE,2,6,Free,Low,0
2877,61,Male,Sylhet,Groceries,688.98,16,Tablet,Bank Transfer,FALSE,4,TRUE,1,5,Trial,High,2
2878,28,Male,Barisal,Electronics,562.37,16,Tablet,Cash on Delivery,TRUE,1,TRUE,3,2,Free,Low,0
2879,65,Female,Rangpur,Groceries,977.19,5,Desktop,PayPal,TRUE,5,FALSE,1,2,Premium,Medium,1
2880,45,Other,Rajshahi,Beauty,119.84,52,Desktop,PayPal,FALSE,1,FALSE,2,3,Trial,High,2
2881,43,Other,Sylhet,Electronics,911.47,7,Desktop,Debit Card,TRUE,3,FALSE,1,3,Premium,Low,0
2882,44,Other,Chittagong,Groceries,112.33,8,Mobile,Bank Transfer,TRUE,8,TRUE,3,4,Premium,Low,0
2883,63,Female,Rajshahi,Groceries,876.31,46,Tablet,Bank Transfer,TRUE,8,TRUE,3,3,Trial,High,2
2884,53,Male,Chittagong,Groceries,756.87,19,Mobile,Credit Card,TRUE,5,FALSE,2,4,Premium,High,2
2885,45,Male,Rangpur,Books,865.29,18,Desktop,Credit Card,FALSE,7,FALSE,5,13,Premium,Low,0
2886,24,Male,Rajshahi,Home,247.8,4,Mobile,PayPal,TRUE,2,TRUE,5,3,Free,High,2
2887,36,Other,Mymensingh,Sports,672.82,21,Tablet,Debit Card,TRUE,2,TRUE,5,13,Trial,Medium,1
2888,30,Male,Rangpur,Sports,726.27,28,Desktop,Bank Transfer,FALSE,9,FALSE,4,9,Premium,Low,0
2889,40,Male,Sylhet,Clothing,147.44,31,Tablet,Bank Transfer,FALSE,7,FALSE,2,11,Premium,Medium,1
2890,21,Male,Khulna,Toys,257.29,9,Mobile,Cash on Delivery,FALSE,5,TRUE,1,12,Premium,Low,0
2891,32,Female,Sylhet,Groceries,149.62,33,Mobile,Bank Transfer,FALSE,3,TRUE,2,6,Premium,High,2
2892,68,Other,Rangpur,Sports,234.68,1,Desktop,Debit Card,TRUE,1,FALSE,3,1,Premium,High,2
2893,37,Male,Rajshahi,Groceries,925.91,52,Tablet,PayPal,TRUE,8,TRUE,3,9,Free,Medium,1
2894,56,Female,Mymensingh,Toys,839.19,12,Mobile,Debit Card,TRUE,2,TRUE,4,6,Premium,Low,0
2895,21,Female,Khulna,Beauty,737.1,56,Tablet,Cash on Delivery,FALSE,2,TRUE,5,4,Trial,Low,0
2896,46,Other,Dhaka,Toys,896.19,40,Tablet,PayPal,FALSE,3,FALSE,4,2,Trial,Low,0
2897,52,Female,Mymensingh,Groceries,887.67,50,Desktop,Bank Transfer,FALSE,6,TRUE,2,5,Trial,High,2
2898,61,Female,Sylhet,Groceries,911.74,17,Desktop,Credit Card,TRUE,6,FALSE,4,9,Premium,Low,0
2899,50,Other,Barisal,Clothing,104.05,10,Desktop,PayPal,TRUE,9,FALSE,4,7,Free,Medium,1
2900,39,Male,Rangpur,Toys,374.85,25,Mobile,Cash on Delivery,TRUE,5,FALSE,1,10,Trial,Medium,1
2901,66,Male,Dhaka,Beauty,682.51,6,Tablet,Credit Card,FALSE,1,TRUE,5,5,Free,Low,0
2902,53,Other,Mymensingh,Electronics,48.34,11,Mobile,Cash on Delivery,FALSE,4,TRUE,3,4,Trial,High,2
2903,43,Female,Mymensingh,Electronics,585.88,4,Mobile,PayPal,TRUE,3,FALSE,2,10,Premium,Medium,1
2904,39,Male,Khulna,Groceries,511.84,33,Tablet,Debit Card,FALSE,3,TRUE,5,8,Free,High,2
2905,59,Male,Mymensingh,Books,113.5,9,Desktop,Debit Card,FALSE,5,TRUE,3,8,Premium,Low,0
2906,61,Female,Mymensingh,Books,453.49,6,Mobile,Credit Card,TRUE,4,FALSE,2,3,Free,High,2
2907,50,Male,Mymensingh,Electronics,664.52,25,Tablet,Bank Transfer,TRUE,1,TRUE,2,3,Free,Low,0
2908,68,Female,Rangpur,Toys,588.04,57,Tablet,Debit Card,TRUE,5,FALSE,4,11,Free,Low,0
2909,54,Male,Dhaka,Home,933.02,59,Mobile,Cash on Delivery,FALSE,9,TRUE,3,3,Premium,Low,0
2910,57,Female,Dhaka,Groceries,657.46,58,Mobile,Credit Card,TRUE,1,FALSE,4,8,Premium,High,2
2911,66,Female,Rangpur,Toys,413.05,35,Desktop,Debit Card,TRUE,2,TRUE,1,9,Free,Low,0
2912,48,Female,Mymensingh,Sports,955.86,47,Desktop,Cash on Delivery,TRUE,6,FALSE,5,10,Trial,Low,0
2913,56,Other,Rajshahi,Electronics,648.86,36,Tablet,Cash on Delivery,TRUE,9,FALSE,3,4,Premium,Low,0
2914,67,Other,Khulna,Toys,809.19,6,Tablet,Cash on Delivery,TRUE,9,TRUE,3,7,Premium,Low,0
2915,59,Male,Mymensingh,Sports,573.39,16,Mobile,PayPal,TRUE,9,TRUE,1,12,Premium,Medium,1
2916,36,Male,Chittagong,Books,479.36,27,Tablet,PayPal,FALSE,8,FALSE,4,8,Free,Medium,1
2917,39,Female,Sylhet,Home,777.3,39,Desktop,PayPal,TRUE,9,FALSE,4,6,Trial,Medium,1
2918,68,Male,Khulna,Electronics,590.44,33,Tablet,Credit Card,TRUE,2,TRUE,4,7,Free,Medium,1
2919,37,Female,Rangpur,Electronics,54.95,16,Desktop,PayPal,TRUE,4,TRUE,2,1,Free,High,2
2920,48,Other,Sylhet,Sports,936.59,50,Mobile,Credit Card,FALSE,2,FALSE,5,1,Trial,Medium,1
2921,54,Other,Rajshahi,Books,707.51,31,Tablet,PayPal,TRUE,2,FALSE,4,12,Premium,High,2
2922,60,Male,Rajshahi,Clothing,894.12,15,Tablet,Bank Transfer,TRUE,5,FALSE,3,1,Trial,Medium,1
2923,37,Female,Khulna,Toys,41.93,33,Mobile,Credit Card,FALSE,3,FALSE,3,5,Trial,High,2
2924,56,Female,Sylhet,Sports,317.36,25,Desktop,Cash on Delivery,TRUE,2,FALSE,2,10,Premium,Medium,1
2925,63,Male,Khulna,Toys,427.95,33,Tablet,Cash on Delivery,FALSE,9,TRUE,4,12,Trial,High,2
2926,23,Other,Dhaka,Toys,193.32,31,Tablet,Credit Card,TRUE,4,FALSE,4,6,Trial,Medium,1
2927,51,Male,Barisal,Books,855.34,20,Tablet,Debit Card,TRUE,2,TRUE,5,4,Trial,High,2
2928,42,Male,Barisal,Groceries,590.6,20,Mobile,Bank Transfer,FALSE,8,FALSE,1,11,Free,Low,0
2929,65,Female,Rajshahi,Home,447.31,32,Tablet,Debit Card,TRUE,4,FALSE,5,11,Trial,Medium,1
2930,63,Female,Rangpur,Electronics,558.09,33,Tablet,Bank Transfer,TRUE,6,FALSE,2,7,Premium,High,2
2931,38,Other,Dhaka,Beauty,329.65,24,Mobile,Bank Transfer,FALSE,8,FALSE,4,12,Trial,Medium,1
2932,29,Female,Dhaka,Toys,653.44,44,Mobile,Credit Card,TRUE,1,TRUE,3,4,Trial,High,2
2933,57,Female,Rangpur,Groceries,136.8,4,Tablet,Bank Transfer,FALSE,5,TRUE,5,8,Trial,High,2
2934,63,Female,Chittagong,Toys,170.76,50,Mobile,Debit Card,FALSE,1,TRUE,2,1,Trial,Low,0
2935,18,Other,Barisal,Groceries,721,49,Mobile,PayPal,FALSE,2,FALSE,4,13,Premium,Medium,1
2936,37,Other,Dhaka,Electronics,16.89,6,Desktop,Bank Transfer,TRUE,8,FALSE,3,3,Free,High,2
2937,18,Other,Khulna,Clothing,935.29,3,Tablet,Bank Transfer,TRUE,6,TRUE,1,13,Free,Medium,1
2938,42,Female,Sylhet,Clothing,591.6,24,Tablet,Bank Transfer,TRUE,8,TRUE,2,1,Trial,Low,0
2939,23,Other,Barisal,Clothing,333.33,44,Mobile,Bank Transfer,FALSE,8,TRUE,4,8,Trial,High,2
2940,54,Other,Rajshahi,Electronics,565.72,16,Tablet,Debit Card,FALSE,8,FALSE,3,11,Premium,High,2
2941,19,Female,Sylhet,Clothing,433.4,23,Desktop,Bank Transfer,TRUE,1,TRUE,3,5,Premium,High,2
2942,28,Other,Barisal,Electronics,805.51,39,Tablet,Credit Card,FALSE,6,TRUE,3,1,Premium,Medium,1
2943,19,Female,Chittagong,Clothing,778.61,5,Mobile,Debit Card,TRUE,3,TRUE,3,7,Premium,Medium,1
2944,43,Other,Dhaka,Clothing,535.26,36,Mobile,PayPal,TRUE,2,FALSE,5,5,Premium,Low,0
2945,43,Female,Khulna,Clothing,877.65,14,Mobile,Credit Card,FALSE,2,FALSE,5,11,Free,Low,0
2946,29,Male,Rangpur,Groceries,564.48,10,Tablet,Bank Transfer,FALSE,4,TRUE,3,4,Free,High,2
2947,45,Male,Mymensingh,Home,206.55,51,Tablet,Bank Transfer,FALSE,5,FALSE,4,11,Premium,High,2
2948,62,Female,Sylhet,Clothing,822.83,57,Tablet,PayPal,TRUE,9,TRUE,4,2,Trial,Medium,1
2949,25,Female,Mymensingh,Books,588.09,8,Desktop,Credit Card,FALSE,3,TRUE,3,10,Free,High,2
2950,35,Male,Chittagong,Clothing,121.92,1,Desktop,Debit Card,TRUE,7,FALSE,2,6,Free,Low,0
2951,65,Other,Mymensingh,Toys,875.7,28,Tablet,Bank Transfer,TRUE,2,TRUE,4,4,Premium,High,2
2952,55,Female,Sylhet,Toys,79.02,15,Tablet,Bank Transfer,TRUE,8,TRUE,1,4,Free,Medium,1
2953,21,Other,Rangpur,Sports,981.36,2,Tablet,Debit Card,FALSE,4,TRUE,2,1,Trial,Low,0
2954,66,Male,Rangpur,Books,708.99,44,Mobile,PayPal,TRUE,5,FALSE,2,10,Premium,Low,0
2955,45,Female,Barisal,Home,796.84,14,Mobile,PayPal,TRUE,3,TRUE,4,2,Trial,Medium,1
2956,58,Female,Sylhet,Sports,881.48,31,Desktop,Bank Transfer,FALSE,1,FALSE,4,9,Trial,Low,0
2957,30,Other,Barisal,Beauty,463.24,15,Desktop,Cash on Delivery,FALSE,3,TRUE,1,5,Premium,Medium,1
2958,24,Female,Khulna,Beauty,167.88,50,Desktop,Bank Transfer,TRUE,3,FALSE,2,13,Trial,Low,0
2959,22,Female,Dhaka,Sports,293.55,32,Desktop,Debit Card,TRUE,8,FALSE,5,8,Premium,Medium,1
2960,49,Other,Rajshahi,Beauty,281.17,7,Mobile,Cash on Delivery,FALSE,2,TRUE,2,3,Premium,Medium,1
2961,38,Male,Sylhet,Electronics,352.64,1,Mobile,Cash on Delivery,TRUE,7,FALSE,4,2,Premium,Low,0
2962,43,Female,Khulna,Groceries,132.04,3,Desktop,Credit Card,FALSE,7,FALSE,3,6,Premium,High,2
2963,57,Other,Barisal,Books,819.4,16,Tablet,Debit Card,TRUE,3,FALSE,1,2,Free,Medium,1
2964,27,Female,Sylhet,Home,33.58,1,Tablet,Credit Card,TRUE,8,TRUE,1,7,Premium,High,2
2965,29,Female,Mymensingh,Beauty,871.93,58,Desktop,Cash on Delivery,TRUE,9,TRUE,2,1,Trial,Medium,1
2966,61,Male,Rajshahi,Toys,141.62,14,Mobile,Cash on Delivery,TRUE,5,FALSE,2,10,Premium,High,2
2967,19,Male,Rangpur,Clothing,435.02,27,Desktop,Credit Card,FALSE,1,TRUE,5,13,Trial,Medium,1
2968,19,Male,Chittagong,Books,475.91,46,Mobile,Credit Card,TRUE,2,FALSE,1,9,Premium,High,2
2969,39,Male,Barisal,Clothing,737.51,47,Tablet,Bank Transfer,TRUE,3,TRUE,4,5,Premium,Medium,1
2970,61,Male,Chittagong,Sports,462.27,21,Tablet,Cash on Delivery,TRUE,3,TRUE,1,6,Premium,Medium,1
2971,56,Male,Khulna,Electronics,276.06,27,Desktop,PayPal,TRUE,1,TRUE,3,12,Trial,High,2
2972,56,Other,Barisal,Clothing,691.75,52,Tablet,Bank Transfer,TRUE,1,TRUE,2,2,Premium,Low,0
2973,42,Other,Khulna,Clothing,455.53,11,Mobile,Credit Card,FALSE,8,TRUE,2,13,Free,Medium,1
2974,40,Male,Rajshahi,Home,670.58,17,Desktop,Cash on Delivery,FALSE,4,FALSE,5,8,Premium,Medium,1
2975,20,Other,Khulna,Groceries,162.36,30,Mobile,Credit Card,TRUE,7,TRUE,2,3,Premium,High,2
2976,66,Other,Barisal,Electronics,508.56,44,Desktop,Bank Transfer,TRUE,9,TRUE,1,11,Trial,Low,0
2977,48,Male,Barisal,Home,364.92,56,Mobile,Bank Transfer,FALSE,6,TRUE,3,13,Trial,Medium,1
2978,24,Other,Dhaka,Toys,63.82,39,Desktop,Debit Card,TRUE,2,FALSE,3,7,Premium,High,2
2979,27,Female,Barisal,Groceries,462.35,54,Desktop,PayPal,FALSE,5,FALSE,1,13,Trial,High,2
2980,55,Other,Barisal,Groceries,861.68,17,Desktop,Credit Card,TRUE,4,TRUE,1,11,Free,Low,0
2981,53,Other,Rangpur,Toys,577.9,56,Tablet,Cash on Delivery,TRUE,4,FALSE,5,9,Free,Medium,1
2982,21,Male,Rajshahi,Sports,635.63,54,Tablet,Debit Card,FALSE,9,TRUE,2,3,Trial,Medium,1
2983,65,Female,Rangpur,Toys,798.99,1,Mobile,Cash on Delivery,TRUE,5,TRUE,3,8,Trial,Low,0
2984,23,Other,Khulna,Toys,117.92,21,Mobile,PayPal,TRUE,3,FALSE,3,12,Trial,Low,0
2985,50,Female,Barisal,Home,269.93,44,Desktop,Bank Transfer,TRUE,2,FALSE,2,10,Trial,Low,0
2986,19,Female,Barisal,Groceries,68.66,39,Tablet,Credit Card,TRUE,5,TRUE,2,7,Trial,High,2
2987,26,Male,Barisal,Books,18.07,21,Desktop,Bank Transfer,TRUE,8,FALSE,5,2,Trial,Low,0
2988,59,Male,Khulna,Toys,89.37,3,Desktop,Debit Card,FALSE,8,FALSE,5,11,Premium,Medium,1
2989,26,Male,Mymensingh,Books,451.01,49,Desktop,Credit Card,FALSE,3,FALSE,4,8,Premium,Medium,1
2990,34,Other,Chittagong,Clothing,159.14,13,Desktop,Bank Transfer,FALSE,1,TRUE,5,1,Premium,High,2
2991,20,Male,Khulna,Toys,247.06,26,Tablet,PayPal,TRUE,4,FALSE,5,5,Premium,Medium,1
2992,36,Male,Barisal,Groceries,388.02,49,Desktop,Bank Transfer,TRUE,1,TRUE,4,10,Free,Medium,1
2993,57,Male,Sylhet,Clothing,840.18,23,Desktop,Debit Card,FALSE,6,TRUE,3,8,Free,Medium,1
2994,52,Female,Rajshahi,Sports,418.33,16,Tablet,Cash on Delivery,FALSE,7,FALSE,4,3,Trial,High,2
2995,56,Female,Chittagong,Beauty,483,24,Mobile,PayPal,TRUE,3,TRUE,5,1,Trial,High,2
2996,64,Other,Rajshahi,Electronics,548.68,52,Tablet,Cash on Delivery,FALSE,6,TRUE,2,10,Premium,High,2
2997,32,Male,Mymensingh,Beauty,578.45,25,Mobile,Debit Card,FALSE,5,TRUE,1,6,Premium,Low,0
2998,22,Other,Dhaka,Books,584.21,46,Tablet,Bank Transfer,FALSE,3,TRUE,2,4,Premium,Low,0
2999,34,Male,Rangpur,Sports,635.13,18,Desktop,Cash on Delivery,TRUE,4,TRUE,2,11,Premium,Low,0
3000,25,Other,Rajshahi,Sports,844.13,42,Tablet,Cash on Delivery,TRUE,9,FALSE,5,9,Trial,Low,0
3001,45,Male,Rangpur,Clothing,685.78,59,Mobile,PayPal,FALSE,5,TRUE,3,10,Trial,Medium,1
3002,69,Other,Barisal,Beauty,675.24,26,Mobile,Bank Transfer,FALSE,6,TRUE,1,4,Trial,Medium,1
3003,65,Other,Mymensingh,Clothing,609.39,25,Mobile,Credit Card,FALSE,9,FALSE,2,12,Free,Medium,1
3004,23,Female,Mymensingh,Sports,745.43,36,Tablet,Bank Transfer,FALSE,2,FALSE,4,3,Free,Low,0
3005,35,Other,Chittagong,Home,819.71,43,Mobile,Cash on Delivery,TRUE,2,TRUE,3,7,Trial,High,2
3006,45,Male,Chittagong,Toys,832.9,47,Desktop,Bank Transfer,TRUE,7,TRUE,1,9,Free,High,2
3007,27,Male,Rajshahi,Home,672.6,37,Mobile,Credit Card,TRUE,7,TRUE,3,5,Free,Medium,1
3008,57,Female,Barisal,Toys,656.26,3,Desktop,Debit Card,FALSE,3,FALSE,1,11,Free,Medium,1
3009,46,Other,Rangpur,Sports,357.95,39,Desktop,Debit Card,TRUE,3,TRUE,5,4,Trial,High,2
3010,67,Other,Rangpur,Books,841.46,42,Mobile,PayPal,TRUE,1,TRUE,4,7,Free,Low,0
3011,58,Other,Khulna,Clothing,289.45,25,Mobile,PayPal,TRUE,3,FALSE,2,9,Trial,Low,0
3012,46,Other,Rajshahi,Electronics,630.2,5,Mobile,Cash on Delivery,FALSE,6,TRUE,4,6,Trial,Medium,1
3013,49,Male,Sylhet,Beauty,818.69,27,Mobile,Credit Card,TRUE,8,TRUE,3,3,Premium,High,2
3014,26,Male,Rangpur,Beauty,880.41,46,Mobile,Cash on Delivery,FALSE,3,TRUE,4,10,Premium,Low,0
3015,44,Other,Rajshahi,Home,670.91,1,Mobile,Credit Card,TRUE,8,FALSE,1,2,Free,Low,0
3016,54,Male,Khulna,Sports,631.68,53,Mobile,PayPal,TRUE,4,TRUE,4,10,Premium,Medium,1
3017,59,Female,Chittagong,Toys,663.8,54,Tablet,Cash on Delivery,FALSE,9,FALSE,5,7,Trial,High,2
3018,50,Female,Khulna,Groceries,714.85,56,Mobile,Debit Card,FALSE,7,TRUE,2,2,Free,High,2
3019,20,Male,Sylhet,Toys,236.74,14,Mobile,Credit Card,FALSE,8,FALSE,4,1,Free,High,2
3020,25,Other,Rangpur,Groceries,978.93,13,Tablet,Cash on Delivery,FALSE,4,TRUE,1,11,Premium,Medium,1
3021,45,Other,Chittagong,Beauty,842.52,9,Tablet,PayPal,TRUE,2,FALSE,2,9,Free,Low,0
3022,62,Other,Rangpur,Beauty,741.76,57,Mobile,Debit Card,FALSE,6,TRUE,4,13,Free,Low,0
3023,53,Male,Mymensingh,Home,150.04,39,Tablet,Debit Card,TRUE,7,FALSE,2,12,Free,Low,0
3024,40,Other,Chittagong,Groceries,851.98,40,Tablet,Bank Transfer,FALSE,9,TRUE,4,3,Premium,Medium,1
3025,33,Other,Rajshahi,Electronics,426.97,27,Tablet,Debit Card,TRUE,7,TRUE,5,10,Free,Medium,1
3026,35,Male,Rajshahi,Groceries,709.05,23,Tablet,Bank Transfer,FALSE,4,FALSE,4,7,Premium,High,2
3027,53,Other,Mymensingh,Clothing,596.62,36,Mobile,Debit Card,TRUE,2,FALSE,3,13,Free,Medium,1
3028,45,Other,Barisal,Sports,455.42,3,Desktop,Cash on Delivery,FALSE,3,TRUE,5,9,Trial,Low,0
3029,58,Male,Rangpur,Toys,180.95,38,Desktop,Credit Card,FALSE,7,FALSE,5,3,Free,Medium,1
3030,54,Female,Rajshahi,Electronics,458.86,59,Tablet,Debit Card,TRUE,3,TRUE,4,4,Premium,Low,0
3031,23,Male,Rajshahi,Groceries,527.74,43,Mobile,Credit Card,TRUE,9,FALSE,5,11,Premium,High,2
3032,54,Other,Mymensingh,Toys,212.3,57,Mobile,PayPal,TRUE,5,TRUE,4,11,Trial,High,2
3033,52,Other,Dhaka,Books,331.2,44,Desktop,Cash on Delivery,TRUE,7,FALSE,1,9,Free,Medium,1
3034,22,Female,Rajshahi,Books,50.32,9,Desktop,Debit Card,FALSE,3,TRUE,1,13,Free,Medium,1
3035,38,Male,Dhaka,Toys,12.47,50,Mobile,Bank Transfer,FALSE,5,FALSE,1,1,Trial,Low,0
3036,58,Female,Rangpur,Books,351.69,41,Tablet,Bank Transfer,TRUE,9,TRUE,5,2,Premium,High,2
3037,62,Male,Rajshahi,Sports,58.54,5,Tablet,Debit Card,TRUE,8,FALSE,4,2,Premium,High,2
3038,40,Male,Barisal,Toys,956.97,30,Desktop,Bank Transfer,TRUE,1,FALSE,1,12,Free,Medium,1
3039,47,Male,Khulna,Groceries,978.12,43,Mobile,Debit Card,FALSE,7,TRUE,1,11,Trial,Medium,1
3040,62,Other,Khulna,Home,975.15,47,Desktop,Credit Card,FALSE,4,FALSE,2,12,Premium,Low,0
3041,56,Other,Khulna,Clothing,507.35,34,Tablet,PayPal,FALSE,9,TRUE,2,11,Free,High,2
3042,67,Male,Khulna,Groceries,950.42,38,Mobile,Debit Card,TRUE,2,FALSE,2,13,Premium,Low,0
3043,47,Male,Mymensingh,Home,565.31,12,Mobile,Cash on Delivery,FALSE,6,FALSE,2,6,Premium,Low,0
3044,37,Other,Rajshahi,Books,485.75,17,Tablet,Bank Transfer,TRUE,2,FALSE,2,11,Premium,Low,0
3045,54,Other,Rangpur,Clothing,808.63,8,Mobile,Cash on Delivery,FALSE,5,TRUE,5,1,Trial,High,2
3046,43,Male,Chittagong,Books,510.69,33,Mobile,Bank Transfer,FALSE,8,FALSE,4,7,Free,High,2
3047,64,Female,Rangpur,Toys,850.64,2,Tablet,PayPal,FALSE,9,FALSE,3,4,Free,Medium,1
3048,36,Other,Rangpur,Electronics,712.84,59,Desktop,PayPal,TRUE,2,TRUE,1,1,Free,Medium,1
3049,68,Other,Rajshahi,Groceries,136.67,11,Mobile,Cash on Delivery,FALSE,2,TRUE,3,5,Premium,High,2
3050,56,Other,Khulna,Clothing,574.07,43,Mobile,Bank Transfer,TRUE,8,TRUE,2,12,Trial,Medium,1
3051,40,Female,Khulna,Clothing,765.12,35,Tablet,Cash on Delivery,FALSE,7,TRUE,5,11,Premium,High,2
3052,40,Other,Rangpur,Beauty,167.64,43,Desktop,PayPal,FALSE,5,FALSE,5,5,Trial,High,2
3053,68,Male,Dhaka,Clothing,650.63,35,Desktop,Debit Card,TRUE,6,FALSE,2,10,Free,Low,0
3054,50,Other,Chittagong,Toys,327.47,2,Mobile,Cash on Delivery,FALSE,2,FALSE,1,7,Premium,Low,0
3055,62,Female,Rajshahi,Home,529.67,37,Desktop,Cash on Delivery,FALSE,7,TRUE,1,4,Trial,Low,0
3056,32,Female,Mymensingh,Toys,790.74,20,Desktop,Cash on Delivery,FALSE,3,TRUE,2,1,Trial,Medium,1
3057,36,Female,Rangpur,Sports,320.95,11,Tablet,Cash on Delivery,FALSE,7,TRUE,4,7,Free,Low,0
3058,42,Other,Rangpur,Toys,406.76,46,Tablet,Bank Transfer,FALSE,8,FALSE,4,6,Trial,High,2
3059,61,Other,Rangpur,Groceries,199.97,34,Tablet,Debit Card,TRUE,2,TRUE,4,1,Free,Medium,1
3060,23,Other,Chittagong,Home,334.85,4,Desktop,Bank Transfer,FALSE,5,TRUE,3,6,Free,High,2
3061,51,Male,Mymensingh,Sports,862.29,34,Mobile,PayPal,FALSE,1,TRUE,1,2,Premium,High,2
3062,38,Female,Khulna,Sports,237.72,15,Desktop,Cash on Delivery,TRUE,7,TRUE,5,1,Free,High,2
3063,42,Male,Rangpur,Sports,722.68,32,Mobile,Debit Card,FALSE,8,TRUE,4,3,Free,Low,0
3064,23,Female,Barisal,Beauty,748.01,21,Desktop,Bank Transfer,TRUE,3,TRUE,5,10,Trial,High,2
3065,63,Male,Rangpur,Books,789.01,35,Desktop,Bank Transfer,TRUE,7,FALSE,2,7,Trial,Low,0
3066,59,Male,Sylhet,Beauty,298.34,1,Tablet,Credit Card,TRUE,9,FALSE,1,11,Free,Low,0
3067,29,Other,Chittagong,Groceries,120.44,22,Mobile,Cash on Delivery,TRUE,9,FALSE,2,4,Trial,High,2
3068,47,Female,Dhaka,Sports,24.83,53,Desktop,Credit Card,TRUE,6,FALSE,3,1,Premium,Low,0
3069,57,Female,Rangpur,Electronics,823.28,36,Tablet,Cash on Delivery,FALSE,1,TRUE,3,11,Trial,High,2
3070,44,Female,Barisal,Books,645.59,22,Mobile,Bank Transfer,FALSE,9,FALSE,2,1,Trial,Low,0
3071,26,Other,Sylhet,Home,740.99,57,Tablet,Debit Card,TRUE,2,TRUE,1,6,Premium,High,2
3072,26,Female,Barisal,Sports,566.41,7,Mobile,Cash on Delivery,FALSE,8,FALSE,2,13,Free,Low,0
3073,59,Female,Barisal,Clothing,95.6,26,Tablet,Bank Transfer,TRUE,6,FALSE,5,10,Premium,High,2
3074,53,Other,Barisal,Beauty,25.84,29,Tablet,PayPal,TRUE,1,FALSE,3,2,Free,Medium,1
3075,40,Other,Barisal,Toys,362.53,58,Mobile,Cash on Delivery,TRUE,8,TRUE,3,12,Trial,Low,0
3076,58,Female,Chittagong,Sports,869.12,55,Mobile,Debit Card,FALSE,1,TRUE,5,7,Trial,Medium,1
3077,34,Male,Sylhet,Groceries,545.43,45,Tablet,Cash on Delivery,FALSE,8,FALSE,1,4,Trial,Low,0
3078,59,Male,Barisal,Groceries,740.7,19,Tablet,Credit Card,FALSE,8,FALSE,2,12,Premium,Medium,1
3079,19,Male,Khulna,Home,473.92,15,Mobile,Bank Transfer,FALSE,2,TRUE,2,7,Premium,Medium,1
3080,32,Female,Rangpur,Toys,743.9,23,Desktop,Bank Transfer,TRUE,6,TRUE,2,2,Trial,High,2
3081,64,Male,Rangpur,Toys,386.8,15,Tablet,Credit Card,FALSE,9,FALSE,5,1,Premium,High,2
3082,60,Male,Sylhet,Sports,334.98,39,Desktop,Bank Transfer,FALSE,6,TRUE,1,10,Trial,Low,0
3083,24,Other,Dhaka,Toys,682.4,11,Mobile,Debit Card,TRUE,7,TRUE,5,3,Free,Low,0
3084,22,Female,Rajshahi,Clothing,436.52,22,Desktop,Credit Card,TRUE,8,TRUE,1,6,Free,High,2
3085,47,Male,Barisal,Beauty,356.5,43,Desktop,Cash on Delivery,TRUE,6,TRUE,4,4,Trial,High,2
3086,68,Male,Rajshahi,Electronics,723.93,45,Mobile,Debit Card,FALSE,4,FALSE,2,8,Free,Medium,1
3087,49,Female,Barisal,Sports,844.97,38,Desktop,Bank Transfer,FALSE,1,FALSE,1,7,Trial,High,2
3088,60,Male,Sylhet,Electronics,202.53,38,Mobile,Debit Card,FALSE,7,TRUE,4,12,Free,Low,0
3089,65,Other,Dhaka,Books,881.88,28,Desktop,Cash on Delivery,FALSE,9,FALSE,1,5,Premium,Medium,1
3090,47,Other,Barisal,Clothing,160.78,56,Desktop,Bank Transfer,FALSE,3,TRUE,5,9,Trial,Medium,1
3091,53,Male,Sylhet,Clothing,41.4,32,Mobile,Bank Transfer,TRUE,5,TRUE,4,8,Trial,Medium,1
3092,33,Male,Barisal,Home,972.53,14,Desktop,Bank Transfer,FALSE,7,TRUE,3,13,Free,High,2
3093,54,Female,Mymensingh,Clothing,310.17,59,Mobile,PayPal,FALSE,1,FALSE,2,7,Trial,Medium,1
3094,52,Male,Chittagong,Books,400.25,24,Tablet,Cash on Delivery,FALSE,9,FALSE,5,11,Free,Low,0
3095,24,Male,Khulna,Books,104.47,54,Tablet,Credit Card,FALSE,8,FALSE,5,8,Free,Low,0
3096,53,Female,Chittagong,Toys,5.98,26,Mobile,Cash on Delivery,FALSE,8,TRUE,1,8,Trial,Low,0
3097,34,Other,Sylhet,Toys,661.66,2,Desktop,Bank Transfer,FALSE,9,TRUE,3,4,Premium,High,2
3098,31,Other,Rangpur,Toys,307.28,59,Desktop,PayPal,TRUE,6,TRUE,4,6,Trial,Low,0
3099,56,Female,Barisal,Electronics,418.54,8,Mobile,Bank Transfer,TRUE,9,TRUE,2,10,Free,Medium,1
3100,63,Female,Barisal,Sports,784.07,25,Mobile,Credit Card,TRUE,3,FALSE,4,10,Free,High,2
3101,54,Female,Mymensingh,Toys,962.91,22,Mobile,Bank Transfer,TRUE,9,FALSE,4,6,Free,Low,0
3102,69,Male,Rajshahi,Toys,313.43,23,Mobile,Credit Card,TRUE,8,TRUE,3,11,Premium,Medium,1
3103,22,Male,Rangpur,Home,844.84,1,Desktop,Credit Card,FALSE,6,FALSE,1,12,Trial,Medium,1
3104,35,Other,Rangpur,Toys,737.55,54,Mobile,PayPal,TRUE,9,TRUE,5,7,Premium,Medium,1
3105,32,Female,Mymensingh,Clothing,275.55,57,Mobile,Debit Card,FALSE,4,FALSE,4,3,Trial,Medium,1
3106,39,Female,Khulna,Electronics,364.84,34,Desktop,Bank Transfer,TRUE,1,TRUE,2,3,Free,Medium,1
3107,24,Other,Khulna,Toys,78.78,12,Desktop,Debit Card,FALSE,7,FALSE,4,4,Trial,Medium,1
3108,69,Other,Rangpur,Sports,427.16,54,Mobile,Cash on Delivery,FALSE,4,TRUE,3,11,Trial,Low,0
3109,65,Male,Barisal,Toys,962.11,17,Mobile,Cash on Delivery,FALSE,2,FALSE,2,11,Free,High,2
3110,25,Female,Sylhet,Beauty,474.47,25,Desktop,Cash on Delivery,FALSE,7,FALSE,3,12,Free,Low,0
3111,58,Male,Dhaka,Groceries,866.51,52,Tablet,Cash on Delivery,FALSE,5,FALSE,3,9,Premium,Medium,1
3112,57,Female,Dhaka,Clothing,546.18,31,Desktop,Debit Card,FALSE,4,FALSE,3,10,Premium,Low,0
3113,61,Male,Chittagong,Groceries,356.56,47,Tablet,Cash on Delivery,FALSE,9,FALSE,3,9,Free,Low,0
3114,67,Male,Khulna,Sports,741.61,57,Desktop,Bank Transfer,TRUE,7,FALSE,4,11,Premium,Low,0
3115,56,Male,Mymensingh,Toys,467.34,15,Desktop,Bank Transfer,FALSE,4,FALSE,3,1,Premium,Medium,1
3116,55,Other,Chittagong,Electronics,440.82,43,Desktop,Cash on Delivery,FALSE,5,TRUE,5,13,Free,Low,0
3117,66,Male,Barisal,Beauty,529.38,3,Tablet,Credit Card,TRUE,8,TRUE,5,2,Premium,High,2
3118,25,Other,Rajshahi,Clothing,975.79,38,Desktop,Cash on Delivery,TRUE,6,FALSE,2,9,Free,High,2
3119,46,Male,Mymensingh,Toys,17.74,28,Mobile,Credit Card,TRUE,9,FALSE,5,7,Free,Medium,1
3120,38,Other,Sylhet,Electronics,517.8,10,Desktop,Debit Card,FALSE,8,FALSE,5,11,Free,Low,0
3121,43,Other,Rangpur,Electronics,424.42,2,Tablet,Cash on Delivery,TRUE,2,TRUE,2,9,Premium,Medium,1
3122,52,Male,Khulna,Toys,709.44,37,Mobile,Debit Card,FALSE,4,FALSE,1,9,Trial,High,2
3123,68,Male,Khulna,Beauty,376.68,33,Desktop,Bank Transfer,TRUE,1,FALSE,4,3,Premium,Low,0
3124,39,Male,Rajshahi,Groceries,91.75,55,Tablet,PayPal,FALSE,2,FALSE,1,3,Free,Low,0
3125,40,Female,Barisal,Electronics,763.08,23,Desktop,Cash on Delivery,TRUE,8,FALSE,4,10,Free,Low,0
3126,45,Other,Rajshahi,Books,861.33,52,Desktop,Credit Card,TRUE,1,TRUE,1,13,Premium,Medium,1
3127,26,Male,Rajshahi,Electronics,893.46,56,Tablet,Bank Transfer,TRUE,9,TRUE,4,1,Premium,High,2
3128,61,Male,Rangpur,Books,807.53,42,Tablet,Credit Card,TRUE,3,FALSE,1,7,Free,Low,0
3129,56,Male,Chittagong,Groceries,730.77,25,Desktop,Cash on Delivery,FALSE,9,FALSE,1,1,Trial,Low,0
3130,37,Male,Dhaka,Home,493.13,14,Mobile,Bank Transfer,TRUE,8,FALSE,2,5,Free,Low,0
3131,55,Female,Sylhet,Toys,985.03,37,Tablet,Cash on Delivery,TRUE,2,FALSE,1,8,Trial,High,2
3132,47,Female,Rangpur,Clothing,553.43,8,Desktop,Bank Transfer,FALSE,4,TRUE,1,9,Trial,High,2
3133,54,Male,Sylhet,Books,791.08,12,Mobile,Credit Card,TRUE,7,FALSE,5,5,Free,Low,0
3134,41,Male,Mymensingh,Sports,16,42,Mobile,Cash on Delivery,TRUE,8,TRUE,5,13,Free,Medium,1
3135,42,Male,Rangpur,Home,228.89,41,Mobile,Bank Transfer,FALSE,5,FALSE,2,11,Free,Low,0
3136,26,Female,Mymensingh,Electronics,810.61,48,Mobile,Credit Card,FALSE,5,FALSE,5,13,Premium,Low,0
3137,55,Other,Barisal,Clothing,257.08,48,Desktop,Credit Card,TRUE,9,FALSE,5,13,Trial,Medium,1
3138,62,Female,Barisal,Toys,718.44,10,Tablet,Debit Card,TRUE,5,FALSE,1,9,Trial,High,2
3139,23,Other,Chittagong,Home,365.71,51,Tablet,PayPal,TRUE,9,TRUE,4,11,Free,High,2
3140,24,Male,Dhaka,Books,221.62,8,Desktop,Cash on Delivery,FALSE,7,FALSE,2,8,Premium,Medium,1
3141,34,Other,Dhaka,Home,68.01,53,Tablet,Credit Card,FALSE,8,TRUE,3,4,Free,High,2
3142,29,Female,Mymensingh,Beauty,30.87,10,Mobile,Debit Card,TRUE,9,TRUE,2,5,Premium,Low,0
3143,20,Female,Rangpur,Beauty,266.16,36,Desktop,Credit Card,FALSE,2,TRUE,4,12,Trial,High,2
3144,52,Female,Chittagong,Groceries,444.92,40,Mobile,Cash on Delivery,TRUE,7,FALSE,1,12,Free,High,2
3145,47,Other,Rangpur,Electronics,535.09,14,Mobile,PayPal,FALSE,5,FALSE,1,12,Free,High,2
3146,59,Female,Sylhet,Clothing,503.24,34,Desktop,Credit Card,FALSE,4,FALSE,2,5,Premium,Low,0
3147,47,Male,Dhaka,Clothing,443.74,38,Desktop,PayPal,TRUE,7,FALSE,5,3,Free,Medium,1
3148,49,Male,Khulna,Beauty,937.58,4,Desktop,Credit Card,FALSE,6,FALSE,2,4,Trial,Medium,1
3149,34,Other,Khulna,Clothing,432.48,48,Tablet,Debit Card,FALSE,2,TRUE,2,1,Free,Medium,1
3150,57,Other,Chittagong,Home,741.64,38,Desktop,Cash on Delivery,FALSE,8,FALSE,4,7,Trial,High,2
3151,68,Other,Khulna,Home,44.98,52,Tablet,Debit Card,TRUE,3,TRUE,4,2,Trial,High,2
3152,18,Female,Dhaka,Electronics,769.44,3,Desktop,Credit Card,FALSE,7,FALSE,2,4,Free,Medium,1
3153,45,Female,Mymensingh,Home,49.37,28,Tablet,PayPal,TRUE,5,FALSE,5,13,Free,High,2
3154,67,Female,Sylhet,Books,45.41,14,Tablet,Cash on Delivery,TRUE,5,TRUE,1,1,Trial,Low,0
3155,55,Other,Rajshahi,Sports,184,50,Desktop,Credit Card,FALSE,6,TRUE,5,13,Premium,Medium,1
3156,24,Female,Sylhet,Books,962.96,50,Tablet,Debit Card,FALSE,5,FALSE,3,8,Premium,Medium,1
3157,51,Male,Barisal,Sports,699.95,35,Mobile,Debit Card,FALSE,9,FALSE,4,12,Premium,Low,0
3158,34,Male,Sylhet,Sports,331.79,33,Mobile,Debit Card,FALSE,5,FALSE,4,1,Trial,High,2
3159,61,Other,Dhaka,Books,394.47,17,Desktop,Credit Card,TRUE,5,TRUE,1,5,Free,High,2
3160,52,Female,Chittagong,Sports,354.69,42,Desktop,Bank Transfer,TRUE,9,TRUE,1,3,Premium,High,2
3161,30,Other,Barisal,Toys,89.34,43,Mobile,Cash on Delivery,TRUE,6,TRUE,3,4,Premium,High,2
3162,60,Male,Khulna,Electronics,467.57,14,Tablet,Debit Card,TRUE,5,FALSE,2,6,Free,High,2
3163,35,Other,Rangpur,Groceries,287.81,11,Tablet,PayPal,TRUE,5,FALSE,1,12,Free,High,2
3164,54,Other,Khulna,Sports,312.56,11,Desktop,Credit Card,TRUE,3,FALSE,1,4,Premium,Medium,1
3165,45,Male,Chittagong,Books,460.52,59,Desktop,Bank Transfer,TRUE,2,FALSE,2,4,Trial,Low,0
3166,38,Female,Rangpur,Beauty,796.19,7,Mobile,Debit Card,TRUE,8,TRUE,5,7,Trial,Medium,1
3167,59,Female,Rajshahi,Books,349.41,27,Mobile,Bank Transfer,FALSE,4,TRUE,3,7,Premium,Medium,1
3168,65,Other,Mymensingh,Sports,440.65,12,Desktop,Bank Transfer,FALSE,4,TRUE,2,2,Premium,Low,0
3169,25,Female,Sylhet,Home,484.17,29,Mobile,PayPal,TRUE,7,FALSE,3,8,Trial,High,2
3170,36,Female,Rajshahi,Toys,861.19,4,Desktop,Debit Card,TRUE,4,TRUE,3,6,Trial,Low,0
3171,27,Other,Rangpur,Electronics,819.44,23,Mobile,Debit Card,FALSE,2,TRUE,4,7,Premium,Medium,1
3172,60,Other,Chittagong,Books,516.17,51,Tablet,PayPal,FALSE,9,TRUE,3,6,Free,Low,0
3173,48,Male,Chittagong,Toys,155.97,37,Desktop,PayPal,TRUE,4,FALSE,2,1,Trial,High,2
3174,18,Female,Mymensingh,Books,741.58,8,Desktop,Cash on Delivery,FALSE,6,TRUE,4,5,Premium,Medium,1
3175,44,Female,Rangpur,Home,608.97,2,Tablet,Credit Card,TRUE,8,TRUE,3,13,Premium,Medium,1
3176,55,Female,Khulna,Clothing,129.04,22,Tablet,PayPal,TRUE,7,FALSE,5,3,Free,Medium,1
3177,43,Male,Rangpur,Home,614.3,23,Mobile,Bank Transfer,FALSE,7,TRUE,2,11,Trial,High,2
3178,46,Male,Barisal,Home,649.14,49,Mobile,Bank Transfer,FALSE,3,TRUE,4,11,Trial,Low,0
3179,46,Female,Barisal,Clothing,672.76,52,Desktop,Credit Card,FALSE,4,TRUE,1,5,Trial,High,2
3180,65,Female,Chittagong,Toys,221.87,53,Desktop,Cash on Delivery,TRUE,5,TRUE,2,3,Trial,High,2
3181,60,Other,Rajshahi,Beauty,304.75,24,Desktop,Bank Transfer,TRUE,6,FALSE,2,6,Trial,Medium,1
3182,67,Other,Khulna,Beauty,774.81,18,Tablet,Credit Card,FALSE,6,TRUE,1,6,Trial,Medium,1
3183,19,Female,Chittagong,Groceries,848.94,12,Tablet,Bank Transfer,TRUE,3,TRUE,1,1,Premium,Medium,1
3184,19,Other,Dhaka,Groceries,335.06,52,Tablet,Cash on Delivery,FALSE,8,TRUE,4,4,Free,Low,0
3185,62,Other,Mymensingh,Home,703.09,4,Tablet,PayPal,TRUE,1,FALSE,4,4,Premium,Medium,1
3186,64,Male,Rajshahi,Home,136.37,47,Desktop,Credit Card,FALSE,3,TRUE,4,4,Trial,High,2
3187,19,Male,Mymensingh,Electronics,720.91,24,Tablet,Cash on Delivery,FALSE,6,TRUE,2,5,Free,High,2
3188,25,Female,Rajshahi,Beauty,771.49,32,Tablet,Debit Card,TRUE,3,TRUE,2,8,Premium,Low,0
3189,53,Female,Mymensingh,Electronics,927.69,10,Desktop,Bank Transfer,FALSE,8,TRUE,4,12,Premium,High,2
3190,28,Female,Dhaka,Sports,549.71,15,Mobile,Debit Card,TRUE,4,TRUE,4,12,Free,Medium,1
3191,46,Male,Sylhet,Toys,128.73,41,Tablet,Debit Card,TRUE,5,TRUE,2,7,Free,Medium,1
3192,48,Other,Khulna,Groceries,228.51,19,Tablet,Cash on Delivery,TRUE,1,FALSE,1,8,Free,Medium,1
3193,34,Other,Chittagong,Books,84.23,12,Mobile,Bank Transfer,FALSE,8,TRUE,3,3,Trial,Medium,1
3194,62,Male,Dhaka,Home,981.96,23,Desktop,PayPal,TRUE,9,FALSE,1,11,Premium,Low,0
3195,67,Other,Rajshahi,Home,580.71,3,Tablet,PayPal,TRUE,9,FALSE,5,5,Premium,Low,0
3196,34,Female,Rangpur,Electronics,968.09,1,Tablet,Bank Transfer,FALSE,5,TRUE,4,6,Premium,Medium,1
3197,48,Female,Mymensingh,Books,805.4,18,Mobile,PayPal,TRUE,5,FALSE,1,9,Free,Low,0
3198,47,Male,Sylhet,Beauty,211.13,50,Desktop,Debit Card,TRUE,9,FALSE,5,12,Premium,Low,0
3199,53,Other,Dhaka,Electronics,491.18,2,Desktop,Credit Card,FALSE,8,TRUE,3,13,Premium,Low,0
3200,43,Female,Rangpur,Clothing,438.51,2,Desktop,Credit Card,TRUE,6,FALSE,1,6,Premium,Low,0
3201,31,Female,Dhaka,Toys,345.81,44,Tablet,PayPal,FALSE,7,TRUE,4,6,Free,High,2
3202,66,Female,Rangpur,Home,600.4,12,Mobile,PayPal,FALSE,6,TRUE,3,5,Trial,Low,0
3203,46,Male,Barisal,Toys,743.6,57,Mobile,Cash on Delivery,TRUE,3,TRUE,5,1,Trial,Low,0
3204,56,Other,Barisal,Groceries,795.8,35,Desktop,Debit Card,FALSE,8,TRUE,4,1,Free,Low,0
3205,29,Male,Rajshahi,Books,758.35,28,Tablet,Credit Card,FALSE,1,TRUE,4,11,Free,Low,0
3206,30,Male,Mymensingh,Groceries,665.73,37,Tablet,Credit Card,TRUE,5,TRUE,3,4,Premium,Medium,1
3207,52,Female,Khulna,Books,94.53,20,Desktop,Credit Card,FALSE,7,TRUE,4,5,Premium,Low,0
3208,45,Other,Barisal,Clothing,201.77,54,Tablet,PayPal,FALSE,1,TRUE,1,7,Trial,Low,0
3209,40,Female,Barisal,Clothing,53.61,14,Mobile,Credit Card,TRUE,9,TRUE,1,5,Premium,High,2
3210,47,Male,Dhaka,Home,734.87,48,Mobile,Bank Transfer,TRUE,1,FALSE,2,10,Premium,High,2
3211,52,Other,Rangpur,Toys,206.56,12,Tablet,Credit Card,TRUE,4,TRUE,5,9,Trial,High,2
3212,22,Female,Sylhet,Books,318.15,59,Tablet,PayPal,FALSE,8,FALSE,4,7,Trial,Medium,1
3213,46,Female,Chittagong,Clothing,215.46,55,Tablet,PayPal,FALSE,6,FALSE,2,7,Trial,Low,0
3214,61,Female,Rangpur,Groceries,62.38,45,Mobile,Credit Card,TRUE,3,FALSE,3,9,Free,Low,0
3215,34,Other,Mymensingh,Groceries,224.32,40,Mobile,Credit Card,TRUE,2,TRUE,3,12,Trial,Low,0
3216,32,Male,Rangpur,Electronics,319.91,46,Mobile,Bank Transfer,TRUE,2,TRUE,3,6,Premium,Low,0
3217,43,Female,Chittagong,Electronics,588.98,4,Desktop,PayPal,FALSE,2,FALSE,5,11,Premium,High,2
3218,39,Male,Barisal,Electronics,225.45,40,Mobile,Cash on Delivery,FALSE,9,TRUE,4,13,Premium,Medium,1
3219,46,Female,Barisal,Books,16.18,10,Desktop,Bank Transfer,FALSE,8,FALSE,2,7,Trial,High,2
3220,65,Other,Rangpur,Sports,40.63,14,Mobile,Bank Transfer,TRUE,8,TRUE,5,1,Trial,Medium,1
3221,36,Female,Khulna,Books,230.15,8,Desktop,Debit Card,FALSE,3,FALSE,2,6,Trial,Low,0
3222,43,Female,Khulna,Beauty,75.37,23,Mobile,Bank Transfer,TRUE,5,FALSE,4,2,Trial,High,2
3223,63,Male,Sylhet,Toys,196.18,40,Tablet,PayPal,FALSE,6,TRUE,5,5,Premium,Medium,1
3224,55,Female,Dhaka,Home,672.69,42,Desktop,PayPal,TRUE,9,FALSE,2,5,Free,High,2
3225,56,Other,Khulna,Electronics,739.69,58,Desktop,Cash on Delivery,FALSE,6,TRUE,3,1,Free,Medium,1
3226,61,Other,Khulna,Clothing,349.24,4,Tablet,PayPal,TRUE,2,TRUE,1,12,Trial,Medium,1
3227,27,Female,Rajshahi,Groceries,182.33,35,Tablet,Cash on Delivery,FALSE,5,TRUE,3,9,Premium,High,2
3228,25,Male,Khulna,Electronics,453.37,54,Mobile,Credit Card,FALSE,3,FALSE,5,4,Free,Medium,1
3229,51,Other,Mymensingh,Sports,860.76,46,Mobile,Credit Card,FALSE,2,TRUE,4,7,Free,Medium,1
3230,38,Female,Rangpur,Electronics,56.04,55,Desktop,Cash on Delivery,TRUE,3,TRUE,2,9,Trial,Medium,1
3231,64,Male,Dhaka,Groceries,7.65,58,Mobile,PayPal,TRUE,1,TRUE,4,6,Free,Medium,1
3232,35,Other,Barisal,Sports,98.97,32,Mobile,Debit Card,FALSE,1,FALSE,2,12,Trial,High,2
3233,55,Other,Sylhet,Sports,431.26,52,Mobile,Credit Card,FALSE,6,TRUE,4,1,Trial,Low,0
3234,30,Male,Dhaka,Toys,990.7,48,Desktop,Credit Card,TRUE,5,FALSE,2,7,Free,High,2
3235,51,Female,Rangpur,Beauty,19.15,59,Tablet,Debit Card,TRUE,3,FALSE,4,3,Free,High,2
3236,37,Female,Rangpur,Sports,362.27,49,Tablet,Bank Transfer,TRUE,8,TRUE,4,12,Premium,Low,0
3237,20,Female,Barisal,Clothing,115.99,3,Tablet,Credit Card,FALSE,5,FALSE,1,2,Free,High,2
3238,22,Male,Mymensingh,Clothing,518.22,1,Tablet,Credit Card,FALSE,5,FALSE,3,2,Premium,High,2
3239,42,Male,Sylhet,Electronics,463.4,36,Desktop,Bank Transfer,FALSE,5,FALSE,3,1,Premium,Medium,1
3240,53,Female,Khulna,Groceries,205.27,41,Mobile,Bank Transfer,FALSE,7,FALSE,4,12,Free,Medium,1
3241,25,Other,Chittagong,Books,453.57,39,Mobile,PayPal,FALSE,7,TRUE,3,12,Trial,Medium,1
3242,37,Other,Mymensingh,Home,388.2,34,Desktop,Debit Card,FALSE,3,TRUE,2,10,Trial,Medium,1
3243,54,Female,Mymensingh,Groceries,923.12,50,Mobile,Cash on Delivery,FALSE,4,TRUE,2,5,Premium,Low,0
3244,59,Female,Sylhet,Electronics,291.97,39,Desktop,Credit Card,TRUE,7,FALSE,4,9,Free,Medium,1
3245,59,Male,Rangpur,Home,180.59,26,Desktop,Credit Card,FALSE,5,TRUE,3,4,Premium,Medium,1
3246,54,Female,Sylhet,Home,693.64,33,Desktop,Bank Transfer,FALSE,6,FALSE,2,3,Free,Medium,1
3247,47,Female,Chittagong,Books,693.33,41,Desktop,Bank Transfer,FALSE,3,FALSE,3,7,Trial,Low,0
3248,30,Female,Chittagong,Electronics,549.6,30,Tablet,PayPal,FALSE,6,FALSE,1,9,Trial,High,2
3249,46,Female,Sylhet,Books,124.49,16,Tablet,Credit Card,FALSE,3,TRUE,5,8,Free,Low,0
3250,22,Male,Rangpur,Electronics,99.58,48,Tablet,Bank Transfer,TRUE,3,FALSE,5,4,Trial,Medium,1
3251,58,Male,Barisal,Books,896.73,48,Mobile,Cash on Delivery,TRUE,8,TRUE,2,6,Free,Medium,1
3252,21,Female,Sylhet,Beauty,486.79,28,Mobile,Credit Card,TRUE,4,TRUE,1,11,Premium,High,2
3253,23,Male,Rajshahi,Sports,131,39,Tablet,Cash on Delivery,TRUE,1,FALSE,4,13,Premium,Medium,1
3254,52,Other,Dhaka,Beauty,895.59,3,Desktop,Bank Transfer,FALSE,7,TRUE,5,6,Free,High,2
3255,62,Male,Rangpur,Beauty,135.85,15,Mobile,Cash on Delivery,TRUE,5,TRUE,5,13,Free,Medium,1
3256,55,Male,Mymensingh,Electronics,64.02,19,Tablet,Credit Card,TRUE,2,TRUE,1,8,Trial,Low,0
3257,32,Male,Chittagong,Home,587.93,2,Mobile,Bank Transfer,TRUE,1,FALSE,3,7,Premium,Low,0
3258,44,Male,Rajshahi,Sports,408.01,6,Mobile,Credit Card,TRUE,5,TRUE,2,6,Trial,Low,0
3259,48,Other,Chittagong,Toys,802.24,6,Desktop,Cash on Delivery,FALSE,6,FALSE,5,8,Premium,Medium,1
3260,28,Male,Rangpur,Books,997.77,46,Tablet,PayPal,FALSE,4,FALSE,1,2,Free,Low,0
3261,54,Other,Rangpur,Books,918.42,12,Desktop,Cash on Delivery,TRUE,4,TRUE,1,9,Premium,Low,0
3262,51,Other,Rangpur,Groceries,331.76,49,Tablet,Bank Transfer,TRUE,7,FALSE,5,3,Premium,Medium,1
3263,55,Female,Barisal,Electronics,458.84,53,Mobile,Credit Card,TRUE,2,TRUE,3,4,Free,High,2
3264,63,Female,Sylhet,Books,534.07,57,Tablet,PayPal,FALSE,2,TRUE,2,6,Premium,Low,0
3265,58,Female,Barisal,Groceries,146.97,55,Desktop,Bank Transfer,FALSE,6,FALSE,1,11,Trial,High,2
3266,62,Other,Rangpur,Toys,305.89,36,Tablet,Credit Card,FALSE,9,TRUE,1,9,Free,Medium,1
3267,24,Other,Khulna,Clothing,458.62,23,Mobile,Cash on Delivery,FALSE,6,FALSE,2,3,Free,Medium,1
3268,58,Female,Barisal,Electronics,887.07,50,Tablet,Cash on Delivery,FALSE,6,FALSE,2,6,Free,High,2
3269,23,Other,Barisal,Beauty,200.63,25,Desktop,Bank Transfer,FALSE,9,TRUE,3,12,Premium,Low,0
3270,35,Male,Chittagong,Home,64.31,14,Desktop,Credit Card,TRUE,5,FALSE,4,2,Premium,Low,0
3271,19,Other,Sylhet,Home,530.72,15,Desktop,Cash on Delivery,TRUE,6,FALSE,1,5,Trial,Medium,1
3272,24,Other,Sylhet,Clothing,156.59,10,Tablet,Debit Card,FALSE,6,FALSE,4,6,Free,Low,0
3273,50,Other,Dhaka,Home,579.89,22,Tablet,Credit Card,FALSE,7,FALSE,3,4,Trial,Medium,1
3274,51,Other,Mymensingh,Clothing,706.11,13,Tablet,Bank Transfer,TRUE,3,TRUE,2,3,Trial,Low,0
3275,37,Other,Rajshahi,Electronics,329.27,11,Tablet,Credit Card,FALSE,5,TRUE,4,7,Trial,Medium,1
3276,45,Female,Rangpur,Beauty,731.13,40,Mobile,Credit Card,TRUE,1,TRUE,2,7,Premium,Medium,1
3277,36,Male,Khulna,Electronics,764.37,23,Desktop,Debit Card,TRUE,7,FALSE,2,10,Free,Low,0
3278,65,Female,Dhaka,Books,19.8,7,Tablet,Bank Transfer,TRUE,4,TRUE,4,3,Premium,Low,0
3279,55,Other,Rajshahi,Groceries,247.27,43,Desktop,Credit Card,TRUE,9,FALSE,2,3,Premium,Medium,1
3280,66,Female,Khulna,Toys,91.62,37,Tablet,Bank Transfer,FALSE,5,TRUE,4,4,Trial,Medium,1
3281,26,Other,Sylhet,Toys,459.69,26,Tablet,Cash on Delivery,TRUE,5,TRUE,1,13,Premium,High,2
3282,42,Other,Chittagong,Groceries,633.85,2,Tablet,PayPal,FALSE,9,FALSE,5,1,Free,Medium,1
3283,30,Other,Rajshahi,Sports,998.68,23,Desktop,Debit Card,TRUE,2,TRUE,2,1,Trial,Low,0
3284,41,Other,Rangpur,Toys,521.39,6,Tablet,Cash on Delivery,FALSE,5,TRUE,4,7,Free,Low,0
3285,66,Other,Dhaka,Toys,269.95,53,Desktop,Cash on Delivery,TRUE,7,TRUE,1,11,Premium,High,2
3286,18,Male,Sylhet,Groceries,49.79,44,Desktop,PayPal,FALSE,2,FALSE,2,1,Trial,Low,0
3287,45,Male,Chittagong,Electronics,841.64,41,Tablet,Debit Card,FALSE,1,FALSE,4,8,Free,High,2
3288,41,Female,Mymensingh,Home,365.93,35,Tablet,PayPal,TRUE,8,TRUE,5,10,Trial,Low,0
3289,25,Male,Chittagong,Toys,993.89,20,Desktop,Bank Transfer,TRUE,4,TRUE,2,9,Free,High,2
3290,44,Female,Chittagong,Home,515.13,33,Mobile,Bank Transfer,TRUE,2,FALSE,2,12,Premium,Medium,1
3291,64,Other,Rangpur,Books,607.9,37,Desktop,Bank Transfer,FALSE,5,FALSE,5,13,Premium,High,2
3292,63,Male,Dhaka,Toys,203.48,9,Tablet,Cash on Delivery,TRUE,8,TRUE,3,3,Free,High,2
3293,38,Female,Barisal,Beauty,291.69,26,Tablet,Cash on Delivery,TRUE,9,FALSE,2,5,Trial,Low,0
3294,69,Male,Rangpur,Beauty,787.42,45,Desktop,Cash on Delivery,TRUE,2,FALSE,4,9,Free,Low,0
3295,69,Male,Mymensingh,Beauty,647.87,37,Mobile,Credit Card,FALSE,8,TRUE,2,6,Free,Medium,1
3296,57,Other,Chittagong,Electronics,308.86,55,Mobile,Credit Card,FALSE,2,TRUE,4,2,Premium,Medium,1
3297,62,Male,Khulna,Groceries,192.88,38,Tablet,Credit Card,FALSE,3,TRUE,4,7,Premium,High,2
3298,30,Male,Dhaka,Toys,943.96,49,Tablet,Credit Card,FALSE,8,TRUE,5,6,Trial,High,2
3299,42,Other,Sylhet,Home,140.46,30,Tablet,Credit Card,FALSE,6,TRUE,2,13,Free,High,2
3300,20,Other,Dhaka,Clothing,19.87,50,Mobile,PayPal,FALSE,2,FALSE,1,4,Free,Medium,1
3301,66,Other,Rajshahi,Groceries,305.44,45,Mobile,Credit Card,TRUE,5,FALSE,1,10,Premium,Low,0
3302,50,Male,Rangpur,Books,507.36,38,Mobile,Credit Card,TRUE,9,FALSE,5,8,Premium,Medium,1
3303,35,Female,Rajshahi,Toys,433.59,6,Tablet,Credit Card,TRUE,4,TRUE,1,2,Premium,High,2
3304,65,Female,Barisal,Books,837.49,46,Mobile,Credit Card,FALSE,1,TRUE,5,9,Premium,Medium,1
3305,43,Male,Khulna,Sports,447.39,15,Mobile,Debit Card,TRUE,4,FALSE,5,10,Free,Low,0
3306,35,Female,Mymensingh,Electronics,927.31,24,Desktop,PayPal,TRUE,3,FALSE,2,8,Free,Low,0
3307,33,Other,Mymensingh,Clothing,605.36,17,Desktop,Debit Card,TRUE,6,FALSE,5,7,Trial,High,2
3308,48,Other,Mymensingh,Toys,332.87,3,Desktop,Debit Card,FALSE,3,TRUE,5,9,Free,Medium,1
3309,53,Other,Dhaka,Toys,981.92,8,Mobile,Cash on Delivery,TRUE,2,TRUE,5,4,Free,Low,0
3310,59,Male,Rangpur,Beauty,21.35,35,Desktop,Bank Transfer,FALSE,2,TRUE,1,12,Trial,High,2
3311,52,Female,Chittagong,Home,352.42,9,Tablet,Credit Card,TRUE,2,FALSE,4,4,Free,High,2
3312,59,Male,Chittagong,Books,316.32,48,Mobile,PayPal,FALSE,7,FALSE,3,6,Trial,Medium,1
3313,58,Male,Rajshahi,Books,936.63,31,Desktop,Debit Card,FALSE,6,TRUE,4,12,Trial,Low,0
3314,52,Female,Chittagong,Electronics,214.08,24,Tablet,PayPal,TRUE,4,TRUE,3,5,Free,Low,0
3315,55,Male,Rangpur,Toys,308.32,19,Tablet,Debit Card,TRUE,6,TRUE,4,3,Trial,Medium,1
3316,53,Male,Khulna,Sports,261.15,16,Mobile,Bank Transfer,TRUE,1,FALSE,2,9,Trial,Low,0
3317,29,Male,Chittagong,Sports,113.92,57,Mobile,Credit Card,TRUE,2,FALSE,5,1,Premium,Low,0
3318,26,Female,Barisal,Groceries,55.63,28,Tablet,Cash on Delivery,FALSE,1,TRUE,1,12,Trial,High,2
3319,55,Other,Chittagong,Beauty,317.39,29,Tablet,Debit Card,FALSE,3,TRUE,4,13,Premium,Medium,1
3320,59,Male,Sylhet,Home,356.59,21,Tablet,PayPal,TRUE,8,TRUE,5,10,Trial,High,2
3321,47,Female,Dhaka,Home,900.38,53,Tablet,Cash on Delivery,TRUE,4,FALSE,4,11,Trial,Medium,1
3322,38,Female,Sylhet,Home,440.84,29,Mobile,Cash on Delivery,TRUE,6,TRUE,2,10,Free,Low,0
3323,53,Other,Barisal,Sports,468.53,45,Mobile,Debit Card,FALSE,8,FALSE,1,5,Free,High,2
3324,55,Other,Rajshahi,Sports,219.27,11,Tablet,PayPal,FALSE,5,TRUE,5,8,Premium,Medium,1
3325,66,Male,Sylhet,Groceries,912.04,43,Tablet,Debit Card,FALSE,9,TRUE,4,2,Trial,Medium,1
3326,58,Female,Chittagong,Beauty,988.62,4,Tablet,PayPal,FALSE,6,TRUE,4,3,Free,Low,0
3327,27,Male,Sylhet,Toys,300.02,18,Mobile,Cash on Delivery,TRUE,8,FALSE,3,4,Free,Medium,1
3328,45,Other,Mymensingh,Sports,692.69,40,Desktop,Cash on Delivery,FALSE,3,FALSE,5,2,Premium,High,2
3329,32,Female,Chittagong,Beauty,649.15,7,Mobile,Cash on Delivery,TRUE,2,FALSE,1,2,Trial,Medium,1
3330,37,Other,Barisal,Books,397.04,7,Desktop,Bank Transfer,TRUE,7,FALSE,1,4,Free,Medium,1
3331,45,Female,Chittagong,Books,786.92,5,Tablet,Credit Card,TRUE,8,TRUE,4,6,Premium,Low,0
3332,34,Other,Rajshahi,Toys,733.98,39,Tablet,PayPal,TRUE,8,TRUE,1,12,Trial,Medium,1
3333,30,Female,Dhaka,Clothing,415.95,32,Desktop,PayPal,FALSE,9,TRUE,2,1,Free,High,2
3334,59,Male,Rangpur,Beauty,240.86,31,Mobile,Credit Card,TRUE,5,FALSE,2,2,Trial,Medium,1
3335,39,Other,Rangpur,Clothing,176.71,39,Mobile,Bank Transfer,FALSE,7,TRUE,2,7,Free,High,2
3336,58,Female,Rangpur,Home,988.15,14,Mobile,PayPal,TRUE,5,FALSE,2,12,Free,Low,0
3337,40,Other,Mymensingh,Sports,170.19,55,Tablet,PayPal,FALSE,7,TRUE,5,5,Free,Low,0
3338,68,Female,Chittagong,Groceries,555.25,19,Tablet,Credit Card,FALSE,6,TRUE,3,12,Free,High,2
3339,68,Male,Rangpur,Clothing,826.91,39,Mobile,Debit Card,TRUE,9,TRUE,4,12,Free,Medium,1
3340,66,Male,Khulna,Groceries,395.86,10,Tablet,Cash on Delivery,FALSE,3,TRUE,5,4,Free,Low,0
3341,61,Male,Sylhet,Clothing,544.59,33,Mobile,Credit Card,FALSE,9,TRUE,2,8,Free,Low,0
3342,58,Other,Mymensingh,Groceries,755.17,10,Mobile,PayPal,TRUE,1,FALSE,5,1,Free,Low,0
3343,53,Other,Rajshahi,Home,593.77,10,Tablet,Bank Transfer,FALSE,7,FALSE,2,11,Free,High,2
3344,18,Male,Dhaka,Clothing,404.76,26,Desktop,Credit Card,TRUE,1,TRUE,4,8,Free,Low,0
3345,30,Female,Khulna,Home,516.82,7,Tablet,Credit Card,FALSE,1,FALSE,1,6,Free,High,2
3346,39,Male,Rangpur,Toys,987.28,11,Mobile,PayPal,TRUE,4,FALSE,3,13,Free,High,2
3347,28,Other,Mymensingh,Toys,609.96,23,Desktop,PayPal,TRUE,1,FALSE,2,7,Premium,High,2
3348,58,Female,Rajshahi,Sports,856.25,39,Tablet,Credit Card,TRUE,8,TRUE,4,6,Trial,High,2
3349,33,Female,Barisal,Groceries,929.74,16,Tablet,Cash on Delivery,TRUE,4,TRUE,2,8,Premium,Low,0
3350,44,Other,Rajshahi,Clothing,799.44,41,Desktop,Cash on Delivery,FALSE,1,TRUE,4,1,Free,Low,0
3351,41,Male,Chittagong,Sports,708.51,38,Desktop,Debit Card,FALSE,6,FALSE,2,10,Premium,Medium,1
3352,67,Other,Chittagong,Home,480.34,23,Desktop,Credit Card,TRUE,1,FALSE,1,5,Free,Medium,1
3353,29,Male,Khulna,Sports,833.02,37,Desktop,Bank Transfer,FALSE,5,TRUE,2,9,Free,High,2
3354,37,Other,Rajshahi,Toys,193.85,52,Tablet,Bank Transfer,FALSE,9,TRUE,4,11,Free,Medium,1
3355,32,Other,Barisal,Home,282.5,6,Desktop,Credit Card,TRUE,3,FALSE,2,10,Free,High,2
3356,18,Female,Chittagong,Groceries,495.22,52,Desktop,Credit Card,FALSE,3,TRUE,2,13,Trial,High,2
3357,36,Female,Barisal,Home,983.25,6,Tablet,Bank Transfer,TRUE,2,TRUE,4,11,Premium,Low,0
3358,19,Female,Rangpur,Home,139.16,47,Tablet,PayPal,FALSE,1,TRUE,2,1,Free,High,2
3359,20,Male,Rajshahi,Clothing,768.82,56,Tablet,Bank Transfer,TRUE,2,FALSE,2,8,Premium,Medium,1
3360,19,Female,Sylhet,Electronics,211.77,9,Desktop,Cash on Delivery,TRUE,1,TRUE,3,1,Premium,High,2
3361,21,Other,Chittagong,Toys,306.96,5,Mobile,Cash on Delivery,FALSE,5,FALSE,2,1,Free,Low,0
3362,61,Other,Chittagong,Groceries,841.25,44,Tablet,Bank Transfer,TRUE,7,FALSE,4,8,Premium,Medium,1
3363,36,Male,Sylhet,Books,946.67,40,Desktop,Credit Card,FALSE,8,FALSE,3,2,Free,Medium,1
3364,25,Female,Rajshahi,Books,745.63,36,Desktop,Debit Card,FALSE,4,TRUE,3,6,Free,Medium,1
3365,24,Male,Dhaka,Beauty,756.98,50,Desktop,Debit Card,FALSE,8,FALSE,1,5,Free,Medium,1
3366,27,Male,Dhaka,Electronics,663.63,50,Desktop,PayPal,TRUE,3,TRUE,4,11,Premium,Low,0
3367,32,Male,Rajshahi,Books,913.52,3,Mobile,Credit Card,FALSE,5,FALSE,1,8,Free,High,2
3368,39,Female,Sylhet,Clothing,96.87,29,Desktop,Cash on Delivery,TRUE,8,TRUE,5,3,Free,Medium,1
3369,52,Other,Barisal,Toys,655.37,32,Mobile,Debit Card,TRUE,3,FALSE,3,12,Premium,Medium,1
3370,32,Female,Khulna,Sports,900.91,39,Tablet,PayPal,FALSE,9,TRUE,5,8,Trial,Low,0
3371,35,Male,Sylhet,Toys,234.96,40,Mobile,Debit Card,FALSE,7,FALSE,3,7,Premium,Medium,1
3372,63,Male,Rangpur,Home,439.24,46,Tablet,Bank Transfer,FALSE,8,TRUE,3,3,Premium,Low,0
3373,46,Male,Khulna,Toys,303.12,2,Mobile,Cash on Delivery,TRUE,8,TRUE,2,12,Free,High,2
3374,58,Female,Rangpur,Home,222.3,24,Desktop,Cash on Delivery,TRUE,5,TRUE,4,8,Trial,Medium,1
3375,62,Other,Dhaka,Home,163.55,27,Desktop,Bank Transfer,FALSE,9,TRUE,2,2,Trial,Medium,1
3376,49,Female,Barisal,Sports,596.84,59,Desktop,Cash on Delivery,FALSE,5,FALSE,2,13,Free,Medium,1
3377,32,Other,Khulna,Beauty,301.49,14,Tablet,Bank Transfer,TRUE,5,TRUE,1,4,Premium,Low,0
3378,61,Male,Mymensingh,Toys,761.98,13,Tablet,Debit Card,TRUE,2,FALSE,3,4,Trial,Low,0
3379,32,Male,Dhaka,Sports,757,55,Desktop,Credit Card,TRUE,7,FALSE,3,5,Trial,High,2
3380,65,Other,Dhaka,Toys,314.56,6,Desktop,Credit Card,TRUE,6,TRUE,1,2,Premium,High,2
3381,24,Female,Khulna,Home,344.62,11,Mobile,Bank Transfer,FALSE,5,FALSE,1,2,Premium,High,2
3382,24,Female,Khulna,Groceries,266.28,42,Desktop,Bank Transfer,TRUE,7,TRUE,3,7,Free,High,2
3383,61,Other,Khulna,Groceries,74.39,39,Desktop,Cash on Delivery,FALSE,6,TRUE,1,12,Premium,Low,0
3384,20,Female,Rajshahi,Electronics,60.6,33,Mobile,Bank Transfer,TRUE,5,FALSE,4,9,Free,Medium,1
3385,53,Other,Dhaka,Books,920.39,16,Desktop,Cash on Delivery,TRUE,5,FALSE,3,7,Premium,Low,0
3386,61,Other,Sylhet,Sports,618.2,24,Desktop,Credit Card,FALSE,6,FALSE,2,5,Premium,Low,0
3387,32,Female,Dhaka,Groceries,392.75,6,Desktop,Cash on Delivery,FALSE,8,TRUE,3,7,Trial,Medium,1
3388,63,Male,Khulna,Electronics,938.35,56,Mobile,Debit Card,TRUE,7,FALSE,2,6,Trial,Medium,1
3389,36,Male,Dhaka,Home,887.02,16,Mobile,PayPal,FALSE,1,TRUE,1,10,Premium,High,2
3390,55,Female,Dhaka,Books,41.11,34,Mobile,Credit Card,TRUE,6,FALSE,5,1,Premium,Medium,1
3391,24,Female,Rajshahi,Books,920.04,15,Mobile,Debit Card,TRUE,6,TRUE,2,12,Trial,High,2
3392,50,Male,Rangpur,Home,509.44,35,Tablet,Credit Card,FALSE,3,FALSE,2,7,Premium,High,2
3393,46,Male,Rangpur,Groceries,885.69,24,Tablet,Cash on Delivery,FALSE,8,FALSE,1,11,Trial,Medium,1
3394,61,Female,Dhaka,Toys,205.5,43,Mobile,Debit Card,FALSE,2,TRUE,1,4,Trial,High,2
3395,65,Other,Sylhet,Clothing,179.6,8,Mobile,Bank Transfer,FALSE,7,TRUE,2,8,Premium,Low,0
3396,37,Other,Barisal,Beauty,970.84,14,Mobile,PayPal,TRUE,9,TRUE,1,7,Trial,Medium,1
3397,56,Male,Barisal,Home,958.84,36,Desktop,Credit Card,TRUE,3,TRUE,1,13,Free,Low,0
3398,31,Female,Barisal,Beauty,869.38,16,Mobile,Cash on Delivery,FALSE,9,TRUE,1,3,Free,Low,0
3399,53,Other,Dhaka,Sports,224.23,7,Desktop,Credit Card,TRUE,4,TRUE,1,12,Trial,Medium,1
3400,21,Other,Rangpur,Clothing,123.97,5,Tablet,Bank Transfer,FALSE,2,FALSE,1,5,Premium,High,2
3401,52,Other,Sylhet,Books,407.77,3,Desktop,Bank Transfer,FALSE,8,FALSE,1,6,Trial,High,2
3402,37,Female,Sylhet,Beauty,913,9,Desktop,Cash on Delivery,TRUE,3,FALSE,2,7,Trial,Low,0
3403,18,Female,Khulna,Beauty,355.58,19,Tablet,Cash on Delivery,FALSE,4,FALSE,4,4,Trial,High,2
3404,36,Other,Rajshahi,Home,90.05,37,Desktop,PayPal,FALSE,6,TRUE,1,6,Trial,Medium,1
3405,54,Female,Chittagong,Sports,149.47,19,Tablet,PayPal,FALSE,3,TRUE,1,1,Trial,Medium,1
3406,28,Female,Barisal,Sports,618.68,13,Mobile,Debit Card,FALSE,4,FALSE,4,8,Premium,Medium,1
3407,27,Male,Sylhet,Beauty,867.34,47,Desktop,Bank Transfer,TRUE,3,FALSE,4,7,Trial,High,2
3408,58,Other,Sylhet,Clothing,725.78,42,Tablet,Bank Transfer,TRUE,4,TRUE,5,6,Premium,High,2
3409,35,Other,Dhaka,Home,858.2,1,Mobile,Credit Card,FALSE,5,TRUE,1,3,Trial,Low,0
3410,41,Other,Khulna,Groceries,897.34,25,Desktop,Debit Card,TRUE,4,TRUE,4,13,Premium,High,2
3411,67,Male,Dhaka,Sports,870.84,27,Tablet,Bank Transfer,FALSE,6,TRUE,1,4,Trial,Low,0
3412,45,Other,Dhaka,Books,198.99,32,Mobile,PayPal,TRUE,6,FALSE,4,2,Trial,High,2
3413,42,Other,Chittagong,Clothing,861.95,40,Tablet,PayPal,TRUE,8,TRUE,3,10,Trial,Medium,1
3414,53,Male,Sylhet,Books,119.09,6,Mobile,Credit Card,FALSE,7,TRUE,2,6,Trial,Medium,1
3415,35,Male,Rajshahi,Electronics,914.12,16,Mobile,Cash on Delivery,FALSE,9,TRUE,3,5,Trial,Medium,1
3416,60,Female,Khulna,Electronics,573.44,30,Desktop,Cash on Delivery,FALSE,5,FALSE,3,8,Trial,High,2
3417,32,Male,Barisal,Toys,448.6,25,Desktop,Debit Card,TRUE,2,FALSE,4,1,Trial,Low,0
3418,46,Other,Barisal,Electronics,447.89,13,Desktop,Credit Card,TRUE,1,FALSE,3,3,Premium,Low,0
3419,69,Male,Rajshahi,Toys,639.06,22,Tablet,Bank Transfer,FALSE,7,TRUE,1,6,Free,Low,0
3420,24,Female,Barisal,Books,666.38,2,Tablet,Debit Card,TRUE,2,TRUE,2,10,Premium,Medium,1
3421,51,Other,Barisal,Beauty,225.21,10,Mobile,Bank Transfer,FALSE,4,FALSE,5,13,Trial,Medium,1
3422,46,Other,Dhaka,Books,396.49,21,Mobile,PayPal,TRUE,5,TRUE,2,11,Premium,High,2
3423,67,Other,Dhaka,Electronics,623.34,35,Desktop,Bank Transfer,TRUE,7,TRUE,4,7,Free,High,2
3424,29,Female,Khulna,Groceries,880.85,58,Tablet,Credit Card,TRUE,5,FALSE,2,1,Trial,Low,0
3425,37,Other,Rajshahi,Electronics,33.87,23,Tablet,Credit Card,FALSE,5,TRUE,2,7,Free,Medium,1
3426,30,Male,Khulna,Groceries,22.62,57,Desktop,Credit Card,TRUE,8,FALSE,2,12,Free,Medium,1
3427,34,Female,Khulna,Sports,281.08,46,Mobile,Debit Card,TRUE,4,FALSE,5,6,Free,High,2
3428,48,Other,Chittagong,Books,185.2,24,Mobile,Cash on Delivery,FALSE,5,FALSE,1,9,Trial,Medium,1
3429,45,Male,Dhaka,Books,691.27,47,Mobile,Credit Card,TRUE,1,FALSE,1,1,Premium,High,2
3430,36,Female,Mymensingh,Electronics,755.07,36,Mobile,Bank Transfer,TRUE,7,TRUE,5,11,Premium,Low,0
3431,19,Male,Mymensingh,Books,893.01,53,Tablet,Bank Transfer,TRUE,7,FALSE,4,7,Trial,Medium,1
3432,34,Female,Mymensingh,Clothing,54.8,34,Desktop,Credit Card,FALSE,5,TRUE,3,9,Trial,Medium,1
3433,19,Female,Rangpur,Clothing,241.63,9,Desktop,Credit Card,FALSE,8,FALSE,2,1,Premium,High,2
3434,62,Other,Rajshahi,Groceries,786.86,41,Desktop,Debit Card,TRUE,9,TRUE,5,6,Free,Low,0
3435,26,Female,Dhaka,Books,555.69,49,Tablet,Bank Transfer,TRUE,5,FALSE,2,9,Premium,Low,0
3436,66,Other,Rajshahi,Clothing,820.93,25,Desktop,PayPal,TRUE,3,TRUE,1,10,Free,High,2
3437,36,Male,Rajshahi,Beauty,994.6,23,Mobile,Bank Transfer,TRUE,4,TRUE,1,2,Premium,High,2
3438,27,Female,Dhaka,Home,91.61,27,Tablet,PayPal,FALSE,6,FALSE,1,1,Free,High,2
3439,55,Other,Sylhet,Home,222.55,39,Desktop,PayPal,TRUE,3,TRUE,4,11,Premium,Medium,1
3440,43,Male,Barisal,Electronics,968.87,39,Tablet,Bank Transfer,TRUE,2,TRUE,2,4,Premium,Medium,1
3441,28,Female,Barisal,Sports,171.74,1,Desktop,Bank Transfer,FALSE,6,TRUE,1,7,Free,Low,0
3442,24,Male,Khulna,Beauty,671.24,9,Desktop,Debit Card,TRUE,3,FALSE,3,9,Free,High,2
3443,45,Male,Rajshahi,Groceries,341.18,27,Mobile,Cash on Delivery,TRUE,7,TRUE,3,11,Trial,Low,0
3444,18,Male,Rajshahi,Clothing,73.8,13,Tablet,Debit Card,FALSE,8,TRUE,2,2,Trial,Low,0
3445,41,Female,Rangpur,Home,956.25,35,Mobile,Cash on Delivery,TRUE,8,FALSE,3,10,Trial,Low,0
3446,29,Male,Khulna,Home,850.1,49,Desktop,PayPal,TRUE,9,FALSE,2,12,Premium,High,2
3447,22,Male,Rangpur,Electronics,174.39,27,Mobile,Bank Transfer,TRUE,7,FALSE,5,1,Premium,Medium,1
3448,45,Other,Mymensingh,Groceries,336.16,8,Tablet,PayPal,TRUE,1,TRUE,4,11,Trial,Medium,1
3449,22,Male,Rangpur,Groceries,637.77,37,Tablet,Debit Card,TRUE,7,FALSE,4,2,Trial,Low,0
3450,19,Female,Barisal,Groceries,118.73,2,Mobile,Debit Card,TRUE,1,FALSE,3,11,Free,High,2
3451,52,Other,Chittagong,Groceries,407.86,37,Desktop,Debit Card,FALSE,8,TRUE,1,2,Free,High,2
3452,64,Female,Chittagong,Home,892.28,36,Mobile,Debit Card,TRUE,3,TRUE,3,4,Free,Low,0
3453,29,Other,Chittagong,Toys,174.36,22,Mobile,Debit Card,FALSE,7,FALSE,5,5,Trial,High,2
3454,40,Other,Chittagong,Books,702.25,58,Mobile,Cash on Delivery,TRUE,4,FALSE,3,1,Trial,High,2
3455,45,Female,Mymensingh,Groceries,568.43,7,Mobile,PayPal,TRUE,4,TRUE,3,3,Trial,High,2
3456,63,Female,Rajshahi,Groceries,201.54,4,Desktop,Credit Card,TRUE,7,TRUE,1,1,Premium,High,2
3457,50,Male,Chittagong,Toys,184.6,45,Desktop,PayPal,FALSE,4,TRUE,2,10,Free,Low,0
3458,64,Female,Rangpur,Home,31.85,30,Mobile,Credit Card,FALSE,8,TRUE,5,1,Premium,Low,0
3459,54,Female,Khulna,Clothing,900.32,18,Mobile,Bank Transfer,TRUE,6,FALSE,1,6,Premium,Medium,1
3460,21,Female,Barisal,Electronics,681.2,49,Mobile,Bank Transfer,FALSE,1,TRUE,3,3,Trial,Low,0
3461,69,Female,Mymensingh,Electronics,286.06,49,Tablet,Cash on Delivery,TRUE,5,FALSE,3,4,Premium,Medium,1
3462,38,Female,Chittagong,Home,801.01,52,Tablet,Debit Card,TRUE,1,TRUE,2,12,Free,Low,0
3463,41,Female,Khulna,Clothing,824.23,52,Desktop,Cash on Delivery,FALSE,5,FALSE,2,4,Premium,Low,0
3464,19,Male,Rangpur,Electronics,544.92,59,Mobile,Bank Transfer,TRUE,7,TRUE,3,9,Free,Low,0
3465,30,Female,Sylhet,Toys,508.5,15,Tablet,Cash on Delivery,FALSE,3,FALSE,5,9,Premium,High,2
3466,67,Male,Rajshahi,Books,816.57,17,Desktop,PayPal,TRUE,9,FALSE,5,5,Free,Low,0
3467,27,Other,Rajshahi,Home,490.82,40,Desktop,Credit Card,TRUE,1,FALSE,4,11,Trial,High,2
3468,34,Other,Dhaka,Books,33.48,39,Mobile,Credit Card,FALSE,2,FALSE,5,13,Trial,Low,0
3469,33,Female,Rajshahi,Groceries,719.34,38,Desktop,PayPal,TRUE,2,FALSE,4,9,Premium,High,2
3470,38,Male,Rajshahi,Books,940.59,25,Desktop,Credit Card,FALSE,1,TRUE,5,8,Trial,Medium,1
3471,31,Female,Rangpur,Toys,854.63,59,Mobile,Debit Card,TRUE,1,TRUE,5,5,Free,High,2
3472,69,Female,Mymensingh,Books,273.79,25,Tablet,Bank Transfer,FALSE,9,FALSE,3,11,Premium,Medium,1
3473,33,Male,Sylhet,Beauty,99.82,37,Mobile,PayPal,FALSE,9,TRUE,5,8,Trial,Low,0
3474,39,Male,Sylhet,Electronics,27.25,14,Tablet,PayPal,TRUE,9,TRUE,2,8,Premium,High,2
3475,28,Female,Sylhet,Electronics,52.62,31,Desktop,Cash on Delivery,TRUE,6,FALSE,2,12,Premium,High,2
3476,67,Female,Chittagong,Books,260.89,34,Tablet,PayPal,FALSE,5,FALSE,3,5,Trial,Medium,1
3477,61,Male,Khulna,Home,622.77,51,Tablet,Cash on Delivery,TRUE,5,FALSE,5,12,Trial,Low,0
3478,33,Male,Chittagong,Toys,637.44,58,Desktop,Cash on Delivery,TRUE,5,FALSE,3,12,Premium,High,2
3479,24,Other,Rangpur,Home,412.87,41,Tablet,Debit Card,TRUE,1,TRUE,1,13,Premium,High,2
3480,51,Male,Rangpur,Electronics,39.05,47,Desktop,PayPal,TRUE,7,TRUE,1,13,Trial,Medium,1
3481,56,Male,Dhaka,Sports,167.09,59,Tablet,Debit Card,FALSE,3,FALSE,3,3,Free,High,2
3482,44,Male,Sylhet,Books,121.84,18,Mobile,Debit Card,TRUE,4,TRUE,2,8,Free,Low,0
3483,42,Female,Chittagong,Sports,316.68,31,Tablet,Debit Card,FALSE,2,TRUE,3,5,Free,Medium,1
3484,57,Male,Rajshahi,Groceries,49.6,55,Desktop,Bank Transfer,FALSE,2,FALSE,1,2,Trial,Low,0
3485,56,Other,Khulna,Toys,900.54,51,Tablet,Cash on Delivery,FALSE,5,FALSE,5,8,Trial,Medium,1
3486,58,Female,Khulna,Beauty,339.61,12,Tablet,PayPal,TRUE,7,FALSE,1,10,Free,Medium,1
3487,23,Other,Barisal,Clothing,432.15,40,Desktop,Cash on Delivery,FALSE,9,TRUE,4,6,Trial,Medium,1
3488,40,Other,Mymensingh,Home,698.35,58,Tablet,Credit Card,FALSE,5,TRUE,4,1,Trial,High,2
3489,49,Male,Rangpur,Home,751.04,37,Tablet,Credit Card,TRUE,5,TRUE,1,5,Trial,High,2
3490,37,Other,Sylhet,Toys,408.61,4,Mobile,Credit Card,FALSE,8,TRUE,2,13,Trial,Low,0
3491,30,Female,Rangpur,Books,82.73,30,Tablet,Bank Transfer,TRUE,8,FALSE,2,10,Free,High,2
3492,32,Other,Khulna,Electronics,30.83,55,Mobile,PayPal,FALSE,6,FALSE,2,7,Trial,High,2
3493,47,Female,Chittagong,Groceries,484.89,30,Tablet,Cash on Delivery,TRUE,8,FALSE,3,2,Premium,Low,0
3494,28,Female,Rangpur,Sports,798.08,28,Tablet,Bank Transfer,FALSE,5,TRUE,2,1,Free,High,2
3495,26,Other,Sylhet,Beauty,469.94,21,Mobile,Debit Card,TRUE,9,FALSE,4,12,Trial,Low,0
3496,59,Female,Dhaka,Home,220.88,55,Mobile,Bank Transfer,FALSE,3,FALSE,1,7,Premium,High,2
3497,51,Female,Rajshahi,Groceries,716.85,26,Desktop,Credit Card,TRUE,3,TRUE,2,3,Premium,High,2
3498,61,Female,Khulna,Electronics,303.14,31,Mobile,Debit Card,TRUE,4,FALSE,1,9,Premium,Medium,1
3499,40,Female,Chittagong,Toys,363.76,58,Desktop,Cash on Delivery,TRUE,4,TRUE,5,11,Trial,Low,0
3500,18,Other,Chittagong,Sports,538.54,15,Tablet,Cash on Delivery,TRUE,5,TRUE,1,4,Premium,High,2
3501,41,Other,Barisal,Clothing,290.04,8,Mobile,PayPal,FALSE,5,TRUE,1,9,Premium,High,2
3502,54,Other,Dhaka,Beauty,317.19,10,Desktop,Bank Transfer,FALSE,7,FALSE,1,12,Premium,Medium,1
3503,35,Male,Dhaka,Books,626.93,10,Tablet,Credit Card,FALSE,3,FALSE,5,6,Free,Low,0
3504,62,Female,Sylhet,Electronics,473.92,53,Mobile,Bank Transfer,TRUE,9,FALSE,4,1,Free,Medium,1
3505,48,Female,Barisal,Home,721.53,26,Mobile,Debit Card,TRUE,9,FALSE,1,2,Free,Low,0
3506,56,Female,Mymensingh,Sports,40.69,36,Mobile,Credit Card,FALSE,6,FALSE,5,10,Premium,High,2
3507,33,Other,Dhaka,Groceries,570.18,9,Desktop,Debit Card,FALSE,9,TRUE,5,11,Premium,High,2
3508,27,Female,Rajshahi,Sports,611.86,46,Desktop,Debit Card,TRUE,2,FALSE,3,13,Trial,Medium,1
3509,62,Female,Dhaka,Toys,673.7,16,Mobile,Cash on Delivery,FALSE,4,FALSE,2,10,Trial,High,2
3510,35,Other,Mymensingh,Home,188.07,52,Tablet,Debit Card,FALSE,2,FALSE,4,10,Premium,Low,0
3511,45,Female,Khulna,Electronics,787.64,10,Mobile,Debit Card,FALSE,1,FALSE,2,9,Trial,Medium,1
3512,45,Female,Chittagong,Sports,467.96,38,Desktop,Cash on Delivery,TRUE,2,TRUE,5,13,Trial,Low,0
3513,21,Other,Rajshahi,Clothing,281.21,5,Desktop,Bank Transfer,FALSE,5,FALSE,3,6,Trial,High,2
3514,18,Other,Rangpur,Toys,71.32,32,Tablet,PayPal,FALSE,4,TRUE,1,9,Free,High,2
3515,45,Female,Rangpur,Sports,132.06,33,Mobile,Cash on Delivery,FALSE,2,TRUE,2,4,Premium,Low,0
3516,65,Other,Dhaka,Home,690.69,37,Desktop,Bank Transfer,TRUE,9,FALSE,5,3,Free,Medium,1
3517,18,Female,Rangpur,Home,513.61,24,Mobile,Debit Card,FALSE,9,FALSE,5,6,Premium,Low,0
3518,44,Other,Chittagong,Clothing,190.63,7,Tablet,Bank Transfer,TRUE,2,TRUE,4,2,Premium,Medium,1
3519,28,Other,Rajshahi,Toys,304.69,25,Mobile,Bank Transfer,TRUE,9,FALSE,4,8,Free,Low,0
3520,21,Male,Rangpur,Toys,340.85,9,Mobile,Cash on Delivery,FALSE,1,TRUE,2,13,Free,Medium,1
3521,52,Male,Rajshahi,Electronics,49.16,17,Tablet,Credit Card,TRUE,4,TRUE,5,4,Trial,Medium,1
3522,63,Other,Chittagong,Books,759.67,48,Tablet,Bank Transfer,FALSE,5,TRUE,5,9,Premium,Medium,1
3523,61,Other,Rangpur,Toys,961.48,26,Desktop,Bank Transfer,TRUE,6,FALSE,1,12,Premium,Medium,1
3524,61,Male,Rajshahi,Home,980.42,44,Mobile,Debit Card,FALSE,5,FALSE,4,8,Free,Medium,1
3525,68,Male,Khulna,Sports,409.43,4,Mobile,Credit Card,FALSE,9,TRUE,5,3,Premium,High,2
3526,47,Female,Rangpur,Books,428.85,44,Mobile,Debit Card,FALSE,7,TRUE,2,10,Premium,Medium,1
3527,58,Other,Rangpur,Sports,718.47,53,Tablet,Debit Card,FALSE,6,TRUE,4,12,Trial,High,2
3528,22,Male,Sylhet,Home,469.71,38,Tablet,Credit Card,FALSE,2,FALSE,4,1,Trial,Low,0
3529,33,Other,Barisal,Clothing,757.87,27,Desktop,Credit Card,FALSE,5,TRUE,3,2,Trial,High,2
3530,49,Male,Khulna,Books,772.26,20,Tablet,PayPal,FALSE,2,FALSE,1,12,Trial,Medium,1
3531,23,Other,Dhaka,Clothing,475.21,24,Tablet,Bank Transfer,FALSE,6,TRUE,1,9,Premium,High,2
3532,26,Other,Dhaka,Groceries,126.23,25,Tablet,Credit Card,FALSE,5,FALSE,2,11,Premium,High,2
3533,68,Female,Rangpur,Books,701.84,28,Mobile,Cash on Delivery,TRUE,3,TRUE,4,6,Free,Medium,1
3534,25,Male,Khulna,Electronics,471.41,48,Tablet,Credit Card,TRUE,8,FALSE,5,12,Trial,High,2
3535,55,Other,Dhaka,Books,263.16,23,Mobile,Credit Card,FALSE,5,TRUE,5,7,Free,Low,0
3536,59,Female,Sylhet,Books,44.56,44,Mobile,Bank Transfer,FALSE,1,FALSE,3,8,Free,High,2
3537,33,Other,Sylhet,Groceries,111.47,22,Desktop,Cash on Delivery,TRUE,2,TRUE,4,3,Free,High,2
3538,46,Male,Mymensingh,Toys,784.93,53,Desktop,Bank Transfer,TRUE,4,TRUE,1,12,Premium,Medium,1
3539,61,Female,Barisal,Books,22.73,14,Mobile,Credit Card,TRUE,9,FALSE,1,11,Free,High,2
3540,49,Male,Rangpur,Electronics,687.53,59,Mobile,Bank Transfer,TRUE,8,TRUE,1,8,Trial,High,2
3541,45,Other,Rajshahi,Toys,52.88,46,Tablet,Bank Transfer,FALSE,9,FALSE,2,12,Free,Medium,1
3542,62,Male,Rajshahi,Books,848.06,25,Tablet,Credit Card,FALSE,5,TRUE,5,2,Premium,High,2
3543,67,Other,Barisal,Groceries,894.48,6,Tablet,Debit Card,TRUE,2,TRUE,5,4,Premium,High,2
3544,39,Female,Chittagong,Clothing,459.96,23,Desktop,Bank Transfer,TRUE,6,FALSE,2,4,Premium,Low,0
3545,68,Other,Khulna,Toys,600.41,50,Tablet,Cash on Delivery,FALSE,6,FALSE,2,5,Trial,Medium,1
3546,40,Other,Khulna,Books,905.65,36,Mobile,Debit Card,FALSE,5,TRUE,4,12,Trial,High,2
3547,37,Other,Rajshahi,Beauty,774.15,4,Desktop,Debit Card,TRUE,4,TRUE,4,12,Free,High,2
3548,27,Female,Mymensingh,Beauty,752.72,22,Tablet,Debit Card,FALSE,6,TRUE,1,2,Free,Low,0
3549,51,Male,Rangpur,Groceries,840.03,15,Desktop,Cash on Delivery,TRUE,7,FALSE,5,10,Trial,Low,0
3550,21,Female,Chittagong,Toys,360.1,58,Desktop,Cash on Delivery,FALSE,6,FALSE,2,11,Free,High,2
3551,21,Female,Barisal,Clothing,744.78,6,Mobile,Credit Card,TRUE,4,FALSE,2,7,Premium,High,2
3552,44,Male,Sylhet,Toys,78.68,49,Tablet,Debit Card,TRUE,7,TRUE,5,4,Trial,High,2
3553,55,Other,Chittagong,Electronics,64.53,34,Desktop,Cash on Delivery,TRUE,3,TRUE,2,9,Premium,Low,0
3554,46,Male,Rangpur,Toys,373.47,15,Desktop,PayPal,FALSE,6,FALSE,3,3,Premium,High,2
3555,64,Male,Sylhet,Groceries,752.02,12,Tablet,PayPal,TRUE,2,FALSE,1,8,Free,Medium,1
3556,54,Male,Chittagong,Electronics,445.34,30,Tablet,PayPal,FALSE,6,FALSE,1,2,Free,Low,0
3557,39,Other,Sylhet,Toys,214.02,20,Tablet,PayPal,FALSE,9,FALSE,5,1,Free,High,2
3558,65,Female,Dhaka,Home,748.18,25,Desktop,Credit Card,FALSE,5,TRUE,3,4,Premium,Low,0
3559,18,Female,Barisal,Sports,264.35,53,Tablet,PayPal,TRUE,6,FALSE,1,1,Premium,Low,0
3560,38,Other,Rajshahi,Home,459.25,17,Mobile,Debit Card,FALSE,6,FALSE,5,9,Trial,High,2
3561,48,Male,Sylhet,Home,410.68,50,Desktop,PayPal,FALSE,8,TRUE,3,13,Trial,High,2
3562,65,Male,Rajshahi,Clothing,925.42,4,Mobile,Debit Card,FALSE,1,FALSE,5,9,Premium,Low,0
3563,59,Female,Rangpur,Groceries,173.45,26,Tablet,PayPal,TRUE,9,TRUE,2,13,Premium,Low,0
3564,68,Male,Mymensingh,Groceries,338.38,58,Tablet,Cash on Delivery,FALSE,5,FALSE,5,3,Free,Low,0
3565,35,Female,Khulna,Sports,918.27,36,Mobile,Bank Transfer,TRUE,7,FALSE,4,5,Premium,Low,0
3566,51,Male,Khulna,Books,933.95,21,Desktop,Credit Card,FALSE,9,TRUE,2,8,Trial,Medium,1
3567,24,Male,Khulna,Books,506.1,9,Mobile,Debit Card,TRUE,8,FALSE,4,4,Trial,High,2
3568,37,Male,Dhaka,Beauty,170.82,22,Tablet,Debit Card,TRUE,5,FALSE,5,2,Free,Low,0
3569,25,Other,Sylhet,Home,513.41,5,Mobile,Credit Card,TRUE,5,TRUE,3,8,Trial,High,2
3570,31,Female,Rangpur,Electronics,11.45,6,Tablet,Credit Card,TRUE,3,TRUE,2,9,Free,Low,0
3571,32,Male,Chittagong,Toys,18.94,19,Mobile,Bank Transfer,TRUE,7,FALSE,3,4,Trial,High,2
3572,18,Other,Chittagong,Clothing,10.06,4,Desktop,Cash on Delivery,TRUE,2,FALSE,2,3,Free,Medium,1
3573,23,Male,Sylhet,Home,474.22,12,Mobile,Cash on Delivery,FALSE,3,FALSE,3,12,Trial,Low,0
3574,38,Male,Rajshahi,Home,160.87,18,Desktop,PayPal,TRUE,4,FALSE,2,3,Free,High,2
3575,28,Female,Dhaka,Groceries,293.61,52,Desktop,Cash on Delivery,FALSE,5,FALSE,3,2,Free,Low,0
3576,68,Other,Khulna,Toys,512.3,33,Desktop,Bank Transfer,FALSE,3,TRUE,5,5,Premium,Low,0
3577,22,Other,Barisal,Home,209.57,22,Mobile,Cash on Delivery,FALSE,1,FALSE,2,7,Free,Low,0
3578,24,Other,Mymensingh,Home,723.49,40,Tablet,Cash on Delivery,FALSE,9,TRUE,2,13,Free,Medium,1
3579,58,Male,Chittagong,Books,126.31,56,Tablet,Debit Card,FALSE,9,FALSE,2,7,Premium,Low,0
3580,27,Male,Khulna,Clothing,52.85,33,Mobile,Cash on Delivery,FALSE,6,TRUE,3,8,Premium,Medium,1
3581,57,Female,Barisal,Sports,997.03,44,Desktop,Cash on Delivery,TRUE,9,FALSE,2,12,Premium,High,2
3582,43,Other,Rajshahi,Sports,887.33,20,Mobile,Cash on Delivery,TRUE,8,FALSE,3,12,Premium,Low,0
3583,39,Other,Sylhet,Groceries,241.67,44,Mobile,Cash on Delivery,FALSE,2,FALSE,4,12,Free,Medium,1
3584,25,Male,Rajshahi,Sports,85.2,56,Tablet,PayPal,TRUE,5,TRUE,5,4,Free,Medium,1
3585,33,Male,Khulna,Books,728.64,8,Tablet,Bank Transfer,TRUE,5,TRUE,3,8,Trial,High,2
3586,52,Female,Rangpur,Home,626.91,59,Mobile,Bank Transfer,TRUE,5,FALSE,4,2,Premium,Medium,1
3587,60,Male,Rangpur,Sports,862.7,23,Mobile,Bank Transfer,TRUE,8,FALSE,2,6,Trial,Medium,1
3588,37,Male,Rangpur,Sports,963.2,30,Desktop,Debit Card,TRUE,9,FALSE,3,6,Free,High,2
3589,54,Female,Mymensingh,Clothing,95.64,48,Desktop,Debit Card,TRUE,6,TRUE,3,4,Trial,Medium,1
3590,50,Other,Sylhet,Sports,972.52,19,Desktop,Cash on Delivery,TRUE,7,FALSE,1,6,Free,Low,0
3591,51,Other,Sylhet,Groceries,738.5,27,Mobile,Bank Transfer,FALSE,9,TRUE,3,12,Free,High,2
3592,33,Female,Chittagong,Toys,697.92,52,Mobile,Cash on Delivery,TRUE,3,TRUE,3,13,Premium,Low,0
3593,51,Male,Sylhet,Books,980.78,12,Mobile,PayPal,TRUE,7,TRUE,4,2,Free,Medium,1
3594,56,Other,Chittagong,Electronics,690.28,29,Desktop,Bank Transfer,FALSE,7,FALSE,2,9,Trial,Low,0
3595,21,Male,Chittagong,Sports,664.47,44,Desktop,Debit Card,TRUE,5,FALSE,1,2,Trial,Medium,1
3596,37,Female,Dhaka,Clothing,691.09,12,Tablet,PayPal,TRUE,3,TRUE,1,10,Free,Medium,1
3597,42,Female,Khulna,Electronics,551.19,52,Desktop,PayPal,FALSE,9,FALSE,5,3,Premium,Low,0
3598,20,Male,Khulna,Clothing,540.38,4,Tablet,Bank Transfer,FALSE,9,FALSE,2,1,Premium,Medium,1
3599,41,Male,Rajshahi,Electronics,261.63,22,Tablet,Bank Transfer,TRUE,7,TRUE,5,10,Free,Medium,1
3600,24,Male,Barisal,Home,713.48,31,Tablet,Cash on Delivery,TRUE,7,TRUE,3,3,Free,Low,0
3601,60,Other,Dhaka,Electronics,737.55,35,Tablet,Credit Card,FALSE,7,FALSE,4,9,Trial,Low,0
3602,46,Female,Khulna,Groceries,504.53,7,Mobile,Bank Transfer,FALSE,1,TRUE,5,8,Premium,High,2
3603,40,Female,Rajshahi,Home,261.93,56,Desktop,Credit Card,TRUE,6,FALSE,1,6,Premium,High,2
3604,23,Other,Khulna,Groceries,34.92,32,Tablet,Cash on Delivery,FALSE,4,FALSE,3,8,Premium,High,2
3605,57,Male,Chittagong,Sports,217.12,50,Tablet,Cash on Delivery,TRUE,2,TRUE,2,6,Premium,Medium,1
3606,41,Other,Rajshahi,Groceries,174.71,39,Tablet,Bank Transfer,FALSE,5,TRUE,5,9,Free,High,2
3607,66,Male,Mymensingh,Books,306.4,47,Tablet,PayPal,TRUE,3,TRUE,1,10,Free,Medium,1
3608,24,Other,Sylhet,Home,787.96,35,Desktop,Cash on Delivery,FALSE,4,FALSE,5,7,Free,Low,0
3609,37,Other,Chittagong,Home,850.59,17,Desktop,Bank Transfer,TRUE,9,FALSE,2,10,Premium,Low,0
3610,51,Female,Mymensingh,Beauty,95.63,11,Desktop,Debit Card,TRUE,8,TRUE,5,5,Trial,High,2
3611,52,Male,Chittagong,Toys,981.68,41,Tablet,PayPal,FALSE,7,FALSE,4,1,Premium,Medium,1
3612,41,Other,Mymensingh,Beauty,645.5,46,Mobile,Debit Card,FALSE,9,FALSE,5,2,Free,Medium,1
3613,48,Female,Rangpur,Groceries,166.75,46,Mobile,Debit Card,FALSE,8,TRUE,4,1,Free,Low,0
3614,60,Male,Chittagong,Clothing,445.92,36,Tablet,Credit Card,FALSE,5,FALSE,2,6,Premium,Low,0
3615,28,Other,Rajshahi,Sports,8.66,43,Desktop,PayPal,TRUE,4,FALSE,4,5,Trial,Medium,1
3616,32,Other,Barisal,Beauty,867.31,43,Desktop,PayPal,FALSE,8,TRUE,5,7,Premium,Low,0
3617,69,Female,Mymensingh,Groceries,587.22,21,Desktop,Cash on Delivery,TRUE,7,FALSE,1,4,Free,Medium,1
3618,18,Other,Chittagong,Groceries,453.02,53,Desktop,Cash on Delivery,FALSE,3,TRUE,4,4,Free,High,2
3619,28,Female,Chittagong,Toys,953.85,34,Desktop,Bank Transfer,TRUE,8,TRUE,2,7,Premium,Medium,1
3620,43,Male,Chittagong,Sports,998.24,54,Mobile,Cash on Delivery,FALSE,9,FALSE,3,3,Free,Low,0
3621,18,Other,Barisal,Home,622.6,11,Tablet,Debit Card,FALSE,1,FALSE,4,13,Free,Low,0
3622,42,Other,Rangpur,Home,730.68,34,Mobile,Cash on Delivery,TRUE,6,FALSE,3,5,Free,High,2
3623,51,Male,Rangpur,Sports,278.09,6,Tablet,Credit Card,FALSE,7,TRUE,4,7,Premium,Medium,1
3624,56,Other,Mymensingh,Electronics,661.61,32,Desktop,Cash on Delivery,FALSE,1,TRUE,4,13,Premium,Low,0
3625,28,Male,Sylhet,Beauty,60.67,11,Desktop,Cash on Delivery,FALSE,1,TRUE,3,4,Premium,Medium,1
3626,18,Male,Dhaka,Beauty,319.3,41,Mobile,PayPal,TRUE,7,TRUE,4,8,Free,Medium,1
3627,36,Other,Dhaka,Sports,179.43,25,Desktop,Credit Card,TRUE,4,FALSE,2,11,Premium,High,2
3628,50,Male,Rajshahi,Electronics,98.57,23,Tablet,Bank Transfer,TRUE,2,TRUE,3,5,Trial,Low,0
3629,31,Female,Barisal,Toys,461.4,59,Desktop,Debit Card,FALSE,9,TRUE,5,10,Trial,Medium,1
3630,41,Male,Barisal,Beauty,578.67,53,Desktop,PayPal,FALSE,5,TRUE,1,5,Trial,Medium,1
3631,41,Female,Sylhet,Clothing,408.08,30,Desktop,Debit Card,TRUE,4,TRUE,4,8,Free,Low,0
3632,51,Other,Khulna,Groceries,225.94,31,Desktop,Cash on Delivery,TRUE,2,FALSE,5,2,Free,Low,0
3633,65,Other,Rangpur,Clothing,44.1,23,Tablet,PayPal,FALSE,2,TRUE,3,13,Free,Low,0
3634,66,Male,Rajshahi,Electronics,822.8,21,Mobile,Bank Transfer,TRUE,4,TRUE,1,4,Premium,Medium,1
3635,67,Other,Dhaka,Sports,942.61,26,Tablet,Bank Transfer,TRUE,1,TRUE,4,9,Free,Medium,1
3636,58,Other,Sylhet,Toys,17.94,15,Desktop,Credit Card,FALSE,4,TRUE,3,10,Premium,Medium,1
3637,54,Other,Dhaka,Books,119.61,36,Desktop,Debit Card,TRUE,3,FALSE,5,3,Trial,High,2
3638,57,Other,Rajshahi,Groceries,707.13,4,Tablet,PayPal,TRUE,7,TRUE,4,12,Free,Medium,1
3639,57,Other,Rangpur,Sports,19.99,59,Tablet,Debit Card,FALSE,5,TRUE,3,2,Premium,Low,0
3640,56,Male,Chittagong,Beauty,196.74,3,Mobile,PayPal,TRUE,2,TRUE,3,11,Premium,Medium,1
3641,56,Male,Rangpur,Toys,551.24,28,Mobile,PayPal,FALSE,1,FALSE,1,11,Free,Low,0
3642,24,Male,Barisal,Toys,31.37,15,Mobile,Credit Card,FALSE,2,TRUE,2,2,Free,Medium,1
3643,65,Male,Dhaka,Sports,886.18,1,Tablet,PayPal,TRUE,2,TRUE,4,6,Premium,Low,0
3644,43,Female,Dhaka,Sports,875.43,32,Tablet,Bank Transfer,FALSE,6,FALSE,2,11,Premium,High,2
3645,49,Female,Chittagong,Clothing,168.62,58,Tablet,PayPal,TRUE,3,FALSE,3,2,Trial,Medium,1
3646,50,Male,Khulna,Toys,774.47,14,Tablet,Cash on Delivery,FALSE,8,FALSE,2,7,Free,High,2
3647,59,Other,Sylhet,Books,558.56,41,Mobile,PayPal,TRUE,8,TRUE,4,12,Trial,Low,0
3648,63,Female,Barisal,Sports,172.42,50,Desktop,Cash on Delivery,FALSE,6,TRUE,4,5,Free,Low,0
3649,35,Other,Chittagong,Electronics,881.68,25,Tablet,PayPal,FALSE,3,TRUE,2,2,Premium,Medium,1
3650,66,Male,Chittagong,Electronics,881.06,3,Desktop,PayPal,FALSE,6,TRUE,4,10,Free,Low,0
3651,47,Female,Rajshahi,Groceries,407.81,58,Mobile,Debit Card,TRUE,4,FALSE,3,7,Free,Medium,1
3652,63,Other,Rangpur,Beauty,368.48,10,Desktop,Credit Card,TRUE,9,FALSE,5,7,Premium,Medium,1
3653,33,Male,Khulna,Groceries,624.13,28,Desktop,PayPal,TRUE,4,FALSE,5,1,Free,Low,0
3654,66,Female,Chittagong,Home,994.62,32,Tablet,Bank Transfer,TRUE,8,TRUE,4,3,Free,Low,0
3655,45,Male,Barisal,Toys,896.97,5,Desktop,Debit Card,FALSE,8,FALSE,1,10,Trial,Medium,1
3656,46,Male,Chittagong,Clothing,538.66,39,Mobile,PayPal,FALSE,4,FALSE,4,2,Premium,High,2
3657,37,Female,Dhaka,Toys,131.58,26,Mobile,Debit Card,FALSE,2,TRUE,3,13,Trial,Low,0
3658,32,Female,Sylhet,Books,286.43,28,Mobile,Bank Transfer,TRUE,4,FALSE,1,5,Trial,Medium,1
3659,56,Female,Chittagong,Clothing,793.29,40,Desktop,Credit Card,FALSE,1,FALSE,4,8,Trial,Medium,1
3660,35,Other,Dhaka,Sports,965.94,51,Mobile,Cash on Delivery,TRUE,1,TRUE,5,3,Trial,Medium,1
3661,56,Other,Rajshahi,Clothing,460.26,53,Desktop,PayPal,FALSE,7,TRUE,1,4,Trial,Medium,1
3662,66,Female,Dhaka,Sports,232.28,57,Tablet,Bank Transfer,FALSE,1,FALSE,3,13,Free,High,2
3663,37,Male,Mymensingh,Home,910.77,42,Mobile,Cash on Delivery,FALSE,6,TRUE,1,3,Trial,High,2
3664,61,Female,Rangpur,Groceries,155.28,23,Tablet,PayPal,FALSE,8,FALSE,1,5,Premium,Low,0
3665,38,Other,Sylhet,Clothing,202.51,32,Desktop,Cash on Delivery,TRUE,1,FALSE,2,4,Premium,High,2
3666,64,Male,Khulna,Beauty,878.52,33,Tablet,Debit Card,TRUE,7,TRUE,1,10,Premium,Low,0
3667,67,Female,Barisal,Electronics,124.82,29,Tablet,Cash on Delivery,TRUE,9,FALSE,3,12,Free,High,2
3668,48,Other,Rajshahi,Home,383.85,1,Mobile,Credit Card,FALSE,9,TRUE,2,3,Free,Low,0
3669,67,Female,Khulna,Electronics,142.29,38,Desktop,PayPal,FALSE,3,FALSE,1,1,Trial,High,2
3670,63,Female,Dhaka,Clothing,406.56,13,Mobile,PayPal,FALSE,3,TRUE,1,5,Free,High,2
3671,18,Female,Barisal,Books,870.27,51,Mobile,Bank Transfer,TRUE,9,FALSE,3,5,Premium,Medium,1
3672,62,Other,Sylhet,Toys,152.91,42,Mobile,PayPal,FALSE,1,FALSE,3,7,Trial,Medium,1
3673,53,Male,Chittagong,Groceries,649.01,13,Mobile,Bank Transfer,FALSE,3,TRUE,5,8,Free,Medium,1
3674,32,Female,Barisal,Books,186.58,31,Desktop,PayPal,TRUE,2,FALSE,2,13,Free,Medium,1
3675,54,Female,Chittagong,Beauty,880.59,58,Mobile,Debit Card,TRUE,4,TRUE,3,11,Free,Medium,1
3676,68,Female,Dhaka,Books,912.08,3,Mobile,Cash on Delivery,FALSE,5,FALSE,4,8,Premium,Low,0
3677,47,Female,Khulna,Groceries,466.54,17,Desktop,Debit Card,FALSE,2,TRUE,2,2,Trial,High,2
3678,26,Male,Sylhet,Toys,425.72,12,Tablet,Credit Card,TRUE,2,TRUE,3,7,Trial,High,2
3679,48,Other,Dhaka,Beauty,323.44,20,Desktop,Debit Card,TRUE,3,FALSE,1,3,Free,High,2
3680,58,Other,Khulna,Groceries,773.27,45,Desktop,Cash on Delivery,FALSE,4,FALSE,2,6,Premium,High,2
3681,25,Female,Rajshahi,Clothing,797.53,11,Desktop,Credit Card,TRUE,6,FALSE,4,13,Premium,Low,0
3682,19,Female,Khulna,Toys,950.67,48,Mobile,Credit Card,TRUE,4,FALSE,3,10,Trial,High,2
3683,38,Male,Rangpur,Electronics,892.12,11,Tablet,Credit Card,FALSE,8,FALSE,3,13,Free,Medium,1
3684,66,Female,Mymensingh,Books,179.68,51,Tablet,Debit Card,TRUE,6,TRUE,4,1,Trial,Low,0
3685,36,Male,Khulna,Home,180.01,14,Tablet,Cash on Delivery,TRUE,3,TRUE,5,9,Free,Medium,1
3686,37,Male,Chittagong,Clothing,756.15,57,Mobile,Debit Card,FALSE,2,FALSE,2,12,Trial,High,2
3687,52,Male,Sylhet,Beauty,807.78,38,Mobile,Credit Card,TRUE,1,TRUE,4,4,Premium,Low,0
3688,53,Female,Sylhet,Groceries,314.23,47,Desktop,Bank Transfer,TRUE,1,FALSE,3,4,Trial,Low,0
3689,18,Other,Barisal,Home,505.78,50,Tablet,Bank Transfer,FALSE,8,FALSE,2,7,Trial,Low,0
3690,56,Male,Rangpur,Home,848.3,40,Mobile,Credit Card,TRUE,8,FALSE,5,9,Free,Medium,1
3691,27,Male,Rangpur,Electronics,199.59,36,Mobile,Bank Transfer,TRUE,3,FALSE,2,8,Free,Low,0
3692,55,Other,Sylhet,Books,873.02,47,Desktop,Credit Card,TRUE,1,FALSE,1,11,Premium,Medium,1
3693,48,Other,Mymensingh,Electronics,907.74,52,Mobile,Credit Card,TRUE,4,TRUE,3,10,Premium,Low,0
3694,61,Female,Rajshahi,Toys,522.25,35,Mobile,PayPal,TRUE,8,FALSE,4,13,Trial,Medium,1
3695,62,Female,Rangpur,Home,890.03,50,Tablet,Credit Card,FALSE,5,TRUE,4,13,Free,High,2
3696,30,Male,Dhaka,Home,892.16,20,Desktop,Bank Transfer,TRUE,8,FALSE,4,11,Free,Low,0
3697,60,Other,Dhaka,Beauty,358.31,26,Desktop,PayPal,FALSE,6,FALSE,4,8,Premium,High,2
3698,40,Male,Chittagong,Sports,228.27,1,Mobile,Cash on Delivery,FALSE,4,FALSE,1,5,Free,High,2
3699,37,Other,Barisal,Groceries,631.87,3,Mobile,Credit Card,TRUE,2,FALSE,5,11,Trial,High,2
3700,55,Female,Sylhet,Sports,543.35,19,Tablet,Bank Transfer,FALSE,3,FALSE,3,11,Free,High,2
3701,36,Male,Chittagong,Toys,619.39,41,Tablet,PayPal,TRUE,6,TRUE,3,12,Trial,Low,0
3702,68,Male,Rangpur,Beauty,704.32,23,Mobile,Bank Transfer,FALSE,9,FALSE,3,8,Premium,Low,0
3703,43,Female,Mymensingh,Books,223.01,44,Desktop,Cash on Delivery,TRUE,9,TRUE,3,1,Free,Low,0
3704,61,Female,Sylhet,Books,479.19,35,Tablet,Credit Card,FALSE,7,FALSE,2,12,Free,Low,0
3705,27,Female,Khulna,Groceries,79.81,51,Desktop,Debit Card,FALSE,8,TRUE,4,13,Premium,High,2
3706,50,Female,Mymensingh,Clothing,771.46,44,Desktop,PayPal,FALSE,2,FALSE,1,7,Premium,High,2
3707,66,Female,Dhaka,Beauty,704.34,24,Desktop,Cash on Delivery,TRUE,8,TRUE,4,3,Free,High,2
3708,29,Male,Barisal,Beauty,186.68,36,Mobile,Cash on Delivery,TRUE,2,TRUE,4,4,Free,High,2
3709,67,Male,Barisal,Sports,397.31,11,Desktop,Cash on Delivery,TRUE,6,FALSE,3,7,Trial,High,2
3710,25,Other,Rajshahi,Clothing,103.71,25,Desktop,Bank Transfer,FALSE,2,FALSE,5,4,Trial,Low,0
3711,59,Male,Mymensingh,Beauty,782.23,16,Tablet,Credit Card,FALSE,8,FALSE,5,1,Free,Medium,1
3712,19,Male,Khulna,Beauty,352.45,26,Desktop,Bank Transfer,TRUE,7,FALSE,2,7,Trial,Low,0
3713,46,Male,Dhaka,Books,775.09,2,Tablet,PayPal,FALSE,8,FALSE,3,5,Trial,Medium,1
3714,26,Other,Sylhet,Electronics,423.91,58,Tablet,Cash on Delivery,TRUE,6,FALSE,1,5,Trial,High,2
3715,60,Other,Rajshahi,Beauty,275.59,36,Mobile,Cash on Delivery,TRUE,3,FALSE,5,1,Premium,Low,0
3716,45,Male,Mymensingh,Groceries,864.31,29,Desktop,Credit Card,FALSE,6,TRUE,5,8,Free,Medium,1
3717,57,Other,Rajshahi,Beauty,63.57,27,Desktop,Credit Card,FALSE,7,TRUE,2,8,Premium,Low,0
3718,66,Female,Rajshahi,Toys,190.67,40,Tablet,Cash on Delivery,TRUE,4,TRUE,1,2,Trial,Medium,1
3719,57,Male,Rajshahi,Home,237.7,2,Desktop,Credit Card,TRUE,4,TRUE,3,1,Trial,High,2
3720,24,Other,Dhaka,Toys,161.14,14,Desktop,Credit Card,TRUE,9,TRUE,5,13,Free,Low,0
3721,37,Other,Khulna,Electronics,520.83,54,Desktop,Credit Card,TRUE,1,FALSE,3,1,Premium,Medium,1
3722,55,Female,Barisal,Toys,404.09,49,Mobile,Bank Transfer,TRUE,5,FALSE,1,11,Trial,High,2
3723,47,Female,Rajshahi,Books,639.68,31,Tablet,Cash on Delivery,TRUE,6,TRUE,3,8,Free,Low,0
3724,28,Other,Mymensingh,Home,246.57,48,Tablet,PayPal,TRUE,8,TRUE,3,3,Trial,Low,0
3725,68,Female,Chittagong,Clothing,40.75,54,Mobile,Debit Card,TRUE,7,FALSE,2,13,Trial,Medium,1
3726,48,Other,Rangpur,Books,111.61,1,Tablet,PayPal,TRUE,9,FALSE,4,1,Free,High,2
3727,29,Female,Mymensingh,Groceries,49.07,40,Tablet,Bank Transfer,FALSE,5,FALSE,3,7,Trial,Low,0
3728,43,Female,Barisal,Beauty,403.9,49,Desktop,Cash on Delivery,TRUE,8,FALSE,5,13,Premium,Medium,1
3729,68,Female,Mymensingh,Electronics,17.9,2,Tablet,PayPal,TRUE,4,FALSE,4,9,Trial,Low,0
3730,31,Female,Khulna,Home,854.59,43,Mobile,Debit Card,FALSE,8,FALSE,2,3,Free,Low,0
3731,51,Other,Rangpur,Books,896.16,20,Tablet,Debit Card,TRUE,3,TRUE,1,10,Free,Medium,1
3732,59,Male,Chittagong,Beauty,667.25,22,Mobile,PayPal,FALSE,5,TRUE,2,4,Premium,Low,0
3733,52,Other,Rajshahi,Sports,827.09,12,Desktop,Cash on Delivery,FALSE,5,TRUE,1,7,Free,Low,0
3734,25,Female,Rajshahi,Beauty,844.13,36,Tablet,Credit Card,FALSE,2,TRUE,3,5,Premium,High,2
3735,40,Other,Barisal,Books,439.99,30,Desktop,PayPal,FALSE,3,TRUE,3,4,Premium,High,2
3736,22,Male,Chittagong,Home,316.84,47,Tablet,Bank Transfer,FALSE,2,TRUE,5,7,Free,High,2
3737,29,Other,Sylhet,Groceries,489.04,39,Desktop,Bank Transfer,TRUE,7,FALSE,3,12,Free,Low,0
3738,36,Male,Barisal,Clothing,186.32,27,Tablet,Bank Transfer,FALSE,9,FALSE,3,7,Trial,Medium,1
3739,61,Male,Barisal,Books,938.04,44,Desktop,Credit Card,TRUE,6,TRUE,5,4,Free,Medium,1
3740,64,Male,Mymensingh,Toys,516.39,26,Tablet,Credit Card,TRUE,6,TRUE,4,2,Trial,Medium,1
3741,58,Other,Rangpur,Home,919.73,43,Mobile,Credit Card,FALSE,6,TRUE,5,6,Premium,High,2
3742,33,Female,Khulna,Books,919.9,11,Tablet,PayPal,FALSE,6,FALSE,4,10,Free,Low,0
3743,58,Other,Sylhet,Electronics,633.85,43,Mobile,Debit Card,TRUE,7,TRUE,5,7,Free,Medium,1
3744,38,Male,Rangpur,Clothing,139.32,8,Desktop,Bank Transfer,TRUE,3,TRUE,4,7,Free,High,2
3745,39,Female,Mymensingh,Clothing,778.01,38,Mobile,Bank Transfer,FALSE,2,FALSE,4,5,Premium,High,2
3746,60,Other,Dhaka,Electronics,198.45,14,Mobile,Debit Card,FALSE,9,TRUE,3,10,Free,Medium,1
3747,21,Other,Rajshahi,Clothing,861.44,21,Tablet,Debit Card,FALSE,3,FALSE,2,8,Free,Medium,1
3748,65,Female,Khulna,Beauty,922.24,56,Desktop,Bank Transfer,TRUE,1,FALSE,4,4,Free,High,2
3749,41,Female,Khulna,Electronics,417.87,19,Mobile,PayPal,TRUE,8,FALSE,1,11,Free,High,2
3750,30,Female,Dhaka,Home,870.65,42,Tablet,PayPal,TRUE,5,FALSE,2,8,Trial,Medium,1
3751,54,Female,Barisal,Electronics,53.01,14,Tablet,Bank Transfer,FALSE,2,FALSE,3,1,Trial,Low,0
3752,55,Male,Sylhet,Toys,218.04,54,Tablet,PayPal,FALSE,1,FALSE,5,3,Trial,Low,0
3753,32,Female,Rajshahi,Beauty,352.35,46,Mobile,PayPal,FALSE,8,TRUE,3,3,Trial,High,2
3754,46,Other,Dhaka,Beauty,239.06,39,Mobile,Bank Transfer,TRUE,2,TRUE,1,9,Premium,High,2
3755,48,Other,Mymensingh,Toys,926.26,28,Mobile,Cash on Delivery,TRUE,3,FALSE,4,7,Trial,High,2
3756,48,Male,Dhaka,Sports,777.27,43,Tablet,PayPal,FALSE,9,TRUE,2,11,Free,Low,0
3757,38,Male,Khulna,Clothing,561.09,47,Mobile,Credit Card,FALSE,4,FALSE,1,10,Premium,High,2
3758,49,Male,Chittagong,Toys,743.14,12,Desktop,Cash on Delivery,TRUE,7,FALSE,3,9,Free,High,2
3759,39,Male,Chittagong,Beauty,612.2,47,Tablet,Bank Transfer,FALSE,2,FALSE,5,7,Trial,Medium,1
3760,27,Male,Rajshahi,Groceries,781.5,24,Mobile,PayPal,TRUE,7,FALSE,3,2,Premium,Low,0
3761,45,Other,Chittagong,Home,640.09,5,Mobile,Bank Transfer,TRUE,7,FALSE,5,8,Free,Medium,1
3762,53,Female,Dhaka,Beauty,435.76,37,Desktop,Bank Transfer,FALSE,5,FALSE,4,1,Premium,Medium,1
3763,34,Other,Rangpur,Beauty,395.72,19,Desktop,Cash on Delivery,TRUE,7,TRUE,2,9,Premium,Low,0
3764,58,Female,Rangpur,Beauty,401.78,29,Mobile,PayPal,TRUE,3,FALSE,2,2,Free,Low,0
3765,53,Other,Sylhet,Books,854.97,41,Mobile,Cash on Delivery,FALSE,3,FALSE,3,5,Premium,Medium,1
3766,27,Other,Mymensingh,Sports,165.73,26,Tablet,Bank Transfer,TRUE,3,TRUE,1,10,Free,Low,0
3767,63,Female,Rangpur,Toys,549.73,28,Desktop,Cash on Delivery,FALSE,6,TRUE,5,3,Premium,High,2
3768,62,Other,Khulna,Sports,492.69,5,Tablet,Cash on Delivery,TRUE,9,TRUE,1,1,Premium,Medium,1
3769,54,Female,Chittagong,Beauty,701.05,29,Desktop,Debit Card,TRUE,2,TRUE,2,9,Premium,Medium,1
3770,62,Other,Rajshahi,Home,791.96,53,Desktop,Credit Card,FALSE,6,FALSE,2,5,Free,Low,0
3771,62,Other,Rangpur,Home,499.13,51,Mobile,PayPal,TRUE,7,FALSE,1,2,Premium,Medium,1
3772,55,Male,Sylhet,Clothing,821.56,18,Mobile,Credit Card,FALSE,9,TRUE,1,9,Free,Low,0
3773,27,Female,Rajshahi,Sports,995.07,17,Mobile,Cash on Delivery,TRUE,7,TRUE,4,13,Trial,Low,0
3774,41,Female,Chittagong,Toys,525.4,25,Desktop,PayPal,TRUE,3,TRUE,5,10,Free,Medium,1
3775,19,Male,Dhaka,Books,177.78,1,Tablet,Cash on Delivery,FALSE,6,FALSE,4,6,Trial,Low,0
3776,57,Other,Dhaka,Beauty,74.36,53,Tablet,Cash on Delivery,FALSE,5,FALSE,4,5,Premium,Low,0
3777,61,Male,Rangpur,Beauty,5.54,40,Tablet,Credit Card,TRUE,9,TRUE,3,2,Premium,Medium,1
3778,69,Other,Barisal,Books,229.54,56,Tablet,Credit Card,FALSE,6,FALSE,3,2,Premium,Low,0
3779,42,Male,Dhaka,Toys,568.28,45,Tablet,Debit Card,FALSE,1,TRUE,3,3,Free,Low,0
3780,23,Other,Dhaka,Groceries,110.63,41,Mobile,Bank Transfer,FALSE,4,FALSE,3,5,Free,Low,0
3781,23,Male,Sylhet,Books,832.37,55,Mobile,Cash on Delivery,FALSE,8,FALSE,3,6,Trial,High,2
3782,43,Female,Mymensingh,Beauty,813.96,26,Tablet,Credit Card,TRUE,2,FALSE,5,6,Trial,High,2
3783,29,Male,Rangpur,Home,456.96,53,Mobile,Bank Transfer,TRUE,9,FALSE,2,11,Free,Medium,1
3784,20,Female,Barisal,Toys,654.24,16,Tablet,Credit Card,FALSE,7,FALSE,3,11,Free,High,2
3785,53,Other,Mymensingh,Electronics,72.93,41,Desktop,Credit Card,TRUE,1,FALSE,5,7,Trial,Low,0
3786,20,Female,Barisal,Clothing,719.09,47,Mobile,Cash on Delivery,FALSE,3,TRUE,2,6,Free,Medium,1
3787,22,Male,Dhaka,Home,583.52,11,Mobile,Cash on Delivery,FALSE,9,TRUE,3,5,Trial,Low,0
3788,21,Female,Mymensingh,Electronics,859.88,42,Tablet,Bank Transfer,TRUE,1,FALSE,1,11,Trial,Low,0
3789,28,Female,Rajshahi,Electronics,110.94,23,Mobile,Bank Transfer,FALSE,4,TRUE,5,11,Trial,Low,0
3790,38,Female,Rangpur,Electronics,285.78,26,Mobile,Debit Card,TRUE,8,FALSE,3,12,Trial,Low,0
3791,28,Female,Dhaka,Home,634.01,3,Mobile,Credit Card,TRUE,7,FALSE,2,4,Premium,Medium,1
3792,51,Female,Rajshahi,Sports,518.86,24,Desktop,Debit Card,TRUE,1,TRUE,3,7,Premium,Medium,1
3793,30,Female,Chittagong,Books,628.19,25,Mobile,PayPal,FALSE,3,FALSE,3,10,Premium,Medium,1
3794,59,Female,Sylhet,Toys,538.34,35,Desktop,Cash on Delivery,FALSE,7,TRUE,5,8,Free,High,2
3795,63,Female,Barisal,Toys,474.96,22,Desktop,Cash on Delivery,TRUE,5,TRUE,2,4,Free,Low,0
3796,32,Female,Mymensingh,Toys,847.11,54,Tablet,PayPal,TRUE,4,FALSE,4,12,Premium,Low,0
3797,63,Male,Dhaka,Electronics,759.98,18,Mobile,PayPal,TRUE,7,TRUE,1,5,Premium,Low,0
3798,53,Female,Dhaka,Toys,21.39,25,Mobile,PayPal,TRUE,9,TRUE,1,10,Premium,High,2
3799,28,Other,Rajshahi,Sports,86.76,33,Mobile,Bank Transfer,TRUE,1,TRUE,1,9,Trial,Low,0
3800,41,Male,Rangpur,Clothing,714.91,36,Desktop,PayPal,TRUE,4,FALSE,4,12,Free,Medium,1
3801,42,Other,Barisal,Electronics,841.48,33,Mobile,Credit Card,FALSE,7,FALSE,1,9,Free,Low,0
3802,53,Male,Rajshahi,Groceries,174.35,30,Mobile,Debit Card,FALSE,6,TRUE,1,13,Free,Medium,1
3803,57,Other,Chittagong,Clothing,958.57,8,Desktop,Bank Transfer,TRUE,4,TRUE,1,3,Premium,Medium,1
3804,38,Female,Barisal,Clothing,57.23,15,Mobile,Bank Transfer,FALSE,2,TRUE,1,6,Premium,Medium,1
3805,49,Female,Barisal,Home,379.25,8,Desktop,Credit Card,TRUE,1,FALSE,3,10,Free,High,2
3806,37,Other,Barisal,Groceries,561.26,35,Tablet,Cash on Delivery,TRUE,4,FALSE,3,3,Trial,Medium,1
3807,26,Female,Khulna,Electronics,235.99,30,Tablet,Credit Card,FALSE,1,FALSE,3,8,Free,High,2
3808,50,Other,Barisal,Beauty,980.17,56,Mobile,PayPal,FALSE,3,TRUE,4,4,Trial,Medium,1
3809,23,Female,Dhaka,Beauty,727.45,44,Desktop,Credit Card,FALSE,8,FALSE,5,5,Trial,High,2
3810,64,Other,Chittagong,Books,975.95,30,Tablet,Cash on Delivery,TRUE,8,TRUE,1,8,Free,Low,0
3811,64,Female,Mymensingh,Sports,931.76,50,Mobile,Bank Transfer,TRUE,8,FALSE,4,11,Premium,High,2
3812,51,Male,Chittagong,Groceries,555.35,5,Mobile,Credit Card,TRUE,4,FALSE,5,12,Premium,High,2
3813,29,Female,Rangpur,Clothing,288.58,59,Desktop,Cash on Delivery,FALSE,9,TRUE,4,3,Trial,Medium,1
3814,63,Other,Rajshahi,Home,702.64,4,Tablet,Cash on Delivery,TRUE,1,TRUE,5,6,Premium,Medium,1
3815,65,Female,Mymensingh,Clothing,121.64,44,Desktop,Debit Card,TRUE,2,FALSE,3,10,Premium,Medium,1
3816,60,Female,Mymensingh,Beauty,932.7,8,Tablet,Credit Card,FALSE,1,FALSE,1,12,Premium,High,2
3817,28,Other,Barisal,Home,860.97,17,Mobile,Cash on Delivery,FALSE,9,FALSE,2,11,Trial,Medium,1
3818,25,Female,Khulna,Clothing,418.37,7,Tablet,PayPal,TRUE,9,FALSE,3,3,Free,Medium,1
3819,47,Male,Rajshahi,Toys,482.17,42,Mobile,Debit Card,FALSE,1,FALSE,4,4,Trial,Medium,1
3820,35,Other,Sylhet,Groceries,961.48,19,Tablet,Credit Card,FALSE,6,FALSE,1,6,Trial,Low,0
3821,44,Male,Rajshahi,Clothing,442.86,9,Desktop,PayPal,TRUE,5,TRUE,2,9,Premium,Medium,1
3822,30,Male,Dhaka,Electronics,496.98,4,Mobile,Cash on Delivery,TRUE,1,FALSE,3,13,Trial,Medium,1
3823,54,Other,Rangpur,Toys,252.52,1,Tablet,Debit Card,FALSE,2,FALSE,2,3,Free,Medium,1
3824,62,Other,Barisal,Home,276.44,49,Mobile,Cash on Delivery,FALSE,5,FALSE,2,4,Premium,Medium,1
3825,34,Other,Mymensingh,Home,60.24,48,Desktop,Bank Transfer,FALSE,8,FALSE,1,10,Trial,High,2
3826,51,Male,Barisal,Toys,983.98,34,Desktop,Credit Card,FALSE,8,FALSE,5,3,Free,Low,0
3827,67,Female,Rajshahi,Electronics,218.42,28,Desktop,Credit Card,FALSE,7,FALSE,1,3,Premium,High,2
3828,42,Female,Barisal,Beauty,425.19,12,Mobile,Cash on Delivery,TRUE,5,TRUE,3,3,Trial,Low,0
3829,49,Female,Chittagong,Clothing,939.04,47,Desktop,Credit Card,TRUE,8,TRUE,2,4,Premium,Medium,1
3830,35,Female,Rangpur,Toys,122.28,26,Desktop,PayPal,TRUE,6,FALSE,1,4,Free,Low,0
3831,54,Other,Rangpur,Groceries,406.53,26,Tablet,PayPal,TRUE,6,FALSE,5,3,Free,Medium,1
3832,62,Female,Sylhet,Home,905.53,19,Desktop,Bank Transfer,FALSE,8,TRUE,4,1,Free,Low,0
3833,49,Female,Sylhet,Toys,998.38,51,Tablet,PayPal,TRUE,8,TRUE,4,10,Trial,Medium,1
3834,67,Female,Sylhet,Electronics,84.41,17,Desktop,PayPal,FALSE,2,FALSE,2,11,Trial,High,2
3835,36,Other,Khulna,Sports,440.43,17,Desktop,Debit Card,FALSE,6,TRUE,5,12,Free,High,2
3836,62,Female,Khulna,Electronics,339.43,12,Tablet,Bank Transfer,TRUE,2,FALSE,4,1,Free,Medium,1
3837,36,Female,Sylhet,Electronics,897.83,8,Tablet,Debit Card,TRUE,4,FALSE,2,12,Free,Medium,1
3838,30,Male,Chittagong,Beauty,829.67,50,Desktop,Credit Card,FALSE,5,FALSE,3,11,Free,High,2
3839,39,Other,Barisal,Groceries,463.78,9,Tablet,Bank Transfer,TRUE,3,TRUE,1,1,Trial,High,2
3840,34,Other,Mymensingh,Home,664.73,42,Tablet,Bank Transfer,FALSE,4,TRUE,1,10,Trial,High,2
3841,57,Other,Rajshahi,Clothing,931.29,52,Mobile,Bank Transfer,FALSE,9,FALSE,4,2,Premium,Medium,1
3842,45,Female,Dhaka,Beauty,709.85,13,Tablet,Debit Card,TRUE,5,TRUE,1,4,Free,High,2
3843,50,Female,Sylhet,Beauty,539.38,46,Tablet,Cash on Delivery,TRUE,3,FALSE,3,12,Trial,Low,0
3844,20,Male,Rajshahi,Clothing,15.54,3,Mobile,Debit Card,FALSE,2,TRUE,3,7,Free,Low,0
3845,44,Female,Rajshahi,Groceries,333.6,35,Tablet,Debit Card,FALSE,9,FALSE,4,12,Trial,Medium,1
3846,53,Female,Rajshahi,Electronics,900.29,14,Desktop,Cash on Delivery,TRUE,5,TRUE,1,5,Free,High,2
3847,18,Other,Khulna,Sports,288.15,53,Tablet,Cash on Delivery,FALSE,9,FALSE,1,1,Trial,Low,0
3848,55,Other,Rajshahi,Clothing,155.62,51,Tablet,Cash on Delivery,FALSE,4,FALSE,2,13,Trial,High,2
3849,38,Male,Sylhet,Electronics,312.45,5,Mobile,Debit Card,TRUE,9,FALSE,2,10,Premium,High,2
3850,21,Male,Barisal,Beauty,531.44,21,Tablet,Bank Transfer,FALSE,1,FALSE,5,13,Trial,Low,0
3851,56,Male,Chittagong,Books,666.96,29,Tablet,Cash on Delivery,FALSE,8,TRUE,1,6,Free,Medium,1
3852,63,Other,Dhaka,Home,849.66,15,Desktop,Cash on Delivery,TRUE,2,TRUE,3,7,Trial,Medium,1
3853,64,Other,Chittagong,Electronics,528.23,37,Desktop,Bank Transfer,FALSE,2,TRUE,3,11,Trial,Medium,1
3854,21,Male,Rangpur,Books,459.11,3,Tablet,Cash on Delivery,FALSE,6,FALSE,3,8,Premium,High,2
3855,51,Other,Sylhet,Clothing,604.82,48,Desktop,Cash on Delivery,TRUE,8,FALSE,3,2,Premium,Medium,1
3856,42,Male,Dhaka,Sports,294.23,24,Tablet,Bank Transfer,FALSE,2,FALSE,1,2,Premium,Medium,1
3857,52,Other,Rangpur,Clothing,951.55,35,Tablet,Cash on Delivery,TRUE,8,FALSE,5,3,Trial,Medium,1
3858,22,Other,Chittagong,Toys,665.88,45,Mobile,PayPal,TRUE,4,FALSE,2,1,Free,High,2
3859,25,Male,Dhaka,Sports,708.05,45,Desktop,Credit Card,FALSE,5,TRUE,3,3,Trial,High,2
3860,54,Female,Dhaka,Home,926.16,41,Tablet,Bank Transfer,TRUE,3,TRUE,1,10,Free,High,2
3861,50,Male,Chittagong,Clothing,689.12,12,Mobile,Credit Card,TRUE,5,TRUE,2,5,Premium,High,2
3862,41,Male,Sylhet,Books,742.76,6,Mobile,Debit Card,TRUE,9,FALSE,2,12,Premium,Medium,1
3863,34,Male,Rangpur,Toys,380.18,10,Mobile,PayPal,TRUE,9,TRUE,1,8,Premium,Low,0
3864,21,Female,Chittagong,Clothing,422.48,24,Tablet,Cash on Delivery,FALSE,8,FALSE,5,6,Free,High,2
3865,33,Other,Mymensingh,Groceries,226.78,19,Tablet,PayPal,TRUE,6,FALSE,4,12,Premium,Low,0
3866,23,Other,Chittagong,Electronics,619.55,4,Tablet,Debit Card,FALSE,7,TRUE,5,7,Trial,High,2
3867,49,Male,Khulna,Clothing,642.19,29,Mobile,Debit Card,TRUE,7,FALSE,1,6,Free,Medium,1
3868,58,Female,Sylhet,Groceries,339.33,20,Tablet,Bank Transfer,FALSE,4,FALSE,3,9,Trial,High,2
3869,36,Male,Rajshahi,Home,907.82,16,Tablet,PayPal,TRUE,6,FALSE,3,7,Free,Low,0
3870,31,Other,Khulna,Books,511.3,53,Tablet,Cash on Delivery,FALSE,6,TRUE,4,3,Trial,Medium,1
3871,63,Female,Dhaka,Electronics,944.17,6,Desktop,Cash on Delivery,FALSE,7,FALSE,3,4,Trial,Medium,1
3872,67,Male,Chittagong,Books,976.64,54,Mobile,Credit Card,TRUE,7,FALSE,4,7,Free,High,2
3873,24,Other,Dhaka,Electronics,708.32,3,Tablet,PayPal,FALSE,1,TRUE,5,10,Premium,Medium,1
3874,43,Female,Barisal,Electronics,917.29,12,Desktop,Bank Transfer,TRUE,4,FALSE,1,8,Trial,Medium,1
3875,56,Female,Sylhet,Home,304.35,54,Mobile,PayPal,TRUE,2,FALSE,1,8,Free,Medium,1
3876,56,Female,Mymensingh,Sports,280.72,52,Desktop,Debit Card,FALSE,1,TRUE,5,6,Trial,Low,0
3877,25,Other,Khulna,Toys,598.87,53,Desktop,PayPal,FALSE,2,TRUE,1,13,Premium,High,2
3878,50,Female,Rangpur,Sports,777.29,49,Tablet,Cash on Delivery,TRUE,3,FALSE,5,7,Premium,Medium,1
3879,48,Other,Chittagong,Books,86.88,14,Desktop,Debit Card,TRUE,8,TRUE,5,12,Free,High,2
3880,51,Other,Sylhet,Toys,668.31,8,Tablet,Cash on Delivery,TRUE,8,TRUE,1,3,Free,Low,0
3881,21,Other,Khulna,Toys,967.31,26,Tablet,Cash on Delivery,TRUE,7,TRUE,3,5,Free,High,2
3882,67,Other,Khulna,Electronics,509.71,2,Mobile,Debit Card,FALSE,4,TRUE,4,1,Trial,Medium,1
3883,36,Male,Mymensingh,Electronics,751.75,4,Tablet,Credit Card,TRUE,3,FALSE,1,13,Trial,High,2
3884,25,Other,Dhaka,Groceries,535.9,23,Desktop,Bank Transfer,TRUE,7,FALSE,2,2,Premium,High,2
3885,58,Other,Mymensingh,Groceries,188.33,5,Mobile,Credit Card,FALSE,8,FALSE,1,13,Premium,High,2
3886,38,Female,Chittagong,Home,477.8,32,Desktop,Debit Card,TRUE,5,FALSE,3,1,Trial,Low,0
3887,32,Female,Rangpur,Clothing,993.69,48,Desktop,Credit Card,TRUE,2,TRUE,1,7,Premium,Medium,1
3888,52,Male,Rajshahi,Electronics,128.57,50,Mobile,PayPal,TRUE,6,FALSE,2,5,Free,High,2
3889,26,Male,Chittagong,Groceries,455.57,18,Desktop,Bank Transfer,TRUE,7,FALSE,4,3,Premium,Low,0
3890,57,Female,Mymensingh,Books,668.06,42,Desktop,Cash on Delivery,FALSE,7,FALSE,4,9,Premium,Low,0
3891,34,Female,Dhaka,Toys,308.66,57,Tablet,Bank Transfer,FALSE,2,FALSE,5,10,Premium,Low,0
3892,66,Other,Mymensingh,Groceries,12.34,59,Mobile,Cash on Delivery,TRUE,3,FALSE,1,5,Free,Medium,1
3893,39,Female,Sylhet,Home,690.9,16,Tablet,PayPal,TRUE,9,FALSE,2,10,Free,High,2
3894,29,Other,Rangpur,Clothing,466.19,12,Desktop,Cash on Delivery,FALSE,3,TRUE,5,3,Premium,Medium,1
3895,33,Other,Rangpur,Clothing,440.28,27,Desktop,Cash on Delivery,TRUE,9,TRUE,2,11,Free,Medium,1
3896,55,Male,Rangpur,Home,473.58,53,Desktop,Credit Card,TRUE,5,TRUE,1,5,Trial,Medium,1
3897,61,Female,Mymensingh,Electronics,73.58,1,Tablet,Credit Card,TRUE,7,FALSE,4,10,Trial,High,2
3898,49,Female,Khulna,Sports,367.29,50,Mobile,Cash on Delivery,FALSE,8,TRUE,1,5,Free,Low,0
3899,47,Other,Rangpur,Toys,531.46,35,Tablet,Bank Transfer,FALSE,7,TRUE,4,7,Premium,Low,0
3900,58,Other,Barisal,Sports,113.95,59,Tablet,PayPal,TRUE,5,TRUE,1,5,Trial,High,2
3901,33,Other,Mymensingh,Groceries,300.35,47,Desktop,PayPal,FALSE,4,FALSE,5,12,Trial,Medium,1
3902,31,Male,Barisal,Beauty,906.85,21,Mobile,PayPal,TRUE,1,TRUE,4,13,Free,Medium,1
3903,42,Female,Chittagong,Electronics,599.4,3,Tablet,PayPal,TRUE,9,FALSE,5,8,Free,Low,0
3904,32,Female,Sylhet,Sports,260.77,40,Tablet,Debit Card,FALSE,5,FALSE,4,3,Trial,Low,0
3905,51,Other,Rajshahi,Clothing,830.41,24,Desktop,Credit Card,TRUE,1,TRUE,5,4,Trial,Low,0
3906,35,Female,Rangpur,Books,537.6,42,Tablet,PayPal,TRUE,2,TRUE,1,11,Premium,Low,0
3907,43,Other,Sylhet,Sports,97.95,2,Tablet,Bank Transfer,FALSE,3,FALSE,5,2,Trial,Low,0
3908,51,Other,Barisal,Toys,143.75,53,Tablet,PayPal,TRUE,8,FALSE,3,11,Trial,Medium,1
3909,42,Female,Rajshahi,Home,610.29,56,Mobile,PayPal,TRUE,1,TRUE,5,9,Premium,Low,0
3910,49,Female,Rajshahi,Home,182.94,17,Mobile,PayPal,FALSE,1,FALSE,5,11,Free,Medium,1
3911,34,Other,Dhaka,Clothing,94.11,59,Tablet,Debit Card,FALSE,6,FALSE,4,2,Trial,High,2
3912,40,Female,Dhaka,Electronics,701.76,22,Mobile,Credit Card,TRUE,7,TRUE,2,6,Free,High,2
3913,56,Other,Rajshahi,Toys,713.97,53,Desktop,Debit Card,FALSE,2,TRUE,2,1,Free,Medium,1
3914,40,Other,Rangpur,Groceries,853.46,31,Desktop,Bank Transfer,TRUE,1,FALSE,1,5,Premium,Low,0
3915,22,Male,Mymensingh,Home,331.04,59,Mobile,Cash on Delivery,FALSE,6,FALSE,5,6,Free,Low,0
3916,32,Other,Dhaka,Toys,917.93,5,Mobile,Cash on Delivery,FALSE,8,FALSE,1,5,Free,Low,0
3917,43,Other,Rajshahi,Toys,338.96,55,Mobile,Credit Card,FALSE,3,TRUE,1,11,Premium,Low,0
3918,49,Other,Khulna,Home,167.51,3,Mobile,Credit Card,FALSE,5,TRUE,2,2,Trial,Medium,1
3919,46,Female,Rajshahi,Books,727.74,57,Desktop,PayPal,FALSE,1,FALSE,4,4,Trial,Medium,1
3920,45,Male,Rajshahi,Electronics,883.13,29,Desktop,PayPal,FALSE,2,FALSE,1,4,Trial,Medium,1
3921,53,Male,Chittagong,Books,95.39,23,Mobile,PayPal,TRUE,9,FALSE,1,7,Free,Low,0
3922,60,Male,Rajshahi,Sports,296.87,53,Desktop,Credit Card,FALSE,2,FALSE,4,2,Free,Low,0
3923,45,Female,Khulna,Sports,106.44,35,Tablet,Cash on Delivery,FALSE,3,TRUE,2,7,Premium,Low,0
3924,63,Female,Chittagong,Sports,249.96,47,Tablet,Debit Card,TRUE,4,TRUE,3,2,Trial,High,2
3925,20,Other,Khulna,Home,16.88,36,Tablet,Credit Card,TRUE,7,TRUE,4,1,Premium,High,2
3926,60,Male,Chittagong,Home,466.46,58,Tablet,Bank Transfer,FALSE,2,TRUE,4,8,Premium,Low,0
3927,62,Other,Khulna,Books,894.89,10,Tablet,Debit Card,TRUE,9,TRUE,1,9,Trial,Low,0
3928,53,Other,Chittagong,Electronics,985.58,3,Desktop,Debit Card,FALSE,6,TRUE,3,5,Premium,High,2
3929,21,Male,Mymensingh,Home,763.8,57,Tablet,Debit Card,TRUE,8,TRUE,4,3,Premium,Low,0
3930,55,Female,Rangpur,Toys,671.03,22,Tablet,Credit Card,TRUE,9,FALSE,2,7,Trial,High,2
3931,57,Other,Rajshahi,Toys,239.19,19,Mobile,Bank Transfer,FALSE,3,FALSE,5,13,Free,Medium,1
3932,62,Male,Rangpur,Sports,458.41,53,Tablet,PayPal,FALSE,2,FALSE,2,6,Trial,Medium,1
3933,59,Other,Chittagong,Toys,810.55,10,Tablet,Credit Card,TRUE,5,TRUE,4,11,Premium,Medium,1
3934,42,Male,Mymensingh,Sports,341.27,48,Desktop,Credit Card,TRUE,8,TRUE,4,2,Trial,Low,0
3935,28,Other,Sylhet,Beauty,203.73,8,Tablet,PayPal,FALSE,1,FALSE,2,9,Premium,High,2
3936,38,Male,Chittagong,Electronics,163.05,12,Mobile,PayPal,TRUE,2,FALSE,4,10,Premium,High,2
3937,39,Other,Rangpur,Home,264.61,20,Tablet,PayPal,TRUE,4,TRUE,2,1,Free,High,2
3938,64,Other,Rangpur,Electronics,207.97,28,Mobile,Credit Card,FALSE,6,TRUE,1,13,Trial,High,2
3939,62,Female,Rangpur,Toys,155.49,44,Mobile,Bank Transfer,FALSE,6,FALSE,4,10,Free,High,2
3940,44,Male,Chittagong,Clothing,589.15,5,Tablet,Debit Card,TRUE,4,TRUE,4,13,Premium,Low,0
3941,55,Female,Rajshahi,Clothing,223.63,49,Desktop,Credit Card,FALSE,1,FALSE,4,9,Premium,Low,0
3942,69,Other,Barisal,Toys,178.95,18,Desktop,Debit Card,FALSE,3,TRUE,1,11,Premium,Medium,1
3943,60,Female,Rangpur,Books,577.41,44,Tablet,Credit Card,FALSE,2,FALSE,4,7,Free,Low,0
3944,44,Male,Chittagong,Toys,944.92,35,Tablet,Debit Card,TRUE,4,TRUE,5,2,Premium,High,2
3945,20,Female,Rajshahi,Toys,875.71,30,Desktop,PayPal,FALSE,3,TRUE,3,12,Premium,High,2
3946,49,Female,Barisal,Sports,644.7,34,Tablet,Debit Card,TRUE,7,TRUE,1,8,Trial,High,2
3947,23,Female,Khulna,Electronics,667.6,25,Tablet,Debit Card,FALSE,9,TRUE,2,7,Trial,Low,0
3948,52,Female,Chittagong,Groceries,541.17,24,Tablet,PayPal,TRUE,4,FALSE,5,1,Free,Medium,1
3949,19,Male,Khulna,Toys,310.65,29,Mobile,Debit Card,TRUE,6,FALSE,5,2,Free,High,2
3950,57,Male,Chittagong,Books,803.03,22,Desktop,PayPal,TRUE,8,TRUE,2,10,Trial,High,2
3951,30,Female,Chittagong,Clothing,223.44,15,Tablet,Cash on Delivery,TRUE,5,TRUE,3,3,Free,Low,0
3952,53,Female,Sylhet,Books,235.94,57,Mobile,PayPal,TRUE,2,FALSE,1,13,Free,Low,0
3953,47,Female,Khulna,Beauty,549.39,44,Desktop,Debit Card,FALSE,6,FALSE,1,2,Premium,Low,0
3954,67,Other,Dhaka,Toys,236.58,34,Desktop,PayPal,TRUE,4,FALSE,2,10,Premium,Medium,1
3955,44,Female,Rangpur,Sports,187.9,58,Desktop,Credit Card,FALSE,2,FALSE,2,6,Free,Low,0
3956,31,Female,Rangpur,Books,33.67,29,Mobile,Credit Card,TRUE,9,TRUE,5,7,Premium,High,2
3957,67,Other,Barisal,Clothing,831.8,52,Desktop,Credit Card,FALSE,9,FALSE,4,5,Premium,Low,0
3958,63,Other,Chittagong,Clothing,455.65,39,Tablet,Cash on Delivery,TRUE,3,FALSE,1,6,Free,Medium,1
3959,36,Female,Mymensingh,Toys,481.6,30,Tablet,Bank Transfer,TRUE,1,TRUE,2,11,Premium,High,2
3960,38,Male,Rajshahi,Groceries,368.13,47,Desktop,Cash on Delivery,FALSE,8,TRUE,3,11,Trial,Medium,1
3961,59,Male,Rajshahi,Electronics,620.39,43,Desktop,Credit Card,TRUE,6,TRUE,1,10,Premium,Medium,1
3962,42,Other,Mymensingh,Books,276.5,29,Mobile,Bank Transfer,TRUE,1,TRUE,4,2,Premium,Medium,1
3963,60,Male,Dhaka,Home,944.66,34,Desktop,Debit Card,FALSE,6,FALSE,2,6,Premium,Medium,1
3964,69,Female,Rangpur,Clothing,276.45,25,Desktop,PayPal,FALSE,2,TRUE,1,13,Trial,Low,0
3965,37,Male,Chittagong,Toys,471.36,51,Tablet,Debit Card,TRUE,7,FALSE,3,5,Trial,High,2
3966,31,Female,Mymensingh,Electronics,680.68,53,Mobile,Bank Transfer,TRUE,9,TRUE,4,3,Premium,Medium,1
3967,50,Male,Chittagong,Groceries,575.08,48,Mobile,PayPal,TRUE,1,TRUE,3,9,Premium,Medium,1
3968,46,Other,Rajshahi,Electronics,542.64,27,Tablet,Cash on Delivery,FALSE,6,FALSE,1,11,Free,Medium,1
3969,22,Male,Barisal,Electronics,346.26,29,Tablet,Credit Card,FALSE,8,FALSE,2,11,Free,Medium,1
3970,60,Male,Sylhet,Toys,593.87,31,Mobile,Debit Card,TRUE,4,FALSE,5,3,Trial,Medium,1
3971,54,Female,Dhaka,Beauty,971.79,11,Mobile,Cash on Delivery,TRUE,1,FALSE,2,3,Trial,Low,0
3972,67,Male,Rangpur,Toys,927.2,48,Tablet,Cash on Delivery,TRUE,9,TRUE,2,11,Free,Low,0
3973,33,Male,Rajshahi,Clothing,166.74,33,Tablet,Cash on Delivery,FALSE,7,TRUE,3,5,Trial,Medium,1
3974,63,Female,Dhaka,Home,211.74,59,Mobile,Credit Card,TRUE,1,FALSE,2,9,Trial,High,2
3975,18,Male,Rangpur,Beauty,181.45,12,Desktop,Cash on Delivery,FALSE,1,FALSE,2,10,Free,Low,0
3976,34,Female,Rajshahi,Home,354.61,24,Mobile,PayPal,FALSE,2,FALSE,4,12,Premium,Low,0
3977,18,Female,Mymensingh,Books,918.41,21,Tablet,Credit Card,FALSE,9,TRUE,1,1,Trial,Medium,1
3978,54,Female,Chittagong,Beauty,363.06,46,Mobile,PayPal,FALSE,7,FALSE,2,10,Free,Low,0
3979,39,Male,Chittagong,Sports,48.28,2,Desktop,Bank Transfer,FALSE,1,TRUE,1,8,Premium,Low,0
3980,32,Other,Dhaka,Books,382.76,47,Desktop,Credit Card,TRUE,8,FALSE,2,1,Premium,High,2
3981,19,Male,Mymensingh,Clothing,58.46,23,Tablet,PayPal,TRUE,1,TRUE,5,10,Trial,High,2
3982,49,Male,Rangpur,Beauty,290.74,22,Mobile,Bank Transfer,FALSE,2,TRUE,2,12,Free,Low,0
3983,33,Female,Barisal,Electronics,40.88,46,Desktop,Cash on Delivery,FALSE,3,FALSE,3,12,Premium,Low,0
3984,37,Female,Rajshahi,Sports,103.07,41,Tablet,PayPal,FALSE,1,TRUE,2,3,Free,High,2
3985,69,Other,Rajshahi,Toys,948.92,50,Tablet,Credit Card,FALSE,5,FALSE,2,5,Free,High,2
3986,18,Other,Chittagong,Beauty,538.12,45,Desktop,Cash on Delivery,FALSE,3,FALSE,5,8,Trial,Low,0
3987,26,Female,Khulna,Sports,6.34,23,Tablet,Bank Transfer,FALSE,2,FALSE,2,1,Free,Low,0
3988,57,Female,Rajshahi,Toys,302.6,33,Mobile,Bank Transfer,TRUE,6,TRUE,5,8,Trial,Medium,1
3989,29,Male,Rangpur,Books,902.68,1,Mobile,Bank Transfer,FALSE,8,TRUE,3,13,Premium,High,2
3990,46,Male,Barisal,Home,175.67,42,Tablet,Credit Card,FALSE,6,TRUE,2,8,Free,Low,0
3991,44,Female,Sylhet,Sports,722.64,8,Tablet,Bank Transfer,TRUE,5,FALSE,4,4,Trial,High,2
3992,69,Other,Rangpur,Electronics,952.13,53,Mobile,Cash on Delivery,TRUE,4,TRUE,3,10,Free,Low,0
3993,52,Other,Sylhet,Home,274.9,55,Desktop,Credit Card,TRUE,3,TRUE,1,2,Free,Low,0
3994,34,Other,Chittagong,Clothing,921.56,22,Mobile,Bank Transfer,FALSE,8,FALSE,5,3,Free,High,2
3995,58,Female,Rangpur,Books,270.1,47,Mobile,Credit Card,TRUE,1,TRUE,5,13,Premium,High,2
3996,20,Male,Sylhet,Beauty,65.4,49,Desktop,Credit Card,TRUE,8,FALSE,2,13,Free,High,2
3997,63,Other,Rangpur,Electronics,190.24,31,Mobile,PayPal,FALSE,4,TRUE,4,1,Premium,Medium,1
3998,23,Female,Rangpur,Beauty,326.28,22,Desktop,Credit Card,TRUE,7,FALSE,2,6,Free,Low,0
3999,50,Female,Sylhet,Toys,454.37,21,Mobile,Cash on Delivery,FALSE,2,FALSE,5,2,Trial,Medium,1
4000,43,Female,Rajshahi,Home,332.55,44,Desktop,Debit Card,FALSE,5,TRUE,5,10,Free,High,2
4001,69,Other,Chittagong,Books,981.46,31,Desktop,Bank Transfer,FALSE,6,TRUE,1,6,Premium,Low,0
4002,25,Other,Chittagong,Beauty,186.63,24,Mobile,Debit Card,FALSE,6,FALSE,4,13,Trial,High,2
4003,57,Male,Sylhet,Beauty,291.81,20,Mobile,PayPal,FALSE,2,TRUE,5,10,Trial,Low,0
4004,21,Female,Dhaka,Groceries,246.46,58,Mobile,Cash on Delivery,FALSE,5,FALSE,5,12,Trial,Low,0
4005,53,Other,Mymensingh,Clothing,147.15,51,Desktop,PayPal,FALSE,1,TRUE,5,13,Premium,High,2
4006,25,Male,Mymensingh,Beauty,402,34,Mobile,Credit Card,FALSE,9,TRUE,3,2,Premium,High,2
4007,20,Male,Dhaka,Books,600.69,54,Mobile,Bank Transfer,FALSE,1,TRUE,4,2,Trial,High,2
4008,32,Female,Chittagong,Groceries,337.33,9,Mobile,PayPal,TRUE,7,FALSE,2,13,Premium,Medium,1
4009,29,Female,Sylhet,Home,637.19,14,Mobile,Cash on Delivery,TRUE,6,FALSE,4,1,Trial,Medium,1
4010,37,Other,Chittagong,Books,471.63,25,Tablet,Bank Transfer,FALSE,9,FALSE,3,4,Free,Medium,1
4011,29,Female,Khulna,Clothing,614.75,28,Tablet,PayPal,TRUE,3,FALSE,4,6,Free,Low,0
4012,61,Female,Mymensingh,Beauty,735.61,52,Tablet,Credit Card,FALSE,1,TRUE,1,7,Trial,Medium,1
4013,53,Male,Rangpur,Groceries,72.97,15,Mobile,PayPal,TRUE,7,TRUE,1,3,Premium,High,2
4014,48,Male,Dhaka,Clothing,51.11,10,Mobile,Cash on Delivery,TRUE,8,TRUE,5,9,Free,Low,0
4015,34,Male,Chittagong,Groceries,453.11,34,Mobile,Credit Card,FALSE,2,FALSE,1,1,Premium,High,2
4016,38,Female,Mymensingh,Toys,911.44,6,Mobile,Credit Card,TRUE,8,TRUE,1,13,Premium,Medium,1
4017,69,Male,Dhaka,Toys,301.11,31,Mobile,Debit Card,TRUE,5,FALSE,1,1,Free,Low,0
4018,47,Male,Dhaka,Clothing,881.16,46,Desktop,Credit Card,FALSE,5,FALSE,5,6,Free,High,2
4019,19,Other,Dhaka,Groceries,205.26,25,Desktop,Credit Card,TRUE,7,FALSE,3,2,Premium,High,2
4020,66,Male,Dhaka,Toys,539.27,20,Desktop,Credit Card,TRUE,6,FALSE,5,8,Free,High,2
4021,66,Female,Rangpur,Groceries,984.32,49,Tablet,PayPal,TRUE,1,TRUE,5,1,Premium,Low,0
4022,57,Other,Barisal,Electronics,402.47,56,Tablet,Bank Transfer,TRUE,9,TRUE,2,1,Trial,High,2
4023,56,Other,Rangpur,Books,417.05,3,Mobile,Credit Card,FALSE,9,TRUE,5,6,Trial,Low,0
4024,36,Male,Mymensingh,Toys,952.05,39,Mobile,Bank Transfer,TRUE,7,TRUE,1,7,Free,Medium,1
4025,61,Other,Dhaka,Clothing,538.78,50,Desktop,Credit Card,TRUE,9,TRUE,5,6,Premium,Low,0
4026,62,Female,Barisal,Electronics,556.89,56,Desktop,Bank Transfer,FALSE,7,FALSE,1,7,Free,High,2
4027,65,Male,Rangpur,Books,518.28,57,Desktop,Cash on Delivery,TRUE,6,FALSE,4,13,Free,Low,0
4028,19,Other,Mymensingh,Sports,51.52,30,Mobile,PayPal,FALSE,9,FALSE,5,11,Free,Medium,1
4029,67,Female,Chittagong,Home,731.13,2,Desktop,Cash on Delivery,FALSE,3,FALSE,1,2,Premium,Medium,1
4030,58,Female,Rajshahi,Sports,898.4,57,Desktop,Bank Transfer,TRUE,9,FALSE,4,5,Free,Low,0
4031,64,Female,Chittagong,Clothing,399.47,12,Desktop,Credit Card,FALSE,1,TRUE,4,12,Free,High,2
4032,29,Female,Mymensingh,Books,745.4,46,Desktop,Credit Card,TRUE,3,FALSE,3,5,Premium,Medium,1
4033,25,Other,Mymensingh,Groceries,874.25,33,Tablet,PayPal,TRUE,4,FALSE,1,3,Premium,Low,0
4034,28,Female,Khulna,Groceries,133.25,32,Desktop,Debit Card,TRUE,3,FALSE,3,1,Premium,Low,0
4035,43,Female,Barisal,Books,411.95,54,Desktop,Debit Card,TRUE,5,FALSE,4,2,Free,High,2
4036,27,Female,Chittagong,Sports,666.82,10,Mobile,PayPal,TRUE,7,FALSE,3,12,Premium,High,2
4037,18,Male,Rangpur,Sports,770.78,6,Mobile,Bank Transfer,FALSE,5,TRUE,2,5,Trial,High,2
4038,47,Other,Sylhet,Electronics,536.7,31,Desktop,PayPal,FALSE,9,FALSE,4,9,Trial,High,2
4039,27,Other,Khulna,Toys,586.7,49,Tablet,Bank Transfer,FALSE,8,TRUE,4,10,Free,High,2
4040,26,Male,Rangpur,Books,852.96,10,Tablet,Debit Card,TRUE,4,TRUE,1,1,Trial,High,2
4041,56,Other,Rajshahi,Books,71.58,20,Desktop,Bank Transfer,FALSE,4,TRUE,4,12,Premium,Medium,1
4042,28,Female,Rajshahi,Toys,860.34,26,Tablet,PayPal,TRUE,3,FALSE,3,1,Premium,Medium,1
4043,43,Other,Khulna,Sports,269.3,58,Mobile,PayPal,FALSE,2,TRUE,3,10,Trial,Medium,1
4044,22,Female,Chittagong,Home,842.88,19,Mobile,Cash on Delivery,TRUE,4,FALSE,5,1,Free,Low,0
4045,62,Male,Dhaka,Groceries,836.06,18,Tablet,Cash on Delivery,TRUE,3,TRUE,4,10,Premium,Low,0
4046,32,Male,Rajshahi,Home,44.03,54,Mobile,Debit Card,TRUE,6,FALSE,3,12,Premium,Low,0
4047,22,Other,Barisal,Toys,510,55,Mobile,Debit Card,FALSE,4,FALSE,4,12,Premium,Medium,1
4048,28,Male,Khulna,Sports,441.81,47,Tablet,Cash on Delivery,TRUE,9,TRUE,5,1,Free,Low,0
4049,30,Other,Barisal,Clothing,967.04,49,Mobile,Credit Card,FALSE,7,FALSE,5,5,Free,Medium,1
4050,40,Other,Chittagong,Books,557.44,32,Tablet,Bank Transfer,TRUE,6,FALSE,5,11,Premium,Medium,1
4051,39,Male,Rajshahi,Toys,266.6,44,Desktop,PayPal,FALSE,9,TRUE,3,12,Free,Medium,1
4052,57,Other,Dhaka,Home,293.13,43,Mobile,Debit Card,TRUE,3,TRUE,1,4,Trial,High,2
4053,69,Male,Mymensingh,Sports,598.74,38,Tablet,Credit Card,FALSE,1,TRUE,5,13,Free,Low,0
4054,56,Male,Rangpur,Sports,871.34,39,Tablet,Bank Transfer,TRUE,1,FALSE,4,8,Premium,High,2
4055,26,Female,Rangpur,Toys,601.56,53,Mobile,Bank Transfer,TRUE,9,TRUE,3,3,Free,Medium,1
4056,19,Female,Rajshahi,Beauty,758.14,42,Mobile,PayPal,FALSE,5,FALSE,2,2,Premium,High,2
4057,34,Male,Rajshahi,Clothing,486.52,39,Mobile,Debit Card,TRUE,7,TRUE,2,10,Trial,Medium,1
4058,55,Male,Dhaka,Books,22.05,45,Tablet,Debit Card,FALSE,1,FALSE,1,4,Free,Medium,1
4059,56,Female,Sylhet,Clothing,863.09,51,Tablet,Debit Card,TRUE,4,FALSE,4,13,Trial,Low,0
4060,22,Female,Khulna,Clothing,189.22,8,Mobile,Bank Transfer,FALSE,5,FALSE,1,3,Free,Low,0
4061,44,Other,Dhaka,Electronics,239.62,45,Desktop,Cash on Delivery,FALSE,7,FALSE,2,10,Premium,Medium,1
4062,69,Other,Dhaka,Beauty,536.74,47,Desktop,Credit Card,FALSE,8,FALSE,2,6,Premium,High,2
4063,18,Male,Khulna,Books,617.71,14,Tablet,PayPal,FALSE,5,TRUE,1,10,Free,Low,0
4064,20,Other,Chittagong,Groceries,915.8,59,Mobile,Bank Transfer,FALSE,3,FALSE,4,13,Free,Medium,1
4065,34,Other,Chittagong,Books,953.21,17,Mobile,Bank Transfer,TRUE,8,TRUE,5,7,Trial,Medium,1
4066,31,Other,Khulna,Electronics,484.33,29,Tablet,Credit Card,FALSE,1,TRUE,3,4,Premium,Medium,1
4067,22,Male,Barisal,Electronics,745.25,8,Desktop,PayPal,FALSE,1,FALSE,3,9,Free,Medium,1
4068,31,Other,Rajshahi,Groceries,995.22,47,Desktop,Cash on Delivery,TRUE,4,TRUE,3,6,Trial,Medium,1
4069,63,Female,Chittagong,Electronics,745.14,41,Desktop,Debit Card,FALSE,4,TRUE,4,3,Trial,High,2
4070,18,Male,Khulna,Home,815.63,44,Mobile,Debit Card,TRUE,4,FALSE,5,2,Premium,Low,0
4071,31,Female,Mymensingh,Home,344.58,36,Tablet,Bank Transfer,FALSE,8,TRUE,2,12,Trial,Low,0
4072,23,Male,Barisal,Groceries,180.43,12,Tablet,Cash on Delivery,FALSE,2,FALSE,5,4,Trial,Medium,1
4073,54,Female,Barisal,Electronics,134.07,3,Desktop,Cash on Delivery,TRUE,6,FALSE,5,5,Premium,Low,0
4074,43,Male,Sylhet,Sports,838.5,38,Tablet,PayPal,FALSE,8,TRUE,2,13,Trial,Low,0
4075,67,Female,Chittagong,Electronics,183.43,34,Desktop,Bank Transfer,FALSE,1,TRUE,5,11,Trial,Medium,1
4076,63,Other,Mymensingh,Clothing,299.04,44,Tablet,Debit Card,TRUE,6,TRUE,2,1,Free,High,2
4077,39,Male,Rajshahi,Clothing,640.07,25,Mobile,Credit Card,TRUE,6,TRUE,5,6,Trial,High,2
4078,68,Female,Rangpur,Beauty,356.18,55,Mobile,Debit Card,TRUE,4,TRUE,5,4,Premium,High,2
4079,63,Other,Mymensingh,Electronics,467.96,18,Tablet,Cash on Delivery,TRUE,4,FALSE,5,1,Trial,Medium,1
4080,43,Female,Dhaka,Sports,370.76,5,Mobile,Bank Transfer,TRUE,4,TRUE,4,7,Premium,Low,0
4081,63,Male,Khulna,Books,480.71,44,Tablet,Bank Transfer,TRUE,8,FALSE,2,4,Free,Medium,1
4082,56,Female,Chittagong,Beauty,434.08,27,Tablet,Bank Transfer,TRUE,4,FALSE,4,8,Premium,Medium,1
4083,22,Female,Barisal,Beauty,987.62,24,Desktop,Bank Transfer,FALSE,3,FALSE,2,11,Premium,Low,0
4084,25,Male,Sylhet,Books,296.45,22,Mobile,Cash on Delivery,FALSE,4,TRUE,5,6,Trial,High,2
4085,43,Female,Rajshahi,Electronics,464.04,36,Tablet,Debit Card,TRUE,2,FALSE,2,13,Trial,High,2
4086,27,Other,Mymensingh,Beauty,379.75,2,Desktop,PayPal,FALSE,8,FALSE,4,7,Trial,Low,0
4087,28,Male,Rangpur,Beauty,359.67,58,Tablet,PayPal,FALSE,9,TRUE,5,1,Premium,High,2
4088,20,Female,Rangpur,Sports,665.55,11,Mobile,Credit Card,TRUE,7,FALSE,1,3,Trial,Low,0
4089,24,Female,Chittagong,Books,843.21,33,Tablet,Debit Card,TRUE,3,FALSE,3,6,Free,Low,0
4090,58,Other,Mymensingh,Groceries,319.58,12,Tablet,Cash on Delivery,FALSE,2,FALSE,1,1,Trial,Medium,1
4091,67,Other,Khulna,Toys,645.78,9,Desktop,Cash on Delivery,TRUE,4,TRUE,4,10,Trial,Low,0
4092,62,Other,Khulna,Electronics,57.43,56,Mobile,Debit Card,TRUE,8,TRUE,3,11,Free,High,2
4093,69,Other,Chittagong,Groceries,252.03,25,Desktop,Cash on Delivery,FALSE,1,FALSE,1,2,Trial,High,2
4094,47,Other,Dhaka,Clothing,990.98,20,Tablet,Bank Transfer,FALSE,1,TRUE,5,10,Free,Medium,1
4095,37,Other,Chittagong,Books,423.13,58,Mobile,Debit Card,FALSE,8,FALSE,3,8,Free,Low,0
4096,56,Other,Mymensingh,Clothing,400.87,17,Mobile,Bank Transfer,TRUE,5,FALSE,2,2,Premium,High,2
4097,23,Female,Dhaka,Electronics,806.1,42,Mobile,Bank Transfer,TRUE,3,TRUE,2,4,Free,Low,0
4098,18,Female,Dhaka,Home,710.93,54,Tablet,PayPal,TRUE,8,TRUE,4,5,Free,Low,0
4099,50,Other,Khulna,Beauty,575.5,12,Tablet,Cash on Delivery,TRUE,8,FALSE,5,2,Trial,Medium,1
4100,59,Male,Mymensingh,Beauty,724.14,45,Desktop,Bank Transfer,TRUE,6,TRUE,4,1,Trial,High,2
4101,32,Other,Barisal,Electronics,819.15,37,Tablet,Credit Card,TRUE,3,TRUE,3,11,Premium,Medium,1
4102,34,Male,Dhaka,Toys,410.13,12,Desktop,Credit Card,TRUE,2,TRUE,5,9,Free,High,2
4103,67,Other,Sylhet,Groceries,55.19,32,Tablet,PayPal,FALSE,9,TRUE,3,4,Trial,Low,0
4104,25,Male,Barisal,Sports,485.3,32,Desktop,PayPal,TRUE,7,TRUE,5,2,Free,Low,0
4105,18,Male,Mymensingh,Electronics,498.23,37,Desktop,Cash on Delivery,TRUE,7,TRUE,1,8,Free,Medium,1
4106,32,Male,Sylhet,Books,229.65,39,Tablet,PayPal,TRUE,7,TRUE,3,4,Trial,Low,0
4107,64,Female,Rajshahi,Beauty,874.8,57,Mobile,Bank Transfer,TRUE,6,TRUE,3,4,Premium,High,2
4108,22,Female,Barisal,Beauty,735.11,19,Mobile,Credit Card,FALSE,8,FALSE,5,13,Premium,Low,0
4109,55,Other,Chittagong,Clothing,636.86,28,Tablet,Bank Transfer,TRUE,6,TRUE,3,5,Free,Low,0
4110,21,Male,Rangpur,Sports,554.21,37,Tablet,Credit Card,TRUE,2,TRUE,2,3,Trial,Low,0
4111,18,Female,Khulna,Clothing,269.61,52,Tablet,Bank Transfer,FALSE,1,TRUE,4,5,Premium,Low,0
4112,55,Female,Barisal,Groceries,903.42,53,Tablet,Cash on Delivery,TRUE,4,FALSE,3,5,Trial,Low,0
4113,23,Female,Sylhet,Beauty,946.27,55,Desktop,Debit Card,FALSE,9,TRUE,4,8,Trial,Low,0
4114,30,Other,Sylhet,Clothing,789.23,59,Tablet,Cash on Delivery,TRUE,6,TRUE,5,13,Free,High,2
4115,36,Other,Mymensingh,Books,110.13,10,Desktop,Debit Card,TRUE,5,FALSE,5,7,Premium,High,2
4116,28,Other,Rajshahi,Groceries,971.88,26,Desktop,Bank Transfer,TRUE,7,TRUE,3,5,Premium,Low,0
4117,64,Other,Mymensingh,Groceries,74.51,19,Desktop,PayPal,TRUE,9,FALSE,3,6,Premium,Low,0
4118,55,Other,Khulna,Electronics,927.44,48,Tablet,PayPal,FALSE,2,FALSE,2,10,Premium,High,2
4119,45,Male,Chittagong,Home,302.57,49,Mobile,Bank Transfer,FALSE,1,FALSE,3,4,Trial,High,2
4120,32,Female,Rangpur,Electronics,725.5,52,Desktop,Credit Card,TRUE,5,TRUE,4,2,Premium,Low,0
4121,38,Other,Rangpur,Electronics,921.09,44,Desktop,Credit Card,FALSE,8,TRUE,1,7,Premium,Medium,1
4122,27,Other,Khulna,Electronics,396.14,43,Desktop,Cash on Delivery,TRUE,4,TRUE,5,7,Premium,Low,0
4123,53,Other,Dhaka,Toys,847.16,48,Tablet,Debit Card,TRUE,7,FALSE,1,1,Premium,Low,0
4124,41,Male,Mymensingh,Home,199.43,29,Tablet,Credit Card,FALSE,6,FALSE,5,2,Trial,Medium,1
4125,43,Other,Chittagong,Books,831.16,52,Mobile,Cash on Delivery,FALSE,3,FALSE,3,8,Free,Low,0
4126,44,Other,Chittagong,Beauty,841.17,42,Tablet,Cash on Delivery,FALSE,8,FALSE,2,12,Premium,Medium,1
4127,61,Male,Rangpur,Electronics,129.14,42,Desktop,Bank Transfer,TRUE,4,FALSE,4,9,Premium,High,2
4128,43,Female,Barisal,Groceries,557.98,21,Tablet,Bank Transfer,TRUE,8,TRUE,5,6,Trial,Low,0
4129,30,Female,Rajshahi,Beauty,893.95,24,Mobile,Bank Transfer,FALSE,4,FALSE,3,9,Free,Low,0
4130,55,Female,Mymensingh,Electronics,899.23,28,Desktop,Credit Card,FALSE,1,TRUE,5,1,Trial,High,2
4131,48,Female,Sylhet,Toys,945.27,5,Desktop,Bank Transfer,FALSE,3,FALSE,3,7,Free,High,2
4132,34,Other,Rangpur,Electronics,290.48,41,Tablet,Debit Card,FALSE,2,FALSE,3,5,Premium,High,2
4133,41,Other,Rajshahi,Home,330.25,6,Tablet,Debit Card,TRUE,4,TRUE,3,5,Free,Medium,1
4134,23,Other,Dhaka,Sports,214.08,28,Mobile,Debit Card,FALSE,2,FALSE,1,2,Premium,High,2
4135,51,Other,Chittagong,Books,304.18,10,Tablet,Bank Transfer,TRUE,6,TRUE,2,3,Trial,High,2
4136,19,Male,Barisal,Beauty,27.52,43,Mobile,Credit Card,FALSE,2,TRUE,5,10,Free,Low,0
4137,39,Male,Sylhet,Toys,601.21,7,Mobile,PayPal,TRUE,5,FALSE,3,2,Premium,Low,0
4138,48,Male,Mymensingh,Electronics,740.66,35,Mobile,Debit Card,FALSE,9,TRUE,5,6,Premium,Low,0
4139,53,Other,Barisal,Sports,560.53,55,Mobile,Credit Card,FALSE,1,TRUE,4,4,Free,Medium,1
4140,48,Other,Rangpur,Sports,983.29,33,Desktop,Credit Card,FALSE,7,FALSE,5,6,Trial,Low,0
4141,49,Female,Khulna,Clothing,478.46,7,Desktop,Cash on Delivery,FALSE,4,FALSE,1,6,Free,Low,0
4142,69,Other,Chittagong,Beauty,693.01,49,Mobile,Bank Transfer,TRUE,1,FALSE,1,5,Trial,Low,0
4143,54,Female,Khulna,Beauty,379.08,52,Tablet,Bank Transfer,TRUE,8,FALSE,4,10,Trial,High,2
4144,61,Other,Sylhet,Beauty,796.28,37,Mobile,Credit Card,TRUE,8,TRUE,1,6,Trial,Low,0
4145,47,Female,Dhaka,Books,167.09,2,Tablet,Cash on Delivery,TRUE,8,TRUE,4,8,Premium,High,2
4146,56,Male,Dhaka,Clothing,996.18,4,Mobile,PayPal,FALSE,5,FALSE,3,5,Trial,High,2
4147,68,Other,Chittagong,Toys,46.01,37,Desktop,Cash on Delivery,TRUE,4,FALSE,5,8,Premium,Medium,1
4148,20,Other,Khulna,Home,282.68,39,Mobile,Bank Transfer,FALSE,2,TRUE,2,6,Trial,Low,0
4149,54,Other,Barisal,Beauty,951.22,41,Desktop,Cash on Delivery,TRUE,2,FALSE,1,6,Premium,High,2
4150,50,Female,Rangpur,Clothing,984.13,23,Desktop,PayPal,TRUE,7,TRUE,4,6,Premium,High,2
4151,45,Other,Barisal,Sports,582.88,50,Tablet,Debit Card,FALSE,7,TRUE,5,10,Premium,High,2
4152,45,Other,Sylhet,Clothing,872.59,40,Mobile,Debit Card,TRUE,4,TRUE,5,2,Free,Medium,1
4153,24,Other,Chittagong,Home,199.62,52,Tablet,Debit Card,TRUE,7,FALSE,2,9,Trial,Low,0
4154,18,Other,Sylhet,Toys,547.51,38,Desktop,Cash on Delivery,TRUE,6,TRUE,4,11,Free,Low,0
4155,68,Female,Dhaka,Beauty,154.58,28,Tablet,Bank Transfer,FALSE,2,FALSE,4,11,Premium,High,2
4156,69,Male,Rangpur,Clothing,549.94,38,Mobile,Bank Transfer,TRUE,3,TRUE,2,6,Premium,High,2
4157,68,Other,Rajshahi,Sports,806.22,8,Mobile,Bank Transfer,TRUE,9,FALSE,3,11,Trial,High,2
4158,42,Male,Barisal,Clothing,342.03,14,Tablet,Debit Card,TRUE,7,TRUE,2,13,Free,High,2
4159,37,Other,Rangpur,Groceries,205.24,15,Desktop,Cash on Delivery,FALSE,2,FALSE,1,9,Premium,Medium,1
4160,50,Other,Khulna,Sports,633.55,26,Mobile,Bank Transfer,FALSE,1,FALSE,3,3,Free,High,2
4161,61,Other,Sylhet,Beauty,138.68,25,Mobile,Cash on Delivery,TRUE,1,FALSE,2,1,Trial,Low,0
4162,57,Other,Khulna,Clothing,845.32,39,Tablet,Bank Transfer,FALSE,7,TRUE,1,12,Premium,High,2
4163,25,Male,Rangpur,Clothing,418.91,28,Desktop,Debit Card,FALSE,9,FALSE,4,4,Premium,Medium,1
4164,62,Male,Dhaka,Books,468.72,31,Tablet,PayPal,TRUE,8,FALSE,1,3,Free,Medium,1
4165,19,Female,Mymensingh,Home,43,37,Desktop,Bank Transfer,TRUE,6,TRUE,1,12,Trial,Low,0
4166,47,Female,Sylhet,Toys,114.79,25,Desktop,Bank Transfer,TRUE,1,TRUE,4,13,Free,High,2
4167,63,Other,Rajshahi,Clothing,463.91,51,Tablet,Debit Card,TRUE,1,TRUE,1,10,Premium,Low,0
4168,19,Other,Chittagong,Sports,746.01,1,Mobile,PayPal,TRUE,3,FALSE,3,5,Trial,Medium,1
4169,18,Other,Rajshahi,Sports,855.67,23,Mobile,PayPal,FALSE,9,FALSE,3,5,Free,High,2
4170,48,Female,Dhaka,Home,994.07,56,Desktop,Cash on Delivery,TRUE,6,FALSE,3,8,Premium,High,2
4171,53,Female,Sylhet,Electronics,170.71,8,Mobile,Cash on Delivery,TRUE,5,FALSE,5,10,Premium,High,2
4172,53,Male,Khulna,Books,863.31,31,Tablet,Bank Transfer,FALSE,5,TRUE,5,9,Premium,High,2
4173,27,Male,Chittagong,Groceries,446.08,41,Mobile,Bank Transfer,TRUE,6,FALSE,4,7,Trial,Low,0
4174,19,Male,Rangpur,Clothing,555.18,20,Desktop,Cash on Delivery,TRUE,8,FALSE,5,2,Premium,Medium,1
4175,58,Male,Dhaka,Books,354.79,54,Desktop,Debit Card,FALSE,7,FALSE,2,8,Trial,Medium,1
4176,68,Other,Dhaka,Beauty,502.07,28,Desktop,PayPal,TRUE,9,FALSE,3,9,Premium,High,2
4177,44,Male,Rajshahi,Clothing,842.21,32,Desktop,Debit Card,TRUE,3,TRUE,1,3,Premium,Low,0
4178,64,Other,Mymensingh,Clothing,885.94,37,Desktop,Bank Transfer,TRUE,8,FALSE,2,11,Premium,High,2
4179,47,Female,Rangpur,Clothing,655.56,35,Tablet,PayPal,FALSE,6,TRUE,5,13,Premium,High,2
4180,34,Male,Mymensingh,Beauty,669.75,37,Desktop,Credit Card,FALSE,7,TRUE,1,3,Trial,Medium,1
4181,50,Male,Dhaka,Groceries,501.17,53,Desktop,Credit Card,FALSE,8,FALSE,2,12,Free,Medium,1
4182,36,Female,Barisal,Sports,547.85,24,Desktop,PayPal,FALSE,7,TRUE,4,1,Trial,Medium,1
4183,41,Male,Dhaka,Home,984.06,23,Desktop,Bank Transfer,TRUE,6,FALSE,5,1,Trial,High,2
4184,29,Male,Chittagong,Clothing,666.99,45,Desktop,Debit Card,FALSE,4,TRUE,1,5,Trial,Low,0
4185,59,Female,Mymensingh,Toys,295.36,26,Mobile,Bank Transfer,FALSE,7,TRUE,4,3,Premium,Medium,1
4186,27,Male,Sylhet,Beauty,618.31,27,Tablet,Debit Card,TRUE,3,FALSE,2,10,Free,Medium,1
4187,66,Male,Chittagong,Sports,414.67,39,Mobile,Credit Card,FALSE,5,TRUE,4,3,Trial,High,2
4188,23,Female,Khulna,Electronics,707.52,25,Mobile,PayPal,FALSE,1,TRUE,4,8,Trial,Low,0
4189,32,Other,Rajshahi,Clothing,52.59,27,Mobile,PayPal,FALSE,3,FALSE,5,11,Trial,High,2
4190,39,Male,Barisal,Toys,573.66,20,Mobile,Cash on Delivery,FALSE,6,TRUE,1,12,Trial,Medium,1
4191,29,Other,Dhaka,Toys,36.45,3,Tablet,Cash on Delivery,TRUE,7,FALSE,4,13,Trial,Low,0
4192,67,Female,Rangpur,Groceries,758.01,37,Mobile,Credit Card,FALSE,7,TRUE,5,5,Premium,Low,0
4193,44,Female,Sylhet,Sports,967.1,24,Tablet,PayPal,FALSE,3,FALSE,3,12,Trial,High,2
4194,54,Male,Khulna,Electronics,837.92,19,Desktop,Debit Card,TRUE,1,FALSE,1,9,Trial,Medium,1
4195,64,Other,Rangpur,Beauty,25.95,57,Mobile,PayPal,TRUE,3,FALSE,1,7,Premium,High,2
4196,40,Other,Rajshahi,Electronics,526.61,31,Desktop,PayPal,TRUE,4,TRUE,3,8,Premium,High,2
4197,18,Female,Chittagong,Beauty,899.36,24,Desktop,Cash on Delivery,FALSE,4,FALSE,5,7,Premium,Low,0
4198,29,Other,Chittagong,Toys,266.42,53,Desktop,Credit Card,FALSE,6,FALSE,2,8,Trial,Low,0
4199,25,Female,Rajshahi,Home,97.61,47,Mobile,Bank Transfer,TRUE,3,TRUE,1,13,Trial,High,2
4200,62,Other,Sylhet,Home,647.06,11,Tablet,Credit Card,FALSE,4,TRUE,5,7,Trial,Low,0
4201,18,Female,Rajshahi,Toys,539.69,38,Desktop,Debit Card,TRUE,9,TRUE,4,11,Free,High,2
4202,30,Other,Sylhet,Groceries,174.66,27,Desktop,Cash on Delivery,FALSE,9,TRUE,3,9,Premium,Low,0
4203,63,Female,Rangpur,Sports,968.53,33,Desktop,Bank Transfer,TRUE,6,TRUE,4,6,Trial,High,2
4204,56,Other,Dhaka,Beauty,681.69,17,Desktop,PayPal,TRUE,7,FALSE,4,7,Trial,High,2
4205,68,Male,Barisal,Books,679.98,19,Mobile,Credit Card,FALSE,8,FALSE,4,12,Free,High,2
4206,20,Female,Chittagong,Clothing,178.39,12,Tablet,Bank Transfer,TRUE,5,FALSE,5,13,Premium,Medium,1
4207,61,Male,Chittagong,Clothing,662.99,19,Desktop,Cash on Delivery,TRUE,7,TRUE,3,3,Trial,Low,0
4208,49,Female,Mymensingh,Electronics,670.38,47,Mobile,Cash on Delivery,TRUE,2,FALSE,1,7,Trial,Medium,1
4209,58,Male,Rajshahi,Groceries,206.86,43,Mobile,Credit Card,TRUE,8,FALSE,2,2,Free,High,2
4210,43,Male,Barisal,Home,356.08,18,Tablet,Bank Transfer,FALSE,7,TRUE,2,6,Premium,Low,0
4211,59,Male,Mymensingh,Beauty,359.7,57,Mobile,Debit Card,TRUE,1,TRUE,1,5,Trial,High,2
4212,20,Female,Mymensingh,Toys,116.92,49,Mobile,Credit Card,FALSE,7,TRUE,1,1,Trial,Medium,1
4213,19,Male,Sylhet,Home,29.91,35,Tablet,Bank Transfer,FALSE,4,TRUE,2,7,Premium,High,2
4214,50,Male,Barisal,Toys,846.3,50,Tablet,PayPal,FALSE,7,FALSE,5,10,Free,Medium,1
4215,61,Male,Khulna,Electronics,412.82,57,Tablet,Credit Card,FALSE,7,TRUE,3,1,Premium,Medium,1
4216,42,Male,Barisal,Beauty,17.15,23,Mobile,Debit Card,FALSE,5,TRUE,3,9,Premium,High,2
4217,39,Male,Mymensingh,Clothing,166.6,7,Tablet,Cash on Delivery,FALSE,3,FALSE,5,9,Premium,Low,0
4218,32,Male,Sylhet,Books,71.69,5,Tablet,Debit Card,TRUE,9,FALSE,4,5,Premium,High,2
4219,26,Female,Chittagong,Beauty,461.12,28,Desktop,Bank Transfer,FALSE,3,TRUE,1,4,Free,Medium,1
4220,21,Other,Rangpur,Beauty,364.27,6,Desktop,Credit Card,FALSE,3,TRUE,3,11,Trial,Low,0
4221,32,Male,Rajshahi,Electronics,763.94,54,Desktop,PayPal,TRUE,9,FALSE,4,12,Free,Medium,1
4222,69,Male,Dhaka,Groceries,168.77,9,Tablet,PayPal,TRUE,2,FALSE,5,5,Free,Low,0
4223,31,Other,Barisal,Clothing,22.58,17,Tablet,Credit Card,FALSE,6,FALSE,2,6,Trial,Medium,1
4224,44,Male,Rajshahi,Sports,10.36,16,Desktop,Debit Card,TRUE,5,TRUE,4,13,Free,Low,0
4225,25,Female,Chittagong,Clothing,524.55,54,Mobile,Bank Transfer,TRUE,8,TRUE,4,2,Free,Low,0
4226,43,Male,Dhaka,Home,219.23,43,Tablet,Debit Card,TRUE,3,TRUE,2,8,Trial,High,2
4227,31,Female,Chittagong,Electronics,528.93,49,Tablet,Bank Transfer,TRUE,9,TRUE,4,7,Premium,Low,0
4228,31,Other,Sylhet,Books,528.65,58,Mobile,Cash on Delivery,TRUE,9,FALSE,2,12,Free,High,2
4229,34,Male,Dhaka,Books,638.84,44,Desktop,Credit Card,TRUE,4,FALSE,1,11,Trial,Medium,1
4230,27,Male,Khulna,Books,483.76,35,Desktop,Debit Card,TRUE,8,TRUE,1,9,Premium,Low,0
4231,59,Male,Rangpur,Sports,636.76,38,Desktop,Cash on Delivery,TRUE,6,FALSE,1,10,Premium,Medium,1
4232,24,Other,Dhaka,Clothing,585.96,23,Tablet,PayPal,TRUE,7,TRUE,3,6,Premium,High,2
4233,28,Male,Sylhet,Clothing,542.7,17,Mobile,Cash on Delivery,TRUE,3,TRUE,2,8,Trial,Low,0
4234,50,Female,Sylhet,Groceries,56.77,45,Desktop,PayPal,TRUE,4,TRUE,4,3,Free,Medium,1
4235,51,Other,Rangpur,Beauty,178.67,55,Tablet,PayPal,TRUE,8,TRUE,4,11,Premium,Low,0
4236,51,Other,Barisal,Sports,930.14,10,Mobile,PayPal,FALSE,5,TRUE,4,9,Premium,Medium,1
4237,46,Male,Barisal,Beauty,477.17,9,Mobile,Bank Transfer,FALSE,8,TRUE,2,11,Trial,Medium,1
4238,36,Female,Sylhet,Beauty,538.55,22,Desktop,PayPal,TRUE,6,TRUE,4,4,Trial,Medium,1
4239,31,Other,Chittagong,Toys,306.62,58,Tablet,Credit Card,FALSE,9,FALSE,3,2,Premium,Low,0
4240,65,Other,Mymensingh,Beauty,828.28,45,Mobile,Debit Card,FALSE,9,FALSE,2,6,Free,Medium,1
4241,42,Male,Mymensingh,Clothing,438.44,33,Tablet,Cash on Delivery,FALSE,3,FALSE,1,4,Trial,Medium,1
4242,38,Male,Barisal,Clothing,903.77,16,Tablet,Credit Card,TRUE,5,TRUE,1,4,Premium,Medium,1
4243,32,Female,Mymensingh,Electronics,363.77,31,Desktop,Bank Transfer,FALSE,1,FALSE,4,13,Free,Low,0
4244,53,Female,Sylhet,Electronics,140.39,10,Tablet,Cash on Delivery,FALSE,7,FALSE,3,10,Free,Low,0
4245,54,Male,Chittagong,Toys,613.77,6,Desktop,Credit Card,FALSE,3,TRUE,4,10,Trial,Medium,1
4246,37,Female,Chittagong,Groceries,210.09,51,Tablet,Debit Card,TRUE,1,FALSE,1,4,Premium,Low,0
4247,32,Female,Sylhet,Home,288.48,25,Tablet,PayPal,TRUE,9,TRUE,5,1,Premium,High,2
4248,18,Female,Sylhet,Clothing,477.54,35,Mobile,Credit Card,TRUE,7,TRUE,2,1,Premium,Medium,1
4249,35,Female,Rangpur,Books,703.29,16,Desktop,Debit Card,TRUE,8,FALSE,1,11,Trial,Medium,1
4250,56,Male,Rajshahi,Toys,85.17,59,Mobile,PayPal,FALSE,5,FALSE,1,7,Premium,High,2
4251,65,Female,Chittagong,Home,218.49,17,Desktop,Debit Card,FALSE,8,FALSE,5,4,Trial,High,2
4252,22,Male,Rangpur,Books,28.57,4,Mobile,Bank Transfer,FALSE,5,FALSE,5,9,Premium,Medium,1
4253,51,Female,Chittagong,Electronics,385.48,51,Mobile,PayPal,TRUE,8,FALSE,3,4,Premium,High,2
4254,28,Other,Mymensingh,Electronics,992.34,15,Mobile,Cash on Delivery,TRUE,8,TRUE,5,2,Premium,Low,0
4255,18,Female,Mymensingh,Home,197.66,8,Desktop,Credit Card,FALSE,9,TRUE,1,2,Free,Medium,1
4256,21,Male,Mymensingh,Sports,105.43,18,Mobile,Cash on Delivery,FALSE,3,FALSE,4,12,Trial,High,2
4257,34,Male,Khulna,Electronics,932.49,16,Tablet,Credit Card,FALSE,4,FALSE,4,9,Free,Medium,1
4258,23,Other,Khulna,Books,587.65,41,Mobile,Credit Card,TRUE,6,TRUE,2,8,Premium,High,2
4259,21,Other,Barisal,Clothing,920.71,21,Mobile,Bank Transfer,TRUE,5,FALSE,5,2,Trial,Low,0
4260,41,Other,Barisal,Electronics,568.85,12,Mobile,Bank Transfer,TRUE,6,FALSE,2,9,Free,Low,0
4261,46,Male,Khulna,Books,411.09,37,Desktop,PayPal,FALSE,5,TRUE,3,13,Premium,Low,0
4262,25,Other,Khulna,Beauty,169,19,Desktop,Bank Transfer,TRUE,6,TRUE,2,11,Trial,Low,0
4263,61,Female,Rangpur,Home,527.39,56,Tablet,PayPal,TRUE,7,FALSE,2,11,Premium,Medium,1
4264,57,Other,Chittagong,Books,552.44,8,Tablet,Credit Card,TRUE,4,FALSE,2,9,Trial,Low,0
4265,54,Female,Sylhet,Electronics,710.36,37,Desktop,Cash on Delivery,TRUE,9,FALSE,2,13,Premium,Medium,1
4266,46,Other,Chittagong,Home,314.12,16,Desktop,Cash on Delivery,FALSE,7,TRUE,1,5,Premium,Low,0
4267,36,Male,Sylhet,Books,546.86,1,Tablet,Debit Card,TRUE,8,TRUE,3,11,Free,Medium,1
4268,26,Other,Sylhet,Books,871.84,40,Tablet,Cash on Delivery,FALSE,2,TRUE,5,4,Free,Medium,1
4269,22,Other,Barisal,Toys,837.92,51,Desktop,Cash on Delivery,TRUE,3,FALSE,5,1,Free,High,2
4270,20,Female,Rangpur,Electronics,644.54,9,Tablet,Debit Card,TRUE,7,FALSE,5,10,Premium,High,2
4271,22,Other,Sylhet,Beauty,304.56,53,Mobile,Bank Transfer,TRUE,3,TRUE,2,1,Trial,Low,0
4272,49,Male,Rangpur,Books,591.1,50,Tablet,Credit Card,FALSE,9,FALSE,1,3,Free,High,2
4273,31,Female,Chittagong,Books,237.48,42,Desktop,PayPal,FALSE,4,FALSE,2,9,Trial,Low,0
4274,27,Other,Khulna,Toys,886.74,30,Tablet,Credit Card,FALSE,1,TRUE,1,11,Free,Medium,1
4275,25,Male,Khulna,Beauty,831.95,56,Desktop,Debit Card,FALSE,2,TRUE,3,7,Trial,High,2
4276,44,Male,Sylhet,Clothing,987.27,58,Tablet,Bank Transfer,FALSE,7,FALSE,3,8,Free,Low,0
4277,67,Male,Rangpur,Toys,753.25,6,Tablet,Bank Transfer,TRUE,5,FALSE,2,7,Trial,Low,0
4278,30,Male,Barisal,Toys,209.92,42,Mobile,Credit Card,FALSE,6,FALSE,5,1,Trial,Low,0
4279,28,Other,Dhaka,Beauty,234.55,45,Tablet,Bank Transfer,TRUE,4,FALSE,5,4,Free,Medium,1
4280,55,Other,Khulna,Clothing,447.12,58,Desktop,Bank Transfer,FALSE,2,TRUE,3,7,Free,Medium,1
4281,43,Other,Barisal,Books,545.78,57,Mobile,Cash on Delivery,FALSE,5,FALSE,5,6,Trial,Medium,1
4282,31,Female,Mymensingh,Electronics,218.39,18,Mobile,PayPal,FALSE,8,FALSE,5,3,Free,Medium,1
4283,41,Female,Barisal,Sports,305.39,12,Tablet,PayPal,FALSE,5,FALSE,3,10,Premium,Low,0
4284,49,Male,Rangpur,Clothing,457.44,33,Tablet,Bank Transfer,TRUE,3,TRUE,4,5,Trial,Low,0
4285,35,Other,Rajshahi,Toys,259.96,14,Desktop,Bank Transfer,TRUE,8,FALSE,1,7,Free,Medium,1
4286,55,Male,Rangpur,Clothing,384.65,29,Mobile,Credit Card,TRUE,4,TRUE,3,10,Trial,High,2
4287,25,Male,Mymensingh,Electronics,949.02,37,Tablet,Debit Card,TRUE,4,TRUE,4,9,Premium,Low,0
4288,22,Other,Chittagong,Electronics,357.72,48,Mobile,Cash on Delivery,TRUE,5,TRUE,4,12,Free,Medium,1
4289,59,Female,Mymensingh,Groceries,175.8,13,Tablet,PayPal,FALSE,6,FALSE,5,3,Free,Low,0
4290,63,Other,Sylhet,Beauty,500.61,30,Tablet,Credit Card,TRUE,7,FALSE,3,1,Premium,Low,0
4291,39,Other,Sylhet,Toys,378.98,4,Desktop,PayPal,TRUE,9,FALSE,1,7,Premium,High,2
4292,61,Female,Khulna,Sports,664.73,54,Tablet,PayPal,TRUE,6,TRUE,3,9,Free,Medium,1
4293,44,Female,Sylhet,Home,123.24,23,Mobile,Debit Card,TRUE,9,FALSE,4,1,Premium,Medium,1
4294,55,Other,Rajshahi,Sports,119.98,2,Tablet,Credit Card,FALSE,4,TRUE,5,8,Premium,Medium,1
4295,62,Male,Mymensingh,Toys,445.31,17,Mobile,Cash on Delivery,TRUE,4,FALSE,3,13,Trial,Low,0
4296,52,Female,Mymensingh,Toys,318.85,44,Mobile,Bank Transfer,TRUE,3,FALSE,4,4,Free,Medium,1
4297,21,Other,Rajshahi,Books,123.41,3,Mobile,PayPal,FALSE,6,FALSE,5,7,Premium,Medium,1
4298,63,Other,Chittagong,Books,786.97,10,Mobile,Bank Transfer,FALSE,3,TRUE,3,1,Trial,High,2
4299,45,Other,Sylhet,Groceries,649.29,39,Desktop,Credit Card,TRUE,8,TRUE,4,4,Premium,Low,0
4300,33,Male,Sylhet,Beauty,444.92,39,Mobile,PayPal,TRUE,3,FALSE,1,11,Trial,Medium,1
4301,28,Other,Rangpur,Electronics,214.04,38,Mobile,Credit Card,TRUE,5,TRUE,4,1,Premium,High,2
4302,25,Other,Sylhet,Home,992.33,36,Mobile,Debit Card,FALSE,5,FALSE,5,13,Premium,Medium,1
4303,50,Male,Rangpur,Groceries,888.66,34,Mobile,Credit Card,FALSE,1,TRUE,4,6,Trial,Low,0
4304,28,Female,Rajshahi,Books,687.95,38,Tablet,Cash on Delivery,FALSE,8,FALSE,4,11,Trial,High,2
4305,64,Other,Rajshahi,Electronics,486.56,43,Tablet,Debit Card,TRUE,2,TRUE,1,7,Trial,Medium,1
4306,38,Male,Sylhet,Sports,58.4,27,Desktop,Credit Card,FALSE,5,FALSE,1,11,Premium,High,2
4307,26,Female,Mymensingh,Home,827.03,17,Desktop,Bank Transfer,TRUE,9,TRUE,3,7,Free,Low,0
4308,50,Male,Rangpur,Groceries,873.45,7,Desktop,PayPal,FALSE,3,TRUE,3,12,Trial,Low,0
4309,29,Other,Barisal,Electronics,264.92,21,Desktop,Credit Card,TRUE,3,TRUE,5,10,Trial,High,2
4310,28,Male,Dhaka,Home,943.31,55,Mobile,Bank Transfer,FALSE,4,TRUE,3,1,Free,Low,0
4311,35,Male,Rangpur,Beauty,766.49,22,Tablet,Cash on Delivery,TRUE,3,FALSE,2,5,Trial,High,2
4312,24,Female,Mymensingh,Clothing,253.32,12,Tablet,PayPal,FALSE,6,TRUE,2,11,Trial,Medium,1
4313,35,Female,Rangpur,Home,951.12,7,Tablet,Bank Transfer,TRUE,2,TRUE,3,12,Free,High,2
4314,50,Male,Barisal,Beauty,659.36,4,Desktop,PayPal,FALSE,9,FALSE,1,12,Trial,Medium,1
4315,34,Other,Mymensingh,Groceries,436.33,58,Tablet,PayPal,TRUE,6,TRUE,2,1,Trial,Medium,1
4316,27,Male,Barisal,Sports,56.64,50,Tablet,Credit Card,TRUE,3,FALSE,1,4,Trial,High,2
4317,40,Female,Dhaka,Books,572.86,50,Desktop,Debit Card,TRUE,6,FALSE,2,2,Free,Low,0
4318,37,Female,Khulna,Groceries,385.63,20,Desktop,Bank Transfer,FALSE,8,FALSE,2,11,Trial,Medium,1
4319,26,Other,Rangpur,Toys,846.63,8,Tablet,Cash on Delivery,FALSE,7,FALSE,5,13,Trial,Medium,1
4320,49,Female,Dhaka,Toys,704.86,9,Tablet,Debit Card,FALSE,8,FALSE,4,9,Trial,Medium,1
4321,24,Other,Mymensingh,Electronics,563.16,59,Mobile,PayPal,TRUE,9,FALSE,3,1,Premium,High,2
4322,33,Other,Barisal,Beauty,972.83,40,Tablet,Cash on Delivery,TRUE,7,TRUE,3,10,Premium,Medium,1
4323,31,Female,Mymensingh,Books,737.29,46,Tablet,Cash on Delivery,TRUE,6,TRUE,1,12,Trial,High,2
4324,54,Other,Dhaka,Books,225.82,48,Tablet,Bank Transfer,TRUE,6,FALSE,1,12,Free,Medium,1
4325,36,Other,Dhaka,Groceries,374.77,33,Tablet,Credit Card,FALSE,4,FALSE,5,3,Trial,Medium,1
4326,51,Female,Chittagong,Sports,341.65,17,Mobile,Cash on Delivery,FALSE,5,TRUE,4,9,Trial,Low,0
4327,56,Male,Dhaka,Beauty,761.59,6,Desktop,Bank Transfer,FALSE,3,TRUE,1,13,Premium,Low,0
4328,43,Female,Khulna,Electronics,494.35,49,Tablet,Bank Transfer,FALSE,4,FALSE,3,2,Premium,Low,0
4329,19,Female,Khulna,Electronics,132.89,7,Tablet,Bank Transfer,TRUE,7,FALSE,2,8,Trial,Low,0
4330,63,Male,Rajshahi,Clothing,418.36,8,Mobile,Debit Card,TRUE,9,TRUE,2,2,Trial,Medium,1
4331,60,Female,Khulna,Books,213.39,32,Mobile,Debit Card,FALSE,5,TRUE,5,11,Free,Low,0
4332,44,Other,Dhaka,Sports,479.52,23,Desktop,PayPal,TRUE,4,FALSE,3,4,Trial,Medium,1
4333,46,Female,Khulna,Groceries,569.43,15,Desktop,Debit Card,FALSE,5,FALSE,2,8,Trial,Low,0
4334,42,Male,Sylhet,Sports,488.05,43,Tablet,Debit Card,TRUE,9,TRUE,2,4,Premium,High,2
4335,41,Female,Mymensingh,Home,176.83,11,Mobile,Bank Transfer,TRUE,3,TRUE,1,11,Trial,High,2
4336,36,Other,Chittagong,Home,865.5,48,Tablet,Cash on Delivery,FALSE,4,FALSE,2,8,Free,Low,0
4337,31,Other,Barisal,Books,449.78,46,Mobile,Credit Card,FALSE,5,TRUE,5,2,Free,High,2
4338,27,Female,Rajshahi,Clothing,277.97,56,Desktop,Bank Transfer,FALSE,9,TRUE,2,3,Premium,Low,0
4339,59,Female,Sylhet,Groceries,314.36,26,Mobile,Debit Card,TRUE,9,FALSE,4,6,Free,Medium,1
4340,59,Other,Rajshahi,Electronics,350.75,7,Mobile,PayPal,FALSE,3,TRUE,2,2,Premium,High,2
4341,47,Other,Mymensingh,Clothing,665.67,36,Mobile,PayPal,TRUE,3,FALSE,1,5,Trial,High,2
4342,19,Other,Rangpur,Home,623.28,32,Mobile,Debit Card,FALSE,7,TRUE,4,2,Free,Medium,1
4343,49,Male,Mymensingh,Sports,817.95,32,Desktop,Credit Card,TRUE,7,FALSE,1,10,Trial,Low,0
4344,28,Other,Barisal,Books,319.83,15,Mobile,PayPal,FALSE,8,FALSE,1,10,Trial,High,2
4345,60,Female,Rajshahi,Toys,943.94,8,Mobile,Bank Transfer,FALSE,6,TRUE,4,10,Free,High,2
4346,64,Other,Mymensingh,Groceries,833.41,9,Mobile,Credit Card,FALSE,2,TRUE,2,6,Trial,Low,0
4347,62,Other,Dhaka,Electronics,71.44,34,Mobile,Debit Card,FALSE,9,FALSE,5,10,Free,Low,0
4348,21,Male,Rajshahi,Books,897.2,39,Mobile,Cash on Delivery,TRUE,7,FALSE,3,1,Free,Low,0
4349,67,Male,Sylhet,Electronics,694.98,45,Mobile,Credit Card,FALSE,9,TRUE,2,10,Trial,Medium,1
4350,24,Other,Chittagong,Electronics,853.77,14,Desktop,Debit Card,FALSE,6,TRUE,2,1,Free,Medium,1
4351,46,Male,Mymensingh,Toys,455.3,47,Mobile,Debit Card,TRUE,9,FALSE,1,10,Premium,High,2
4352,23,Female,Rajshahi,Books,97.37,17,Mobile,Cash on Delivery,FALSE,4,TRUE,2,11,Premium,Low,0
4353,18,Male,Barisal,Toys,582.24,7,Mobile,Credit Card,FALSE,4,TRUE,2,9,Free,High,2
4354,36,Female,Sylhet,Electronics,9.82,32,Tablet,Bank Transfer,FALSE,1,TRUE,3,8,Free,Medium,1
4355,54,Female,Sylhet,Beauty,918.32,52,Mobile,PayPal,TRUE,5,TRUE,1,11,Free,High,2
4356,54,Other,Khulna,Sports,978.34,47,Mobile,Cash on Delivery,FALSE,1,TRUE,4,5,Premium,Low,0
4357,19,Female,Chittagong,Books,935.04,3,Desktop,PayPal,TRUE,9,TRUE,5,12,Premium,High,2
4358,31,Male,Mymensingh,Home,363.56,12,Tablet,Credit Card,TRUE,1,FALSE,4,4,Trial,Medium,1
4359,56,Female,Rajshahi,Clothing,256.31,35,Desktop,Cash on Delivery,TRUE,4,FALSE,3,8,Premium,Low,0
4360,24,Female,Rajshahi,Electronics,657.28,45,Tablet,Bank Transfer,TRUE,9,TRUE,2,11,Premium,Medium,1
4361,48,Female,Chittagong,Books,717.22,55,Tablet,Bank Transfer,TRUE,5,TRUE,2,6,Trial,High,2
4362,24,Other,Mymensingh,Books,190.21,16,Tablet,PayPal,FALSE,7,FALSE,4,6,Premium,High,2
4363,45,Female,Rajshahi,Beauty,878.66,32,Tablet,Bank Transfer,TRUE,7,TRUE,2,12,Premium,Low,0
4364,37,Other,Barisal,Toys,528.8,31,Mobile,Debit Card,TRUE,5,FALSE,4,7,Trial,High,2
4365,28,Male,Dhaka,Groceries,116.55,7,Mobile,Debit Card,TRUE,5,TRUE,5,9,Free,Low,0
4366,40,Female,Mymensingh,Toys,583.86,43,Mobile,PayPal,FALSE,4,TRUE,4,2,Free,High,2
4367,20,Male,Rajshahi,Beauty,425.77,4,Tablet,Bank Transfer,FALSE,7,FALSE,1,8,Premium,Low,0
4368,68,Other,Rangpur,Electronics,704.34,59,Mobile,PayPal,TRUE,7,TRUE,5,2,Trial,Low,0
4369,22,Male,Mymensingh,Books,922.29,5,Desktop,Cash on Delivery,TRUE,7,FALSE,4,8,Trial,Low,0
4370,67,Male,Rajshahi,Home,503.23,54,Tablet,PayPal,FALSE,2,TRUE,5,8,Premium,High,2
4371,51,Male,Dhaka,Clothing,738.16,13,Tablet,Credit Card,TRUE,4,TRUE,2,13,Trial,Medium,1
4372,54,Female,Khulna,Books,572.77,32,Mobile,Credit Card,FALSE,1,FALSE,2,3,Trial,High,2
4373,69,Other,Chittagong,Books,106.65,55,Mobile,Debit Card,TRUE,5,FALSE,4,10,Premium,Medium,1
4374,64,Female,Sylhet,Electronics,791.77,49,Tablet,Cash on Delivery,TRUE,8,TRUE,2,6,Trial,Medium,1
4375,35,Other,Dhaka,Books,192.56,36,Tablet,Cash on Delivery,TRUE,3,FALSE,5,3,Trial,High,2
4376,43,Male,Khulna,Electronics,359.83,22,Desktop,PayPal,TRUE,4,TRUE,4,6,Free,Medium,1
4377,40,Female,Khulna,Groceries,749.21,2,Desktop,Bank Transfer,FALSE,3,FALSE,4,2,Trial,High,2
4378,38,Male,Dhaka,Beauty,570.95,41,Desktop,Credit Card,FALSE,7,FALSE,1,1,Trial,High,2
4379,51,Female,Rajshahi,Sports,494.66,37,Tablet,Cash on Delivery,TRUE,1,FALSE,3,2,Premium,Medium,1
4380,54,Male,Barisal,Electronics,557.09,43,Mobile,Credit Card,FALSE,9,FALSE,5,1,Premium,Medium,1
4381,45,Male,Sylhet,Clothing,702,24,Tablet,Cash on Delivery,FALSE,7,FALSE,2,6,Premium,High,2
4382,51,Female,Barisal,Sports,782.97,17,Tablet,Debit Card,FALSE,1,FALSE,1,10,Free,Medium,1
4383,35,Female,Rangpur,Electronics,69.37,13,Desktop,Credit Card,TRUE,8,FALSE,5,2,Trial,High,2
4384,35,Male,Khulna,Toys,268.98,23,Mobile,Credit Card,TRUE,1,FALSE,1,1,Free,Medium,1
4385,49,Male,Rajshahi,Home,302.77,50,Desktop,Bank Transfer,TRUE,8,FALSE,5,1,Free,Medium,1
4386,39,Male,Chittagong,Toys,915.47,40,Desktop,Debit Card,FALSE,9,FALSE,3,6,Trial,Medium,1
4387,53,Male,Khulna,Sports,227.4,53,Tablet,Credit Card,FALSE,4,FALSE,3,8,Free,Low,0
4388,44,Other,Khulna,Electronics,696.51,6,Mobile,Credit Card,TRUE,5,FALSE,2,6,Trial,High,2
4389,61,Other,Mymensingh,Groceries,20.33,45,Tablet,Credit Card,FALSE,9,TRUE,4,10,Premium,Medium,1
4390,18,Female,Barisal,Beauty,730.34,7,Tablet,Cash on Delivery,FALSE,2,FALSE,3,9,Trial,High,2
4391,39,Male,Khulna,Books,602.77,21,Tablet,PayPal,FALSE,3,TRUE,2,10,Free,Medium,1
4392,49,Female,Khulna,Home,706.75,55,Desktop,Cash on Delivery,TRUE,3,TRUE,3,10,Trial,High,2
4393,43,Male,Khulna,Electronics,690.22,35,Mobile,Credit Card,TRUE,3,TRUE,3,3,Premium,Medium,1
4394,34,Other,Khulna,Sports,219.26,5,Tablet,Cash on Delivery,TRUE,4,FALSE,2,11,Trial,Medium,1
4395,58,Other,Rangpur,Home,581.65,25,Tablet,Credit Card,TRUE,2,TRUE,1,6,Free,Medium,1
4396,69,Male,Barisal,Toys,828.76,49,Desktop,PayPal,TRUE,3,TRUE,3,6,Premium,Low,0
4397,53,Female,Khulna,Books,858.97,38,Mobile,Cash on Delivery,TRUE,1,TRUE,5,4,Free,Medium,1
4398,64,Female,Chittagong,Home,633.83,37,Desktop,Credit Card,FALSE,1,TRUE,5,11,Free,High,2
4399,40,Female,Mymensingh,Books,248.32,27,Desktop,Debit Card,FALSE,7,FALSE,3,9,Premium,High,2
4400,45,Other,Chittagong,Toys,245.22,47,Tablet,Bank Transfer,FALSE,2,TRUE,4,5,Premium,High,2
4401,23,Female,Khulna,Electronics,288.2,3,Mobile,Debit Card,TRUE,4,FALSE,2,3,Premium,Medium,1
4402,61,Other,Khulna,Electronics,927.07,18,Desktop,PayPal,TRUE,6,FALSE,5,6,Free,Low,0
4403,38,Female,Barisal,Home,189.25,21,Mobile,Debit Card,TRUE,4,TRUE,3,9,Free,Low,0
4404,62,Male,Khulna,Books,155.62,46,Mobile,Credit Card,TRUE,8,TRUE,1,8,Premium,Low,0
4405,52,Other,Chittagong,Beauty,138.76,44,Mobile,Cash on Delivery,FALSE,1,TRUE,5,12,Premium,Low,0
4406,33,Male,Rajshahi,Toys,376.21,27,Tablet,PayPal,FALSE,8,FALSE,3,10,Premium,Medium,1
4407,27,Female,Barisal,Books,911.93,35,Mobile,PayPal,FALSE,4,FALSE,1,5,Premium,High,2
4408,31,Female,Dhaka,Sports,944.05,41,Mobile,Debit Card,FALSE,5,TRUE,3,6,Trial,Medium,1
4409,22,Other,Khulna,Groceries,608.19,56,Mobile,Credit Card,TRUE,6,TRUE,1,7,Premium,High,2
4410,65,Other,Chittagong,Books,945.43,36,Desktop,Credit Card,TRUE,3,FALSE,2,11,Premium,High,2
4411,42,Male,Barisal,Toys,327.32,43,Mobile,Credit Card,TRUE,3,TRUE,5,3,Premium,Medium,1
4412,41,Female,Khulna,Books,422.3,40,Mobile,PayPal,FALSE,1,TRUE,3,9,Premium,High,2
4413,33,Female,Chittagong,Books,313.58,7,Desktop,Credit Card,FALSE,5,FALSE,1,9,Trial,High,2
4414,45,Female,Sylhet,Books,393.88,39,Tablet,Credit Card,FALSE,3,FALSE,3,7,Free,Medium,1
4415,65,Female,Rajshahi,Books,767.1,52,Desktop,Bank Transfer,TRUE,6,TRUE,4,12,Premium,Medium,1
4416,67,Female,Dhaka,Sports,203.07,33,Desktop,Debit Card,FALSE,7,FALSE,1,11,Free,Low,0
4417,44,Female,Dhaka,Toys,639.05,43,Tablet,Debit Card,FALSE,2,TRUE,2,9,Free,Low,0
4418,29,Male,Rangpur,Electronics,369.87,56,Desktop,Cash on Delivery,TRUE,3,TRUE,2,9,Free,Low,0
4419,55,Female,Khulna,Toys,256.11,37,Desktop,Bank Transfer,FALSE,9,TRUE,5,10,Free,High,2
4420,49,Female,Sylhet,Books,777.99,29,Tablet,Bank Transfer,TRUE,6,TRUE,2,12,Premium,Medium,1
4421,25,Male,Rangpur,Clothing,816.84,34,Mobile,PayPal,FALSE,9,FALSE,3,1,Trial,High,2
4422,43,Female,Rangpur,Home,531.79,31,Mobile,Cash on Delivery,TRUE,2,TRUE,5,2,Premium,High,2
4423,57,Male,Dhaka,Electronics,848.28,21,Desktop,Credit Card,FALSE,5,TRUE,4,9,Free,Low,0
4424,39,Male,Dhaka,Toys,443.5,50,Mobile,Debit Card,TRUE,8,FALSE,5,9,Free,Low,0
4425,59,Male,Sylhet,Clothing,489.11,30,Desktop,PayPal,TRUE,2,TRUE,4,8,Free,Medium,1
4426,33,Male,Mymensingh,Groceries,483.33,6,Mobile,Cash on Delivery,FALSE,8,FALSE,5,5,Trial,Medium,1
4427,60,Male,Khulna,Books,259.44,53,Mobile,Cash on Delivery,TRUE,3,TRUE,3,11,Trial,Low,0
4428,47,Female,Rangpur,Books,299.56,56,Tablet,Bank Transfer,FALSE,9,FALSE,2,4,Premium,High,2
4429,51,Female,Rajshahi,Toys,215.28,20,Desktop,Cash on Delivery,FALSE,5,TRUE,3,1,Premium,High,2
4430,48,Other,Rangpur,Home,762.41,1,Mobile,Bank Transfer,TRUE,3,TRUE,1,4,Trial,Low,0
4431,54,Female,Mymensingh,Home,735.23,32,Desktop,Cash on Delivery,FALSE,5,TRUE,4,13,Premium,High,2
4432,51,Male,Dhaka,Books,443.24,30,Tablet,PayPal,FALSE,9,TRUE,5,10,Free,Low,0
4433,60,Male,Rangpur,Electronics,453.91,23,Desktop,Bank Transfer,TRUE,8,TRUE,1,4,Free,High,2
4434,62,Other,Chittagong,Home,273.76,33,Mobile,Debit Card,TRUE,1,FALSE,5,11,Premium,High,2
4435,46,Female,Rajshahi,Home,624.76,46,Mobile,Debit Card,TRUE,2,TRUE,4,5,Premium,High,2
4436,59,Other,Mymensingh,Sports,242.84,10,Tablet,Bank Transfer,FALSE,7,FALSE,1,12,Premium,Low,0
4437,42,Male,Barisal,Beauty,854.8,34,Tablet,PayPal,TRUE,6,TRUE,3,13,Trial,Low,0
4438,46,Other,Rangpur,Groceries,425.41,21,Desktop,Debit Card,TRUE,4,TRUE,2,12,Free,Low,0
4439,67,Other,Rajshahi,Books,653.62,58,Mobile,Debit Card,FALSE,5,FALSE,4,9,Trial,High,2
4440,43,Male,Dhaka,Toys,184.64,7,Desktop,Cash on Delivery,TRUE,8,TRUE,2,9,Free,Low,0
4441,46,Female,Khulna,Books,990.44,18,Mobile,Cash on Delivery,FALSE,4,TRUE,2,9,Premium,Medium,1
4442,27,Male,Mymensingh,Groceries,916.33,29,Desktop,Cash on Delivery,TRUE,4,FALSE,4,13,Free,High,2
4443,55,Male,Mymensingh,Clothing,225.17,19,Tablet,Credit Card,FALSE,3,TRUE,1,13,Free,Medium,1
4444,49,Male,Barisal,Books,217.15,58,Tablet,Cash on Delivery,FALSE,7,TRUE,2,2,Trial,Low,0
4445,60,Male,Rangpur,Groceries,30.22,44,Desktop,Debit Card,TRUE,3,TRUE,3,4,Trial,Medium,1
4446,25,Other,Dhaka,Beauty,199.49,35,Tablet,Debit Card,TRUE,9,TRUE,1,8,Free,High,2
4447,30,Other,Rangpur,Groceries,510.06,36,Desktop,Bank Transfer,TRUE,2,FALSE,3,12,Free,High,2
4448,44,Female,Dhaka,Home,312.33,52,Mobile,Bank Transfer,FALSE,8,FALSE,5,5,Trial,Medium,1
4449,24,Male,Mymensingh,Groceries,806.4,32,Desktop,Bank Transfer,FALSE,5,TRUE,1,4,Premium,Medium,1
4450,60,Female,Chittagong,Toys,768.16,31,Tablet,Cash on Delivery,FALSE,6,TRUE,3,3,Premium,High,2
4451,27,Female,Sylhet,Beauty,883.76,45,Tablet,Credit Card,TRUE,6,FALSE,1,13,Trial,High,2
4452,34,Other,Rangpur,Books,447.37,14,Desktop,Credit Card,FALSE,7,FALSE,2,1,Free,High,2
4453,58,Other,Mymensingh,Books,547.35,17,Desktop,Credit Card,FALSE,9,FALSE,1,6,Trial,Medium,1
4454,35,Female,Dhaka,Groceries,851.03,43,Mobile,Debit Card,TRUE,9,FALSE,4,10,Free,High,2
4455,69,Female,Khulna,Books,389.33,52,Mobile,Cash on Delivery,TRUE,4,FALSE,5,8,Free,High,2
4456,56,Other,Chittagong,Beauty,220.28,3,Tablet,Bank Transfer,TRUE,9,FALSE,1,5,Free,High,2
4457,62,Other,Chittagong,Home,173.69,44,Mobile,Debit Card,TRUE,7,TRUE,4,13,Free,Medium,1
4458,30,Male,Rajshahi,Home,655.79,12,Mobile,Bank Transfer,FALSE,8,TRUE,2,9,Trial,Medium,1
4459,31,Male,Rangpur,Groceries,611.82,3,Desktop,Debit Card,TRUE,4,TRUE,4,9,Free,High,2
4460,29,Other,Rangpur,Toys,514.05,15,Tablet,Credit Card,FALSE,1,TRUE,4,7,Trial,High,2
4461,42,Male,Barisal,Books,481.45,15,Tablet,Debit Card,TRUE,6,FALSE,2,10,Premium,Medium,1
4462,45,Other,Sylhet,Clothing,941.45,27,Desktop,Cash on Delivery,FALSE,1,FALSE,4,7,Trial,Low,0
4463,62,Male,Barisal,Electronics,232.24,49,Desktop,Credit Card,TRUE,5,FALSE,1,13,Premium,High,2
4464,38,Female,Dhaka,Home,466.9,44,Desktop,Cash on Delivery,TRUE,4,FALSE,1,2,Free,Medium,1
4465,19,Female,Dhaka,Groceries,568.78,5,Mobile,Credit Card,FALSE,5,FALSE,1,5,Premium,Medium,1
4466,32,Female,Dhaka,Groceries,28.98,27,Mobile,Debit Card,FALSE,4,TRUE,4,5,Premium,High,2
4467,22,Male,Khulna,Beauty,928.65,46,Desktop,Cash on Delivery,TRUE,2,TRUE,5,12,Premium,Medium,1
4468,29,Male,Khulna,Sports,646.66,1,Desktop,Bank Transfer,FALSE,6,FALSE,2,11,Free,Medium,1
4469,41,Male,Barisal,Electronics,60.28,49,Desktop,Credit Card,FALSE,4,FALSE,1,3,Trial,Medium,1
4470,61,Other,Barisal,Home,6.28,13,Tablet,PayPal,FALSE,1,FALSE,4,6,Premium,High,2
4471,24,Other,Mymensingh,Home,872.06,32,Desktop,Cash on Delivery,TRUE,8,FALSE,2,4,Premium,Medium,1
4472,37,Male,Khulna,Home,667.71,36,Desktop,Credit Card,TRUE,1,TRUE,3,13,Premium,High,2
4473,26,Other,Dhaka,Groceries,998.89,56,Desktop,Credit Card,TRUE,3,FALSE,4,7,Premium,High,2
4474,24,Other,Rajshahi,Beauty,411.47,17,Mobile,Bank Transfer,FALSE,6,TRUE,3,5,Free,Medium,1
4475,51,Male,Dhaka,Clothing,565.29,44,Desktop,Bank Transfer,FALSE,9,TRUE,3,2,Free,Medium,1
4476,57,Other,Dhaka,Groceries,661.65,51,Tablet,Cash on Delivery,TRUE,2,TRUE,4,11,Free,Medium,1
4477,37,Female,Mymensingh,Toys,339.71,51,Mobile,Bank Transfer,TRUE,1,FALSE,3,13,Premium,Low,0
4478,26,Female,Chittagong,Toys,757.16,34,Desktop,PayPal,FALSE,9,TRUE,4,13,Free,Medium,1
4479,30,Other,Barisal,Toys,732.39,23,Mobile,Cash on Delivery,TRUE,9,TRUE,3,5,Free,Low,0
4480,45,Other,Mymensingh,Home,536.55,10,Mobile,Cash on Delivery,FALSE,8,FALSE,1,2,Free,Low,0
4481,48,Female,Khulna,Electronics,313.8,3,Mobile,Bank Transfer,TRUE,4,TRUE,3,6,Free,High,2
4482,30,Male,Sylhet,Groceries,423.77,45,Desktop,Bank Transfer,FALSE,3,TRUE,1,10,Free,Low,0
4483,40,Other,Rangpur,Beauty,946.87,27,Mobile,Credit Card,TRUE,5,TRUE,3,7,Premium,Medium,1
4484,57,Other,Chittagong,Home,610.71,16,Tablet,Debit Card,FALSE,8,FALSE,5,12,Premium,Low,0
4485,30,Male,Sylhet,Home,404.27,24,Desktop,Cash on Delivery,FALSE,2,FALSE,2,10,Free,Medium,1
4486,28,Male,Rajshahi,Toys,744.01,7,Tablet,Cash on Delivery,TRUE,5,FALSE,3,7,Premium,Low,0
4487,63,Other,Rajshahi,Groceries,966.48,35,Mobile,Credit Card,FALSE,4,TRUE,2,13,Trial,Low,0
4488,63,Female,Rangpur,Electronics,66.83,19,Mobile,Debit Card,TRUE,2,TRUE,1,10,Premium,Medium,1
4489,27,Female,Mymensingh,Electronics,545.15,5,Mobile,Credit Card,TRUE,7,TRUE,2,2,Trial,Low,0
4490,57,Female,Rajshahi,Clothing,705.47,40,Desktop,Bank Transfer,FALSE,6,TRUE,2,5,Free,High,2
4491,69,Other,Chittagong,Books,801.13,37,Mobile,PayPal,FALSE,8,FALSE,4,6,Trial,Low,0
4492,66,Other,Rangpur,Toys,941.77,26,Tablet,Debit Card,TRUE,4,TRUE,5,12,Trial,Medium,1
4493,30,Male,Dhaka,Toys,86.47,20,Mobile,Bank Transfer,FALSE,4,TRUE,4,2,Free,Medium,1
4494,48,Male,Barisal,Sports,729.29,57,Mobile,Credit Card,FALSE,8,FALSE,5,11,Premium,Low,0
4495,24,Male,Rangpur,Groceries,701.72,17,Mobile,Bank Transfer,TRUE,7,TRUE,1,8,Free,Low,0
4496,67,Male,Mymensingh,Groceries,420.9,2,Desktop,PayPal,TRUE,5,TRUE,5,7,Free,Low,0
4497,69,Female,Dhaka,Beauty,462.14,15,Mobile,Cash on Delivery,FALSE,4,FALSE,5,3,Premium,High,2
4498,65,Male,Chittagong,Sports,910.01,52,Desktop,Credit Card,FALSE,7,FALSE,1,3,Premium,Low,0
4499,57,Other,Khulna,Books,987.13,49,Tablet,Bank Transfer,TRUE,4,TRUE,3,5,Trial,Low,0
4500,51,Other,Rajshahi,Clothing,640.97,46,Mobile,Credit Card,FALSE,5,TRUE,3,9,Trial,Low,0
4501,67,Other,Rajshahi,Electronics,425.81,23,Mobile,Bank Transfer,TRUE,5,TRUE,1,1,Premium,High,2
4502,48,Female,Khulna,Toys,425.64,10,Mobile,Credit Card,FALSE,4,TRUE,5,3,Premium,Low,0
4503,39,Male,Khulna,Beauty,174.74,47,Tablet,Credit Card,FALSE,3,TRUE,3,1,Trial,Medium,1
4504,50,Male,Dhaka,Electronics,412.84,45,Desktop,Debit Card,TRUE,1,TRUE,2,2,Trial,Medium,1
4505,50,Male,Rajshahi,Clothing,972.87,2,Desktop,PayPal,TRUE,5,FALSE,4,3,Free,High,2
4506,52,Male,Dhaka,Beauty,344.1,15,Tablet,Cash on Delivery,TRUE,6,TRUE,5,11,Premium,Low,0
4507,25,Male,Sylhet,Books,339.81,15,Mobile,Debit Card,FALSE,8,FALSE,4,9,Trial,High,2
4508,53,Male,Mymensingh,Beauty,374.98,25,Tablet,Debit Card,TRUE,1,FALSE,5,12,Premium,Low,0
4509,46,Female,Chittagong,Books,377.17,17,Desktop,Credit Card,FALSE,2,FALSE,4,4,Premium,Low,0
4510,45,Male,Barisal,Books,471,58,Mobile,Cash on Delivery,TRUE,3,FALSE,1,2,Premium,Low,0
4511,58,Other,Rajshahi,Sports,154.31,15,Desktop,Cash on Delivery,FALSE,5,TRUE,5,6,Premium,High,2
4512,66,Male,Khulna,Home,707.11,53,Mobile,Credit Card,FALSE,6,FALSE,4,11,Trial,Medium,1
4513,54,Female,Mymensingh,Clothing,738.83,35,Mobile,Bank Transfer,FALSE,4,FALSE,5,12,Premium,High,2
4514,35,Other,Sylhet,Toys,720.59,54,Desktop,Cash on Delivery,TRUE,9,TRUE,4,2,Free,Medium,1
4515,30,Other,Khulna,Beauty,472.57,56,Mobile,Debit Card,FALSE,3,FALSE,1,3,Premium,High,2
4516,44,Female,Khulna,Toys,779.22,43,Desktop,Bank Transfer,TRUE,2,TRUE,4,6,Free,Medium,1
4517,65,Male,Dhaka,Sports,325.24,43,Mobile,PayPal,TRUE,4,FALSE,3,5,Trial,High,2
4518,32,Other,Khulna,Clothing,623.44,45,Desktop,Bank Transfer,FALSE,5,TRUE,1,8,Trial,High,2
4519,54,Other,Barisal,Clothing,184.77,28,Tablet,PayPal,FALSE,1,FALSE,5,11,Trial,Low,0
4520,19,Female,Rangpur,Toys,60.62,49,Mobile,Credit Card,TRUE,5,TRUE,1,11,Premium,High,2
4521,43,Female,Rajshahi,Books,211.57,59,Desktop,Cash on Delivery,FALSE,6,FALSE,4,12,Free,High,2
4522,53,Other,Barisal,Clothing,962.76,37,Mobile,Credit Card,TRUE,7,TRUE,2,8,Trial,Low,0
4523,51,Female,Mymensingh,Electronics,912.47,53,Mobile,Bank Transfer,TRUE,1,FALSE,2,4,Trial,High,2
4524,37,Other,Rajshahi,Toys,933.92,44,Tablet,Debit Card,FALSE,8,TRUE,4,7,Trial,Low,0
4525,52,Male,Dhaka,Beauty,849.48,33,Desktop,Credit Card,FALSE,2,TRUE,3,13,Premium,Medium,1
4526,32,Female,Mymensingh,Beauty,83.39,31,Tablet,PayPal,FALSE,5,FALSE,1,2,Free,Medium,1
4527,44,Other,Chittagong,Clothing,744.85,53,Tablet,Debit Card,FALSE,7,TRUE,5,4,Trial,Low,0
4528,52,Other,Chittagong,Home,455.94,19,Desktop,Debit Card,FALSE,8,FALSE,5,4,Free,Low,0
4529,34,Male,Barisal,Groceries,855.36,57,Mobile,Bank Transfer,FALSE,8,FALSE,4,7,Trial,Medium,1
4530,66,Other,Sylhet,Books,376.68,24,Tablet,Bank Transfer,TRUE,7,FALSE,3,6,Free,Medium,1
4531,56,Male,Sylhet,Clothing,475.43,44,Mobile,Debit Card,TRUE,8,FALSE,2,5,Trial,Medium,1
4532,59,Male,Mymensingh,Books,484.14,58,Tablet,Debit Card,FALSE,1,TRUE,4,4,Premium,Low,0
4533,54,Other,Chittagong,Beauty,440.56,51,Tablet,Credit Card,TRUE,1,FALSE,1,12,Premium,Low,0
4534,66,Other,Dhaka,Home,767.63,44,Desktop,Credit Card,FALSE,1,FALSE,5,8,Premium,Low,0
4535,36,Male,Mymensingh,Beauty,372.9,3,Desktop,Cash on Delivery,FALSE,1,TRUE,5,6,Trial,High,2
4536,50,Other,Rajshahi,Toys,888.31,48,Tablet,Debit Card,TRUE,3,FALSE,4,3,Free,High,2
4537,23,Other,Rangpur,Electronics,932.78,46,Tablet,Credit Card,TRUE,4,TRUE,3,2,Trial,Low,0
4538,49,Male,Dhaka,Clothing,542.64,1,Tablet,Bank Transfer,FALSE,4,TRUE,3,7,Trial,High,2
4539,42,Female,Dhaka,Toys,760.63,37,Desktop,PayPal,TRUE,2,TRUE,5,12,Free,Medium,1
4540,18,Other,Mymensingh,Toys,639.6,10,Mobile,Debit Card,FALSE,7,TRUE,5,4,Premium,Low,0
4541,28,Female,Rajshahi,Beauty,137.97,5,Desktop,Bank Transfer,FALSE,1,FALSE,2,13,Free,Low,0
4542,34,Male,Sylhet,Clothing,598.29,32,Desktop,Bank Transfer,TRUE,5,TRUE,4,1,Premium,Low,0
4543,38,Other,Rangpur,Toys,323.31,19,Desktop,Debit Card,TRUE,7,TRUE,2,3,Trial,Medium,1
4544,38,Male,Rangpur,Toys,752.7,7,Mobile,Bank Transfer,FALSE,4,FALSE,4,9,Trial,High,2
4545,29,Female,Rangpur,Books,963.66,16,Tablet,Cash on Delivery,FALSE,9,TRUE,3,10,Premium,Medium,1
4546,39,Other,Mymensingh,Toys,867.49,25,Tablet,Cash on Delivery,TRUE,6,FALSE,4,6,Premium,Low,0
4547,49,Male,Rangpur,Electronics,102.44,59,Mobile,PayPal,TRUE,7,FALSE,2,13,Premium,High,2
4548,47,Female,Rangpur,Clothing,464.69,15,Desktop,Cash on Delivery,FALSE,7,TRUE,2,13,Premium,Medium,1
4549,37,Male,Chittagong,Beauty,937.18,24,Desktop,Bank Transfer,FALSE,8,FALSE,2,7,Free,High,2
4550,57,Female,Rangpur,Beauty,85.79,25,Mobile,Debit Card,TRUE,1,FALSE,5,5,Free,Low,0
4551,55,Female,Chittagong,Home,921.48,10,Tablet,Credit Card,TRUE,4,FALSE,3,8,Premium,Low,0
4552,51,Female,Rajshahi,Electronics,938.08,3,Desktop,Cash on Delivery,FALSE,9,TRUE,3,8,Free,Medium,1
4553,46,Male,Sylhet,Books,115.67,10,Tablet,Debit Card,TRUE,6,TRUE,1,6,Trial,High,2
4554,62,Female,Dhaka,Books,503.28,38,Mobile,Credit Card,TRUE,4,FALSE,2,9,Free,Medium,1
4555,22,Female,Chittagong,Clothing,463.29,13,Tablet,Credit Card,FALSE,5,TRUE,5,13,Free,Medium,1
4556,52,Other,Rangpur,Toys,489.66,39,Desktop,PayPal,FALSE,6,TRUE,3,1,Free,Medium,1
4557,44,Male,Mymensingh,Home,739.95,48,Tablet,Debit Card,FALSE,1,FALSE,4,9,Free,Medium,1
4558,60,Male,Khulna,Sports,61.64,12,Tablet,Debit Card,FALSE,5,FALSE,5,7,Free,Medium,1
4559,34,Male,Khulna,Clothing,311.24,11,Tablet,Credit Card,TRUE,1,FALSE,4,9,Premium,Low,0
4560,19,Male,Rajshahi,Sports,182.07,23,Tablet,PayPal,TRUE,4,FALSE,2,2,Trial,Medium,1
4561,34,Male,Mymensingh,Toys,457.07,31,Desktop,PayPal,FALSE,2,TRUE,5,1,Trial,Low,0
4562,52,Other,Barisal,Electronics,396.51,31,Mobile,Credit Card,TRUE,2,FALSE,3,4,Premium,Low,0
4563,65,Male,Khulna,Groceries,22.41,29,Tablet,Bank Transfer,TRUE,7,FALSE,1,2,Free,High,2
4564,33,Other,Mymensingh,Sports,370.48,37,Mobile,Debit Card,TRUE,8,FALSE,1,4,Premium,Low,0
4565,40,Other,Rangpur,Books,455.09,3,Mobile,PayPal,TRUE,7,FALSE,5,3,Premium,Low,0
4566,41,Other,Sylhet,Clothing,352.63,58,Mobile,Credit Card,TRUE,3,FALSE,2,1,Premium,Low,0
4567,30,Male,Khulna,Beauty,44.91,33,Mobile,Cash on Delivery,FALSE,2,FALSE,3,5,Trial,Medium,1
4568,58,Other,Sylhet,Groceries,494.36,55,Tablet,Bank Transfer,FALSE,5,TRUE,4,7,Premium,Medium,1
4569,49,Other,Rajshahi,Clothing,405.28,21,Mobile,PayPal,FALSE,2,FALSE,4,4,Free,Low,0
4570,65,Female,Rajshahi,Beauty,463.08,28,Mobile,Debit Card,TRUE,7,TRUE,2,4,Premium,Low,0
4571,31,Other,Rangpur,Sports,912.46,16,Desktop,PayPal,FALSE,1,TRUE,3,9,Trial,High,2
4572,20,Other,Barisal,Books,570.34,54,Tablet,Cash on Delivery,FALSE,7,TRUE,1,8,Free,Medium,1
4573,39,Other,Rangpur,Groceries,748.64,36,Mobile,PayPal,TRUE,3,FALSE,4,6,Premium,High,2
4574,49,Male,Sylhet,Beauty,664.27,37,Desktop,Debit Card,TRUE,6,FALSE,3,2,Free,High,2
4575,20,Male,Sylhet,Books,698.7,16,Tablet,Debit Card,FALSE,7,FALSE,4,1,Premium,High,2
4576,59,Male,Rangpur,Clothing,294.51,58,Desktop,PayPal,FALSE,2,FALSE,1,3,Premium,Medium,1
4577,66,Other,Chittagong,Clothing,730.76,25,Desktop,Credit Card,FALSE,8,TRUE,5,11,Trial,Low,0
4578,31,Other,Rangpur,Groceries,866.84,37,Tablet,PayPal,FALSE,2,TRUE,5,10,Free,Medium,1
4579,39,Male,Khulna,Clothing,277.66,5,Tablet,PayPal,TRUE,2,FALSE,4,11,Premium,Low,0
4580,59,Male,Sylhet,Books,913.48,23,Tablet,Credit Card,FALSE,4,TRUE,3,5,Free,Medium,1
4581,58,Male,Rajshahi,Groceries,620.37,47,Mobile,Debit Card,TRUE,7,FALSE,2,5,Premium,High,2
4582,59,Female,Rajshahi,Sports,363.65,59,Tablet,Debit Card,TRUE,6,TRUE,5,11,Free,Low,0
4583,37,Other,Dhaka,Clothing,255.58,3,Mobile,Cash on Delivery,TRUE,3,FALSE,3,12,Trial,High,2
4584,59,Other,Barisal,Toys,704.86,35,Tablet,PayPal,FALSE,7,TRUE,2,10,Free,Medium,1
4585,64,Male,Khulna,Home,801.35,53,Mobile,Bank Transfer,FALSE,9,FALSE,2,7,Free,Low,0
4586,36,Male,Rangpur,Books,734.35,4,Mobile,Debit Card,FALSE,2,TRUE,2,12,Free,Low,0
4587,22,Male,Mymensingh,Home,761.29,34,Desktop,Cash on Delivery,FALSE,6,TRUE,3,1,Free,Medium,1
4588,54,Female,Rangpur,Sports,477.14,41,Mobile,Cash on Delivery,FALSE,1,FALSE,1,8,Trial,High,2
4589,40,Female,Khulna,Sports,265.09,33,Desktop,Debit Card,TRUE,4,FALSE,3,1,Trial,High,2
4590,21,Female,Rajshahi,Electronics,579.98,47,Desktop,Bank Transfer,TRUE,9,FALSE,3,2,Premium,High,2
4591,27,Female,Dhaka,Clothing,730.29,36,Tablet,PayPal,FALSE,2,TRUE,2,1,Premium,Medium,1
4592,45,Female,Chittagong,Groceries,321.84,30,Desktop,Debit Card,TRUE,7,TRUE,2,3,Premium,High,2
4593,36,Male,Chittagong,Sports,728.18,57,Tablet,Bank Transfer,TRUE,2,TRUE,3,5,Trial,Medium,1
4594,43,Male,Dhaka,Clothing,735.11,3,Tablet,Debit Card,FALSE,3,FALSE,3,10,Free,Medium,1
4595,65,Male,Chittagong,Books,557.01,59,Tablet,Debit Card,TRUE,6,TRUE,1,4,Premium,Low,0
4596,27,Male,Barisal,Books,680.18,46,Tablet,Debit Card,TRUE,3,TRUE,4,8,Free,Medium,1
4597,25,Other,Mymensingh,Toys,690.64,22,Mobile,Bank Transfer,TRUE,6,FALSE,3,10,Trial,Medium,1
4598,53,Female,Khulna,Books,557.24,9,Mobile,PayPal,TRUE,4,FALSE,4,4,Trial,Medium,1
4599,49,Male,Dhaka,Beauty,346.88,14,Mobile,Bank Transfer,TRUE,9,TRUE,4,2,Free,Medium,1
4600,23,Other,Dhaka,Electronics,423.3,37,Mobile,PayPal,TRUE,5,TRUE,2,3,Free,Low,0
4601,31,Female,Rangpur,Books,552.71,39,Desktop,Cash on Delivery,FALSE,8,FALSE,3,12,Free,Low,0
4602,29,Male,Chittagong,Sports,994.47,6,Desktop,Debit Card,TRUE,6,FALSE,3,12,Premium,Medium,1
4603,19,Female,Mymensingh,Sports,101.98,21,Mobile,Credit Card,FALSE,6,TRUE,4,13,Free,Medium,1
4604,44,Male,Khulna,Books,948.23,23,Tablet,Debit Card,TRUE,4,TRUE,4,4,Free,Medium,1
4605,32,Female,Barisal,Electronics,58.54,56,Desktop,Cash on Delivery,TRUE,6,FALSE,4,5,Premium,Medium,1
4606,46,Female,Dhaka,Home,662.26,32,Mobile,PayPal,TRUE,5,TRUE,2,2,Free,High,2
4607,31,Other,Khulna,Beauty,717.49,43,Mobile,Debit Card,FALSE,4,TRUE,2,10,Free,High,2
4608,23,Other,Chittagong,Electronics,350.37,34,Desktop,PayPal,TRUE,9,TRUE,3,3,Premium,Medium,1
4609,34,Other,Chittagong,Groceries,649.99,45,Mobile,Debit Card,FALSE,4,TRUE,5,6,Trial,High,2
4610,30,Female,Rajshahi,Sports,50.94,49,Mobile,Debit Card,TRUE,6,TRUE,1,7,Trial,Low,0
4611,63,Female,Sylhet,Sports,603.48,20,Tablet,PayPal,FALSE,9,TRUE,3,3,Premium,Medium,1
4612,54,Other,Chittagong,Books,414.6,43,Mobile,Credit Card,TRUE,7,TRUE,1,5,Free,Low,0
4613,36,Other,Dhaka,Toys,92.58,5,Tablet,Cash on Delivery,TRUE,6,FALSE,4,8,Free,Low,0
4614,29,Other,Rangpur,Beauty,623.09,24,Desktop,Credit Card,TRUE,5,FALSE,4,5,Trial,High,2
4615,21,Female,Mymensingh,Groceries,920.87,15,Mobile,PayPal,TRUE,7,FALSE,5,7,Free,Medium,1
4616,21,Male,Dhaka,Beauty,647.52,42,Tablet,Cash on Delivery,FALSE,9,FALSE,2,11,Free,Low,0
4617,24,Other,Chittagong,Groceries,216.24,16,Desktop,Credit Card,FALSE,2,TRUE,4,13,Premium,Low,0
4618,55,Female,Rajshahi,Home,338.63,39,Mobile,Debit Card,FALSE,3,TRUE,2,11,Premium,Low,0
4619,64,Female,Dhaka,Beauty,229.71,17,Tablet,Cash on Delivery,TRUE,2,TRUE,5,11,Trial,High,2
4620,52,Other,Khulna,Sports,577.18,1,Desktop,Bank Transfer,TRUE,6,FALSE,3,8,Trial,Medium,1
4621,36,Female,Chittagong,Beauty,510.99,39,Mobile,Cash on Delivery,FALSE,1,FALSE,3,12,Trial,Low,0
4622,20,Other,Khulna,Home,342.37,37,Tablet,Credit Card,TRUE,1,TRUE,4,11,Trial,Low,0
4623,27,Other,Khulna,Sports,686.36,59,Tablet,Bank Transfer,TRUE,3,FALSE,2,11,Premium,Low,0
4624,21,Female,Mymensingh,Home,656.9,50,Tablet,Credit Card,FALSE,3,FALSE,3,11,Trial,Low,0
4625,32,Male,Rajshahi,Sports,140.53,57,Mobile,Bank Transfer,FALSE,8,FALSE,5,3,Premium,Low,0
4626,35,Female,Khulna,Electronics,947.24,14,Tablet,PayPal,TRUE,8,FALSE,2,1,Free,Low,0
4627,32,Male,Rangpur,Toys,903.94,6,Desktop,PayPal,TRUE,1,FALSE,2,8,Free,Low,0
4628,66,Male,Khulna,Clothing,16.44,51,Desktop,Debit Card,FALSE,6,FALSE,2,7,Premium,Low,0
4629,26,Female,Khulna,Beauty,360.23,57,Desktop,Credit Card,FALSE,1,FALSE,4,7,Trial,High,2
4630,39,Female,Chittagong,Clothing,418.19,29,Mobile,Credit Card,FALSE,7,TRUE,2,5,Free,Low,0
4631,20,Other,Mymensingh,Beauty,832.1,36,Desktop,Debit Card,TRUE,3,TRUE,1,12,Premium,High,2
4632,26,Other,Barisal,Books,551.15,4,Desktop,Cash on Delivery,FALSE,1,TRUE,3,13,Premium,Medium,1
4633,26,Female,Rajshahi,Clothing,832.93,35,Tablet,PayPal,FALSE,5,FALSE,4,10,Trial,High,2
4634,67,Male,Rajshahi,Toys,603.06,21,Desktop,Debit Card,TRUE,6,FALSE,3,8,Free,Medium,1
4635,49,Female,Barisal,Groceries,887.3,54,Desktop,Cash on Delivery,TRUE,7,TRUE,4,5,Premium,Low,0
4636,63,Other,Rangpur,Toys,36.88,53,Tablet,Credit Card,FALSE,6,FALSE,3,8,Free,Medium,1
4637,68,Female,Mymensingh,Toys,424.82,28,Mobile,Cash on Delivery,FALSE,1,TRUE,4,4,Premium,High,2
4638,29,Male,Khulna,Sports,33.65,34,Tablet,PayPal,TRUE,1,FALSE,2,13,Premium,High,2
4639,37,Male,Chittagong,Groceries,210.46,20,Tablet,Credit Card,FALSE,6,TRUE,2,12,Trial,High,2
4640,30,Male,Barisal,Electronics,313.04,32,Tablet,PayPal,FALSE,9,FALSE,4,2,Premium,Low,0
4641,62,Male,Chittagong,Clothing,952.2,30,Mobile,Bank Transfer,FALSE,9,TRUE,4,10,Trial,Medium,1
4642,66,Male,Mymensingh,Books,196.61,43,Tablet,Cash on Delivery,FALSE,5,FALSE,4,3,Free,High,2
4643,68,Male,Sylhet,Sports,598.82,15,Tablet,PayPal,TRUE,4,FALSE,1,13,Free,Medium,1
4644,49,Male,Barisal,Beauty,617.79,44,Tablet,PayPal,FALSE,8,FALSE,1,2,Trial,Medium,1
4645,67,Other,Sylhet,Clothing,445.24,24,Desktop,PayPal,TRUE,2,TRUE,5,6,Free,Medium,1
4646,68,Female,Khulna,Clothing,571.53,23,Mobile,Bank Transfer,FALSE,8,TRUE,2,2,Premium,Low,0
4647,44,Female,Mymensingh,Beauty,196.71,26,Tablet,PayPal,FALSE,2,TRUE,1,6,Free,Low,0
4648,24,Female,Rangpur,Books,509.31,40,Mobile,Bank Transfer,TRUE,9,TRUE,2,10,Free,Medium,1
4649,61,Other,Khulna,Home,227.89,36,Desktop,Credit Card,FALSE,6,FALSE,5,6,Free,Low,0
4650,54,Male,Khulna,Electronics,286.63,29,Desktop,Debit Card,TRUE,3,TRUE,4,2,Trial,Medium,1
4651,65,Other,Chittagong,Sports,725.71,36,Desktop,PayPal,FALSE,8,FALSE,5,9,Free,Low,0
4652,62,Male,Dhaka,Electronics,856.07,9,Mobile,Bank Transfer,TRUE,7,TRUE,2,4,Free,High,2
4653,52,Male,Chittagong,Books,946.37,7,Desktop,Bank Transfer,FALSE,9,TRUE,5,2,Premium,High,2
4654,29,Female,Dhaka,Toys,633.72,49,Tablet,Cash on Delivery,FALSE,8,FALSE,2,12,Free,High,2
4655,63,Male,Dhaka,Sports,223.63,2,Mobile,Bank Transfer,FALSE,5,TRUE,1,8,Free,Low,0
4656,43,Male,Mymensingh,Toys,925.33,21,Tablet,Cash on Delivery,FALSE,8,FALSE,4,11,Trial,Medium,1
4657,65,Male,Chittagong,Sports,53.48,10,Desktop,Bank Transfer,FALSE,4,FALSE,4,10,Free,Medium,1
4658,64,Other,Khulna,Toys,733.72,31,Tablet,Cash on Delivery,FALSE,6,FALSE,4,9,Premium,Medium,1
4659,60,Male,Mymensingh,Groceries,335.72,39,Desktop,Cash on Delivery,FALSE,4,FALSE,4,6,Trial,Medium,1
4660,35,Other,Rajshahi,Books,288.83,56,Desktop,Credit Card,TRUE,9,FALSE,4,2,Premium,High,2
4661,63,Male,Khulna,Electronics,128.75,58,Mobile,Debit Card,TRUE,3,TRUE,5,6,Trial,Low,0
4662,68,Female,Rangpur,Electronics,453.6,7,Desktop,Credit Card,TRUE,2,TRUE,3,5,Premium,Medium,1
4663,56,Male,Dhaka,Books,315.34,37,Desktop,PayPal,FALSE,4,TRUE,4,1,Trial,High,2
4664,28,Other,Khulna,Sports,184.47,35,Mobile,Credit Card,FALSE,2,FALSE,5,5,Trial,Medium,1
4665,52,Female,Chittagong,Sports,505.29,7,Desktop,Bank Transfer,FALSE,1,TRUE,4,8,Premium,High,2
4666,34,Female,Khulna,Sports,240.07,49,Tablet,Bank Transfer,TRUE,4,TRUE,2,6,Premium,Medium,1
4667,45,Male,Khulna,Clothing,151.28,36,Desktop,Cash on Delivery,TRUE,9,TRUE,1,1,Free,Low,0
4668,19,Male,Dhaka,Groceries,359.84,57,Tablet,Cash on Delivery,TRUE,4,FALSE,3,9,Free,High,2
4669,26,Female,Mymensingh,Groceries,190.39,50,Tablet,Cash on Delivery,FALSE,9,TRUE,1,6,Premium,Medium,1
4670,60,Other,Mymensingh,Sports,498.34,52,Tablet,Credit Card,TRUE,2,TRUE,4,4,Free,Medium,1
4671,62,Male,Dhaka,Sports,667.03,49,Mobile,Debit Card,FALSE,9,FALSE,2,11,Trial,High,2
4672,61,Female,Sylhet,Electronics,551.39,39,Desktop,Cash on Delivery,FALSE,7,FALSE,4,13,Premium,High,2
4673,56,Female,Barisal,Electronics,889.77,48,Mobile,Credit Card,FALSE,9,FALSE,3,7,Trial,Medium,1
4674,35,Female,Rangpur,Toys,728.1,55,Tablet,Debit Card,FALSE,9,TRUE,2,5,Free,Medium,1
4675,48,Male,Barisal,Books,477.06,53,Mobile,PayPal,FALSE,5,FALSE,1,4,Free,Low,0
4676,48,Male,Rajshahi,Beauty,559.6,50,Desktop,PayPal,FALSE,9,TRUE,3,7,Free,Low,0
4677,45,Male,Mymensingh,Clothing,240.81,1,Desktop,Debit Card,TRUE,4,FALSE,2,13,Trial,Medium,1
4678,40,Other,Dhaka,Sports,669.29,42,Mobile,Cash on Delivery,FALSE,4,TRUE,1,2,Premium,Medium,1
4679,48,Other,Dhaka,Beauty,569.05,22,Mobile,Cash on Delivery,TRUE,4,TRUE,3,6,Trial,Low,0
4680,64,Other,Khulna,Beauty,781.44,10,Desktop,Bank Transfer,TRUE,3,FALSE,2,12,Premium,Low,0
4681,40,Female,Rangpur,Books,299.06,25,Tablet,Credit Card,FALSE,2,TRUE,4,13,Free,High,2
4682,69,Other,Dhaka,Clothing,18.84,33,Mobile,Bank Transfer,TRUE,7,FALSE,3,1,Free,High,2
4683,33,Other,Mymensingh,Home,238.33,31,Mobile,Debit Card,TRUE,5,TRUE,1,3,Premium,Low,0
4684,37,Female,Mymensingh,Toys,561.76,39,Desktop,Debit Card,TRUE,3,FALSE,4,13,Free,Low,0
4685,46,Male,Chittagong,Books,595.92,28,Mobile,Debit Card,FALSE,5,FALSE,4,3,Free,Medium,1
4686,46,Other,Rajshahi,Clothing,61.39,38,Desktop,Debit Card,TRUE,8,FALSE,3,13,Trial,Medium,1
4687,58,Male,Barisal,Clothing,732.14,55,Mobile,Cash on Delivery,TRUE,3,FALSE,1,11,Trial,Medium,1
4688,51,Female,Barisal,Toys,262.76,17,Desktop,PayPal,FALSE,1,TRUE,5,8,Premium,High,2
4689,69,Other,Mymensingh,Beauty,531.47,18,Tablet,PayPal,FALSE,3,FALSE,5,2,Free,Medium,1
4690,27,Other,Rajshahi,Toys,631.99,11,Desktop,Bank Transfer,FALSE,9,TRUE,5,7,Premium,Low,0
4691,33,Female,Dhaka,Beauty,55.5,9,Desktop,Cash on Delivery,TRUE,3,TRUE,4,5,Premium,Low,0
4692,62,Other,Barisal,Groceries,598.74,28,Mobile,PayPal,FALSE,9,FALSE,1,8,Free,Medium,1
4693,64,Male,Sylhet,Electronics,158.61,55,Mobile,Cash on Delivery,FALSE,9,TRUE,5,1,Trial,Medium,1
4694,37,Male,Rangpur,Groceries,658.14,38,Tablet,Debit Card,TRUE,7,FALSE,2,2,Trial,High,2
4695,46,Other,Dhaka,Clothing,997.85,59,Mobile,Bank Transfer,FALSE,1,FALSE,4,10,Free,Low,0
4696,69,Female,Rajshahi,Beauty,256.45,6,Tablet,Cash on Delivery,TRUE,3,TRUE,3,7,Trial,Medium,1
4697,67,Other,Khulna,Toys,842.35,19,Desktop,PayPal,FALSE,5,FALSE,4,7,Premium,Medium,1
4698,48,Male,Chittagong,Groceries,509.65,51,Desktop,PayPal,TRUE,7,TRUE,2,11,Free,Medium,1
4699,37,Other,Mymensingh,Sports,29.57,37,Mobile,Bank Transfer,TRUE,8,TRUE,5,13,Trial,Low,0
4700,36,Female,Khulna,Beauty,86.02,5,Mobile,Cash on Delivery,FALSE,8,TRUE,5,11,Premium,High,2
4701,26,Male,Barisal,Home,273.72,27,Desktop,Cash on Delivery,TRUE,3,FALSE,4,6,Trial,Medium,1
4702,22,Female,Chittagong,Electronics,990.41,36,Mobile,PayPal,FALSE,8,FALSE,1,7,Trial,Medium,1
4703,18,Male,Sylhet,Home,15.89,35,Mobile,Credit Card,FALSE,7,TRUE,3,13,Premium,Medium,1
4704,37,Other,Rangpur,Sports,913.99,46,Tablet,Bank Transfer,TRUE,1,TRUE,5,4,Premium,Low,0
4705,48,Other,Khulna,Books,760.74,30,Desktop,Cash on Delivery,FALSE,2,FALSE,3,8,Premium,Medium,1
4706,31,Female,Khulna,Clothing,824.69,47,Tablet,Cash on Delivery,TRUE,8,FALSE,3,2,Trial,Medium,1
4707,18,Female,Mymensingh,Clothing,99.43,43,Tablet,Cash on Delivery,TRUE,2,TRUE,4,13,Trial,Low,0
4708,45,Other,Rajshahi,Toys,588.91,10,Desktop,Cash on Delivery,TRUE,5,FALSE,1,5,Free,High,2
4709,21,Female,Chittagong,Groceries,124.23,18,Desktop,PayPal,TRUE,4,FALSE,2,12,Free,High,2
4710,59,Other,Chittagong,Beauty,161.15,38,Mobile,Credit Card,TRUE,7,TRUE,3,6,Free,Medium,1
4711,20,Male,Khulna,Clothing,768.58,21,Tablet,Credit Card,FALSE,8,TRUE,4,3,Premium,Medium,1
4712,49,Female,Chittagong,Sports,680.86,50,Tablet,Bank Transfer,FALSE,6,FALSE,4,12,Premium,Medium,1
4713,48,Male,Sylhet,Sports,927.76,16,Mobile,Credit Card,TRUE,2,TRUE,1,8,Trial,Low,0
4714,54,Male,Chittagong,Home,532.98,52,Mobile,Credit Card,FALSE,4,FALSE,2,8,Premium,Medium,1
4715,27,Male,Rangpur,Sports,392.13,28,Desktop,Bank Transfer,FALSE,4,FALSE,5,5,Trial,High,2
4716,23,Other,Sylhet,Sports,653.51,3,Desktop,Cash on Delivery,TRUE,2,FALSE,4,4,Premium,Medium,1
4717,20,Other,Rajshahi,Home,250.83,50,Mobile,Cash on Delivery,FALSE,1,TRUE,4,13,Premium,Medium,1
4718,62,Other,Sylhet,Beauty,793.63,8,Tablet,Debit Card,FALSE,2,TRUE,4,11,Premium,Low,0
4719,56,Female,Mymensingh,Clothing,357.82,57,Tablet,PayPal,TRUE,6,TRUE,2,2,Premium,Medium,1
4720,68,Male,Rangpur,Clothing,326.57,20,Desktop,Bank Transfer,FALSE,3,TRUE,5,6,Premium,Medium,1
4721,63,Female,Mymensingh,Books,629.69,12,Desktop,Debit Card,TRUE,9,FALSE,2,12,Premium,High,2
4722,59,Male,Chittagong,Electronics,128.75,33,Desktop,PayPal,FALSE,1,TRUE,4,2,Trial,Medium,1
4723,33,Other,Sylhet,Electronics,404.57,2,Desktop,PayPal,TRUE,2,FALSE,3,9,Premium,High,2
4724,32,Female,Sylhet,Sports,521.72,27,Mobile,Cash on Delivery,TRUE,4,FALSE,1,13,Premium,High,2
4725,25,Female,Sylhet,Books,807.31,44,Desktop,Bank Transfer,FALSE,9,FALSE,1,7,Premium,Medium,1
4726,25,Male,Khulna,Clothing,796.35,17,Mobile,Bank Transfer,FALSE,9,TRUE,5,6,Free,High,2
4727,19,Other,Chittagong,Toys,853.98,16,Mobile,Cash on Delivery,FALSE,7,FALSE,1,4,Premium,Low,0
4728,27,Male,Barisal,Electronics,575.02,38,Mobile,Bank Transfer,TRUE,1,FALSE,5,4,Trial,Medium,1
4729,42,Male,Dhaka,Books,859.79,37,Mobile,Cash on Delivery,TRUE,1,TRUE,3,13,Free,High,2
4730,22,Male,Chittagong,Electronics,779.83,45,Desktop,Bank Transfer,TRUE,3,TRUE,2,7,Trial,Low,0
4731,47,Female,Dhaka,Toys,157.3,54,Desktop,Debit Card,TRUE,8,FALSE,3,8,Premium,High,2
4732,19,Male,Rajshahi,Electronics,660.22,24,Tablet,PayPal,TRUE,3,FALSE,3,6,Trial,High,2
4733,57,Female,Chittagong,Sports,294.14,20,Tablet,Cash on Delivery,TRUE,6,FALSE,2,6,Trial,High,2
4734,20,Other,Chittagong,Books,551.5,38,Tablet,Cash on Delivery,FALSE,4,FALSE,5,1,Premium,Low,0
4735,26,Male,Chittagong,Home,903.17,32,Desktop,Bank Transfer,FALSE,8,TRUE,5,10,Premium,Low,0
4736,42,Other,Barisal,Electronics,421.72,24,Tablet,Credit Card,TRUE,3,FALSE,5,10,Trial,High,2
4737,27,Other,Mymensingh,Electronics,730.63,35,Tablet,Bank Transfer,TRUE,2,TRUE,1,4,Free,Low,0
4738,58,Other,Sylhet,Groceries,20.77,55,Mobile,Credit Card,TRUE,6,TRUE,1,8,Trial,High,2
4739,39,Male,Khulna,Toys,360.21,15,Desktop,Bank Transfer,TRUE,5,TRUE,4,9,Free,Low,0
4740,59,Female,Mymensingh,Home,135.11,52,Desktop,Bank Transfer,FALSE,3,TRUE,4,6,Premium,Medium,1
4741,64,Male,Khulna,Beauty,356.5,51,Desktop,Credit Card,TRUE,3,TRUE,4,9,Trial,High,2
4742,20,Other,Barisal,Toys,162.45,2,Desktop,Credit Card,FALSE,9,TRUE,5,5,Free,High,2
4743,52,Female,Rangpur,Groceries,68.69,37,Desktop,Debit Card,FALSE,3,FALSE,1,8,Free,High,2
4744,22,Female,Dhaka,Home,620.68,5,Tablet,Cash on Delivery,FALSE,7,TRUE,5,7,Premium,Medium,1
4745,55,Other,Barisal,Books,144.9,50,Mobile,Bank Transfer,TRUE,1,TRUE,4,8,Free,High,2
4746,49,Female,Chittagong,Books,201.75,15,Tablet,Debit Card,TRUE,8,TRUE,5,13,Premium,High,2
4747,51,Other,Chittagong,Groceries,708.01,21,Tablet,Cash on Delivery,FALSE,5,TRUE,4,7,Free,High,2
4748,41,Other,Rangpur,Electronics,177.36,3,Mobile,Cash on Delivery,FALSE,8,TRUE,2,4,Premium,Medium,1
4749,33,Female,Sylhet,Sports,681.26,8,Mobile,PayPal,FALSE,9,FALSE,2,8,Trial,High,2
4750,25,Male,Barisal,Toys,668.44,51,Tablet,Credit Card,TRUE,3,FALSE,3,13,Premium,High,2
4751,58,Male,Rajshahi,Books,210.05,17,Desktop,Credit Card,TRUE,4,TRUE,2,2,Free,Low,0
4752,19,Other,Sylhet,Sports,153.37,25,Tablet,Credit Card,FALSE,2,FALSE,3,8,Free,Medium,1
4753,36,Female,Rangpur,Home,893.52,44,Mobile,PayPal,TRUE,1,FALSE,4,11,Premium,Medium,1
4754,49,Male,Sylhet,Clothing,726.61,20,Mobile,PayPal,TRUE,9,TRUE,2,8,Premium,High,2
4755,21,Male,Rangpur,Books,733.68,27,Tablet,PayPal,FALSE,1,FALSE,2,12,Free,High,2
4756,22,Female,Barisal,Electronics,272.96,36,Desktop,PayPal,FALSE,6,TRUE,4,1,Free,Medium,1
4757,38,Other,Mymensingh,Groceries,853.25,38,Mobile,PayPal,TRUE,5,TRUE,3,11,Premium,Low,0
4758,31,Male,Barisal,Beauty,34.4,21,Desktop,Bank Transfer,FALSE,5,FALSE,2,5,Premium,High,2
4759,50,Female,Barisal,Electronics,56.07,38,Mobile,PayPal,FALSE,5,TRUE,3,4,Trial,Low,0
4760,68,Other,Chittagong,Electronics,912.13,49,Mobile,Bank Transfer,FALSE,5,FALSE,3,3,Premium,High,2
4761,43,Female,Mymensingh,Toys,129.31,40,Tablet,Cash on Delivery,FALSE,3,TRUE,2,13,Free,Low,0
4762,24,Female,Barisal,Books,336.34,26,Tablet,Credit Card,FALSE,4,TRUE,2,7,Free,High,2
4763,30,Male,Sylhet,Toys,683.26,36,Desktop,Credit Card,TRUE,8,TRUE,1,3,Free,Medium,1
4764,39,Male,Dhaka,Toys,684.39,42,Desktop,Credit Card,FALSE,7,TRUE,3,12,Premium,Low,0
4765,65,Other,Dhaka,Toys,272.04,31,Desktop,Debit Card,TRUE,7,TRUE,5,4,Premium,High,2
4766,53,Male,Khulna,Sports,22.77,17,Mobile,Bank Transfer,TRUE,2,TRUE,2,3,Premium,Medium,1
4767,61,Female,Chittagong,Clothing,327.2,6,Mobile,PayPal,FALSE,8,FALSE,5,6,Free,Medium,1
4768,60,Female,Dhaka,Books,388.82,30,Tablet,Credit Card,TRUE,2,TRUE,4,12,Free,Low,0
4769,47,Other,Rangpur,Toys,783.58,48,Tablet,PayPal,TRUE,5,TRUE,4,8,Trial,Medium,1
4770,23,Male,Rajshahi,Beauty,948.15,34,Desktop,Bank Transfer,TRUE,2,TRUE,1,7,Free,Low,0
4771,49,Female,Rangpur,Home,998.56,8,Tablet,Bank Transfer,FALSE,5,TRUE,4,9,Premium,High,2
4772,40,Female,Rangpur,Books,149.21,35,Desktop,Bank Transfer,TRUE,5,FALSE,4,13,Trial,High,2
4773,42,Other,Rangpur,Books,557.17,22,Mobile,PayPal,TRUE,2,FALSE,2,5,Free,Medium,1
4774,46,Other,Barisal,Home,372.76,5,Mobile,Bank Transfer,FALSE,1,FALSE,5,5,Free,High,2
4775,34,Other,Mymensingh,Electronics,56.78,33,Mobile,Debit Card,TRUE,3,TRUE,4,5,Premium,High,2
4776,48,Male,Khulna,Books,489.51,34,Desktop,Credit Card,FALSE,6,FALSE,4,8,Trial,Low,0
4777,60,Male,Chittagong,Beauty,638.62,55,Tablet,Bank Transfer,FALSE,6,TRUE,3,2,Premium,Medium,1
4778,20,Male,Khulna,Electronics,531.82,28,Mobile,Cash on Delivery,FALSE,2,TRUE,5,1,Free,Medium,1
4779,29,Male,Chittagong,Sports,749.52,24,Desktop,Cash on Delivery,FALSE,5,TRUE,3,5,Premium,High,2
4780,29,Other,Mymensingh,Toys,539.69,25,Desktop,Cash on Delivery,FALSE,5,TRUE,4,3,Premium,High,2
4781,64,Female,Khulna,Books,568.91,57,Tablet,Debit Card,FALSE,3,FALSE,5,2,Premium,Medium,1
4782,18,Other,Rangpur,Beauty,557.96,21,Tablet,Bank Transfer,FALSE,3,TRUE,1,11,Free,Medium,1
4783,52,Other,Sylhet,Electronics,866.93,3,Tablet,PayPal,TRUE,5,TRUE,2,13,Premium,High,2
4784,61,Other,Chittagong,Groceries,990.02,57,Mobile,Debit Card,TRUE,1,FALSE,2,6,Free,Medium,1
4785,59,Other,Sylhet,Books,434.46,19,Tablet,Cash on Delivery,TRUE,4,TRUE,1,9,Free,High,2
4786,69,Other,Rangpur,Sports,179.73,51,Desktop,Bank Transfer,FALSE,4,FALSE,5,4,Trial,Low,0
4787,41,Female,Sylhet,Books,746.66,31,Mobile,Bank Transfer,TRUE,1,TRUE,2,12,Premium,Medium,1
4788,48,Female,Dhaka,Home,244.51,15,Desktop,Debit Card,FALSE,1,TRUE,2,2,Premium,Medium,1
4789,62,Male,Rangpur,Groceries,459.63,53,Mobile,Debit Card,FALSE,1,TRUE,3,9,Free,Medium,1
4790,49,Female,Khulna,Clothing,319.89,30,Mobile,Credit Card,FALSE,4,FALSE,5,2,Premium,Medium,1
4791,67,Female,Dhaka,Beauty,591.65,10,Mobile,Debit Card,TRUE,2,TRUE,1,13,Premium,Low,0
4792,56,Other,Barisal,Books,273.31,14,Desktop,PayPal,FALSE,4,FALSE,4,5,Premium,Medium,1
4793,67,Other,Chittagong,Toys,365.66,35,Desktop,PayPal,FALSE,3,FALSE,4,13,Free,Low,0
4794,46,Other,Sylhet,Electronics,793.89,30,Tablet,Debit Card,TRUE,4,FALSE,2,6,Free,High,2
4795,33,Male,Dhaka,Books,819.73,13,Mobile,Cash on Delivery,FALSE,2,TRUE,2,13,Free,Low,0
4796,53,Other,Mymensingh,Clothing,82.48,50,Tablet,PayPal,FALSE,4,TRUE,3,6,Free,Medium,1
4797,59,Other,Rajshahi,Toys,348.17,24,Mobile,Debit Card,TRUE,3,TRUE,3,13,Premium,High,2
4798,34,Other,Barisal,Groceries,539.9,23,Tablet,Cash on Delivery,TRUE,3,TRUE,2,6,Premium,High,2
4799,34,Other,Chittagong,Toys,849.69,53,Mobile,Bank Transfer,FALSE,3,FALSE,4,11,Premium,Medium,1
4800,54,Male,Chittagong,Electronics,434.76,6,Mobile,PayPal,TRUE,2,TRUE,3,13,Premium,Low,0
4801,26,Other,Mymensingh,Toys,668.33,17,Tablet,PayPal,TRUE,5,FALSE,4,8,Trial,High,2
4802,19,Other,Mymensingh,Home,223.53,17,Desktop,PayPal,FALSE,7,FALSE,2,6,Free,Low,0
4803,44,Male,Barisal,Books,110.63,18,Desktop,Credit Card,TRUE,3,FALSE,3,11,Trial,Low,0
4804,19,Female,Khulna,Electronics,643.31,42,Mobile,Credit Card,FALSE,8,FALSE,5,3,Free,Medium,1
4805,26,Male,Barisal,Beauty,996.99,27,Tablet,Debit Card,FALSE,1,TRUE,3,3,Trial,Low,0
4806,41,Male,Mymensingh,Home,535.07,15,Mobile,Credit Card,TRUE,1,TRUE,5,3,Free,High,2
4807,45,Male,Dhaka,Books,98.84,33,Tablet,PayPal,FALSE,1,TRUE,4,7,Trial,Low,0
4808,64,Male,Mymensingh,Clothing,166.12,7,Tablet,Credit Card,TRUE,5,TRUE,4,1,Free,High,2
4809,29,Other,Sylhet,Clothing,115.02,55,Mobile,Debit Card,FALSE,4,FALSE,3,8,Free,Low,0
4810,22,Female,Sylhet,Sports,735.98,14,Mobile,Bank Transfer,TRUE,6,FALSE,3,10,Free,High,2
4811,30,Female,Dhaka,Home,587.71,3,Desktop,Bank Transfer,TRUE,1,TRUE,5,11,Trial,High,2
4812,67,Female,Chittagong,Books,709.42,16,Mobile,Credit Card,TRUE,7,TRUE,4,3,Free,Medium,1
4813,52,Other,Rangpur,Clothing,551.27,17,Tablet,Debit Card,FALSE,9,FALSE,4,4,Free,High,2
4814,27,Male,Rangpur,Beauty,478.21,27,Desktop,Bank Transfer,TRUE,8,TRUE,5,3,Free,Medium,1
4815,47,Male,Dhaka,Beauty,310.05,58,Desktop,Credit Card,TRUE,8,TRUE,3,4,Premium,Medium,1
4816,63,Female,Rajshahi,Groceries,199.1,1,Tablet,Debit Card,FALSE,6,FALSE,3,11,Trial,High,2
4817,68,Other,Chittagong,Sports,90.14,32,Desktop,PayPal,TRUE,1,TRUE,3,6,Trial,Low,0
4818,53,Other,Sylhet,Groceries,966.71,1,Mobile,Debit Card,FALSE,6,FALSE,4,8,Trial,Low,0
4819,40,Female,Chittagong,Groceries,761.69,46,Mobile,Bank Transfer,FALSE,7,TRUE,2,10,Free,Medium,1
4820,38,Other,Chittagong,Sports,746.91,54,Tablet,Bank Transfer,TRUE,8,FALSE,4,4,Free,High,2
4821,54,Male,Chittagong,Books,493.74,8,Tablet,PayPal,FALSE,7,FALSE,4,13,Premium,Medium,1
4822,45,Female,Sylhet,Books,599.3,1,Tablet,Cash on Delivery,FALSE,3,FALSE,1,5,Trial,Low,0
4823,35,Male,Chittagong,Electronics,49.71,11,Desktop,Cash on Delivery,FALSE,6,TRUE,4,3,Premium,Medium,1
4824,20,Male,Khulna,Beauty,167.05,32,Mobile,Cash on Delivery,FALSE,1,FALSE,3,6,Premium,Low,0
4825,25,Other,Rajshahi,Books,586.82,1,Desktop,Bank Transfer,FALSE,7,TRUE,3,10,Free,Low,0
4826,49,Female,Rangpur,Toys,631.82,1,Mobile,Bank Transfer,TRUE,9,TRUE,2,10,Free,Medium,1
4827,40,Male,Dhaka,Beauty,940.05,47,Desktop,Cash on Delivery,TRUE,1,TRUE,5,7,Free,Medium,1
4828,47,Female,Barisal,Beauty,443.87,28,Mobile,Bank Transfer,FALSE,6,FALSE,5,6,Free,High,2
4829,49,Male,Sylhet,Toys,647.69,25,Tablet,Debit Card,TRUE,4,TRUE,3,6,Free,Medium,1
4830,41,Male,Rangpur,Electronics,531.06,49,Mobile,PayPal,TRUE,8,FALSE,3,9,Free,High,2
4831,54,Female,Rangpur,Groceries,145.33,3,Tablet,Bank Transfer,TRUE,4,FALSE,5,1,Free,Low,0
4832,44,Other,Chittagong,Clothing,966.01,47,Tablet,Debit Card,TRUE,6,TRUE,5,2,Free,High,2
4833,37,Male,Dhaka,Electronics,304.56,11,Desktop,PayPal,TRUE,2,TRUE,2,8,Premium,High,2
4834,46,Female,Chittagong,Toys,632.14,34,Mobile,Cash on Delivery,FALSE,2,FALSE,5,1,Premium,Low,0
4835,34,Male,Sylhet,Electronics,684.48,12,Mobile,Debit Card,FALSE,8,FALSE,1,1,Free,Medium,1
4836,65,Other,Khulna,Home,888.63,55,Desktop,PayPal,FALSE,3,FALSE,3,2,Free,Medium,1
4837,52,Female,Mymensingh,Home,634.25,14,Tablet,Bank Transfer,TRUE,7,TRUE,3,2,Free,High,2
4838,26,Other,Rangpur,Home,69.09,35,Tablet,Cash on Delivery,TRUE,2,TRUE,2,1,Trial,High,2
4839,51,Female,Dhaka,Beauty,860.77,43,Desktop,Bank Transfer,TRUE,4,TRUE,2,7,Premium,Medium,1
4840,22,Male,Sylhet,Sports,514.42,5,Mobile,Debit Card,TRUE,6,TRUE,1,5,Premium,High,2
4841,18,Male,Dhaka,Groceries,950.37,59,Mobile,Cash on Delivery,TRUE,7,FALSE,5,3,Premium,Medium,1
4842,50,Female,Rangpur,Toys,835.85,12,Mobile,Cash on Delivery,FALSE,6,TRUE,3,11,Free,Medium,1
4843,59,Male,Sylhet,Electronics,930.66,8,Mobile,Bank Transfer,FALSE,6,FALSE,4,7,Premium,Medium,1
4844,39,Female,Khulna,Electronics,286.34,40,Mobile,Cash on Delivery,TRUE,7,TRUE,2,5,Free,Medium,1
4845,31,Other,Mymensingh,Groceries,191.67,42,Desktop,Cash on Delivery,TRUE,1,FALSE,1,9,Free,High,2
4846,57,Other,Khulna,Books,290.95,15,Desktop,Debit Card,TRUE,7,FALSE,3,2,Free,High,2
4847,51,Female,Barisal,Books,881.4,9,Desktop,Credit Card,TRUE,6,TRUE,5,8,Trial,Medium,1
4848,65,Male,Rajshahi,Books,657.07,16,Tablet,Cash on Delivery,TRUE,2,TRUE,2,1,Trial,Medium,1
4849,40,Male,Chittagong,Beauty,616.4,4,Desktop,PayPal,FALSE,2,TRUE,1,13,Free,Low,0
4850,41,Other,Dhaka,Sports,31.72,31,Desktop,Cash on Delivery,FALSE,3,FALSE,2,3,Free,Medium,1
4851,42,Female,Barisal,Toys,560.96,14,Tablet,Cash on Delivery,TRUE,6,FALSE,5,3,Trial,High,2
4852,53,Male,Mymensingh,Toys,453.44,53,Tablet,Credit Card,TRUE,2,FALSE,3,10,Free,Medium,1
4853,59,Other,Sylhet,Electronics,103.15,50,Tablet,Cash on Delivery,TRUE,3,TRUE,2,4,Premium,Low,0
4854,38,Male,Rangpur,Groceries,283.25,49,Desktop,PayPal,FALSE,5,TRUE,3,10,Premium,Low,0
4855,39,Other,Sylhet,Clothing,679.55,46,Mobile,PayPal,FALSE,6,TRUE,5,8,Free,High,2
4856,60,Male,Mymensingh,Books,222.64,57,Desktop,PayPal,TRUE,5,FALSE,3,13,Free,High,2
4857,53,Other,Rangpur,Clothing,329.38,3,Mobile,Bank Transfer,TRUE,3,TRUE,3,6,Trial,Medium,1
4858,65,Female,Mymensingh,Books,881.75,3,Desktop,Bank Transfer,FALSE,3,TRUE,4,2,Premium,Low,0
4859,67,Female,Sylhet,Home,901.03,16,Tablet,Cash on Delivery,FALSE,7,FALSE,4,9,Free,Medium,1
4860,63,Female,Mymensingh,Home,674.19,18,Mobile,Credit Card,FALSE,3,FALSE,2,13,Trial,Medium,1
4861,22,Male,Dhaka,Electronics,465.59,56,Tablet,PayPal,FALSE,2,FALSE,4,13,Premium,High,2
4862,63,Other,Mymensingh,Books,781.06,44,Desktop,Debit Card,TRUE,5,FALSE,5,5,Trial,Low,0
4863,38,Male,Rangpur,Home,157.59,24,Desktop,Debit Card,FALSE,6,TRUE,4,1,Trial,High,2
4864,39,Other,Rajshahi,Home,288.16,27,Desktop,PayPal,TRUE,8,TRUE,3,6,Trial,Medium,1
4865,39,Female,Dhaka,Electronics,327.62,35,Desktop,Credit Card,TRUE,2,TRUE,2,2,Trial,Medium,1
4866,36,Female,Rajshahi,Toys,586.92,20,Desktop,Cash on Delivery,FALSE,1,TRUE,1,9,Trial,Low,0
4867,19,Other,Khulna,Groceries,760.66,9,Tablet,Cash on Delivery,FALSE,9,TRUE,3,7,Trial,Medium,1
4868,18,Female,Rajshahi,Toys,819.03,46,Mobile,Bank Transfer,FALSE,3,FALSE,4,4,Free,Medium,1
4869,22,Female,Chittagong,Clothing,171.18,13,Desktop,Cash on Delivery,TRUE,7,FALSE,1,6,Premium,Medium,1
4870,48,Male,Chittagong,Sports,606.99,53,Desktop,Bank Transfer,TRUE,2,FALSE,5,6,Trial,Low,0
4871,35,Other,Rajshahi,Beauty,787.15,10,Mobile,Debit Card,TRUE,6,TRUE,1,9,Premium,Medium,1
4872,44,Female,Khulna,Electronics,943.43,49,Tablet,PayPal,FALSE,8,FALSE,5,1,Premium,Low,0
4873,69,Male,Rangpur,Home,760.61,33,Tablet,PayPal,TRUE,6,FALSE,3,12,Premium,High,2
4874,38,Other,Sylhet,Electronics,179.41,21,Mobile,Cash on Delivery,FALSE,4,FALSE,1,9,Trial,Low,0
4875,63,Female,Sylhet,Toys,789.41,43,Tablet,Credit Card,TRUE,6,TRUE,2,7,Free,Medium,1
4876,53,Male,Mymensingh,Electronics,528.18,51,Mobile,Credit Card,TRUE,3,TRUE,3,11,Premium,High,2
4877,43,Male,Barisal,Sports,154.6,35,Tablet,PayPal,FALSE,1,FALSE,2,2,Premium,High,2
4878,48,Female,Chittagong,Clothing,539.41,53,Tablet,Bank Transfer,TRUE,1,TRUE,1,10,Free,Medium,1
4879,59,Other,Chittagong,Sports,386.11,50,Tablet,PayPal,TRUE,4,TRUE,1,5,Trial,Low,0
4880,67,Female,Dhaka,Books,767.84,23,Tablet,PayPal,FALSE,8,TRUE,4,12,Premium,High,2
4881,23,Female,Sylhet,Books,703.83,32,Mobile,PayPal,FALSE,9,FALSE,5,9,Trial,Low,0
4882,22,Female,Chittagong,Clothing,102.75,56,Mobile,Bank Transfer,TRUE,4,TRUE,5,5,Premium,High,2
4883,26,Male,Sylhet,Beauty,596.44,36,Mobile,Credit Card,TRUE,5,TRUE,1,2,Premium,Low,0
4884,54,Female,Sylhet,Books,139.34,29,Desktop,PayPal,FALSE,3,TRUE,3,1,Free,Low,0
4885,29,Male,Chittagong,Electronics,71.06,46,Mobile,Bank Transfer,FALSE,1,FALSE,3,1,Free,High,2
4886,48,Male,Rajshahi,Clothing,382.98,6,Tablet,Cash on Delivery,TRUE,7,TRUE,1,12,Free,High,2
4887,61,Male,Rangpur,Beauty,220.99,35,Desktop,Bank Transfer,TRUE,7,FALSE,2,7,Free,High,2
4888,33,Male,Chittagong,Sports,778.23,47,Desktop,PayPal,TRUE,5,TRUE,2,4,Trial,High,2
4889,28,Female,Rangpur,Electronics,452.5,18,Desktop,PayPal,FALSE,5,FALSE,2,10,Free,Medium,1
4890,55,Other,Rajshahi,Toys,738.07,46,Desktop,PayPal,TRUE,5,TRUE,2,7,Trial,High,2
4891,47,Male,Barisal,Books,36.09,54,Tablet,Credit Card,FALSE,9,FALSE,3,3,Trial,High,2
4892,57,Other,Sylhet,Toys,652,24,Mobile,Bank Transfer,TRUE,2,TRUE,4,7,Premium,High,2
4893,18,Other,Chittagong,Home,53.65,20,Tablet,Debit Card,FALSE,2,TRUE,5,6,Free,High,2
4894,66,Male,Mymensingh,Sports,462.89,40,Mobile,Debit Card,FALSE,8,FALSE,2,3,Free,Medium,1
4895,29,Female,Rangpur,Toys,947.49,4,Mobile,Credit Card,FALSE,7,TRUE,4,10,Free,Low,0
4896,40,Female,Sylhet,Sports,86.58,4,Mobile,Cash on Delivery,FALSE,6,TRUE,2,4,Premium,Medium,1
4897,22,Other,Rangpur,Home,62.11,4,Desktop,Debit Card,TRUE,4,TRUE,5,8,Premium,Medium,1
4898,27,Male,Rangpur,Sports,462.3,21,Desktop,Debit Card,FALSE,9,FALSE,3,13,Premium,High,2
4899,47,Female,Mymensingh,Beauty,351,52,Tablet,Bank Transfer,TRUE,3,TRUE,5,3,Premium,High,2
4900,19,Other,Khulna,Home,848.82,45,Tablet,PayPal,TRUE,3,FALSE,5,5,Premium,High,2
4901,34,Other,Dhaka,Beauty,142.51,37,Mobile,Credit Card,FALSE,4,TRUE,5,8,Trial,High,2
4902,19,Other,Khulna,Groceries,959.65,24,Desktop,PayPal,TRUE,7,FALSE,4,11,Premium,Medium,1
4903,36,Female,Rajshahi,Beauty,818.59,47,Desktop,Cash on Delivery,FALSE,3,FALSE,3,4,Premium,Low,0
4904,40,Male,Rangpur,Electronics,229.04,21,Desktop,Cash on Delivery,TRUE,2,FALSE,1,12,Premium,High,2
4905,25,Other,Khulna,Toys,247.69,52,Desktop,Bank Transfer,FALSE,5,TRUE,4,8,Trial,Low,0
4906,31,Male,Chittagong,Beauty,386.87,58,Mobile,Debit Card,TRUE,3,FALSE,3,8,Free,Low,0
4907,69,Other,Dhaka,Sports,613.01,3,Desktop,Debit Card,TRUE,5,FALSE,4,1,Trial,Medium,1
4908,31,Other,Rangpur,Groceries,163.13,43,Mobile,Bank Transfer,TRUE,7,FALSE,4,9,Free,High,2
4909,59,Other,Sylhet,Home,802.78,44,Desktop,Credit Card,FALSE,4,FALSE,4,13,Premium,Low,0
4910,57,Female,Khulna,Toys,927.05,55,Mobile,Credit Card,TRUE,5,TRUE,1,6,Free,Low,0
4911,20,Other,Rangpur,Home,229.73,21,Mobile,PayPal,TRUE,2,FALSE,2,5,Trial,High,2
4912,69,Female,Rajshahi,Home,245.74,27,Tablet,PayPal,TRUE,1,FALSE,2,10,Free,Medium,1
4913,59,Male,Mymensingh,Electronics,394.26,43,Desktop,Bank Transfer,FALSE,8,FALSE,5,13,Premium,High,2
4914,48,Male,Mymensingh,Clothing,187.69,4,Tablet,Credit Card,FALSE,3,TRUE,3,7,Free,Medium,1
4915,65,Male,Barisal,Books,897.11,13,Tablet,Cash on Delivery,TRUE,4,FALSE,3,13,Premium,High,2
4916,39,Female,Rajshahi,Groceries,504.8,2,Tablet,PayPal,TRUE,7,TRUE,1,8,Trial,High,2
4917,42,Female,Rajshahi,Electronics,782.28,15,Desktop,Credit Card,FALSE,4,FALSE,3,11,Premium,High,2
4918,69,Male,Mymensingh,Groceries,819.62,37,Mobile,Credit Card,TRUE,4,FALSE,5,9,Free,Low,0
4919,60,Female,Rangpur,Clothing,873.85,48,Tablet,Credit Card,TRUE,5,TRUE,3,9,Free,Low,0
4920,19,Female,Mymensingh,Toys,713.39,5,Mobile,Credit Card,FALSE,5,TRUE,1,3,Trial,High,2
4921,18,Female,Rajshahi,Sports,818.08,25,Tablet,PayPal,TRUE,5,TRUE,1,10,Premium,High,2
4922,62,Other,Khulna,Books,945.36,22,Mobile,Bank Transfer,TRUE,8,FALSE,1,12,Premium,High,2
4923,41,Other,Mymensingh,Toys,896.16,4,Desktop,Bank Transfer,FALSE,1,TRUE,4,1,Free,Medium,1
4924,48,Female,Dhaka,Clothing,698.35,56,Mobile,Credit Card,FALSE,3,FALSE,3,12,Premium,Low,0
4925,50,Female,Rangpur,Home,643.52,45,Mobile,Debit Card,FALSE,5,TRUE,1,5,Trial,Medium,1
4926,61,Male,Khulna,Clothing,45.17,21,Desktop,PayPal,FALSE,4,TRUE,2,5,Free,Medium,1
4927,44,Other,Khulna,Groceries,431.07,53,Desktop,Credit Card,TRUE,1,FALSE,4,9,Free,High,2
4928,36,Male,Dhaka,Toys,726.54,31,Mobile,Credit Card,FALSE,9,TRUE,2,3,Trial,Medium,1
4929,27,Female,Rajshahi,Beauty,516.48,32,Mobile,Bank Transfer,FALSE,1,TRUE,1,1,Trial,High,2
4930,22,Male,Sylhet,Home,978.54,33,Mobile,Debit Card,TRUE,8,TRUE,5,7,Free,Low,0
4931,55,Male,Rangpur,Toys,894.75,55,Mobile,Credit Card,FALSE,8,TRUE,2,11,Free,Low,0
4932,62,Male,Khulna,Books,179.61,33,Tablet,Credit Card,FALSE,7,FALSE,2,2,Premium,High,2
4933,64,Female,Khulna,Sports,929.7,32,Mobile,Bank Transfer,TRUE,2,FALSE,3,5,Trial,Medium,1
4934,31,Male,Barisal,Beauty,934.44,42,Tablet,PayPal,TRUE,3,FALSE,4,12,Trial,High,2
4935,23,Female,Khulna,Groceries,105.93,47,Mobile,Credit Card,FALSE,1,TRUE,5,13,Trial,High,2
4936,60,Female,Rajshahi,Groceries,548.96,45,Desktop,Debit Card,TRUE,7,FALSE,4,11,Premium,Medium,1
4937,44,Male,Dhaka,Toys,768,15,Mobile,Cash on Delivery,TRUE,5,TRUE,5,8,Free,Medium,1
4938,59,Male,Chittagong,Toys,239.13,45,Desktop,Credit Card,TRUE,7,TRUE,4,7,Free,High,2
4939,41,Male,Rajshahi,Clothing,556.46,38,Mobile,Bank Transfer,TRUE,7,FALSE,2,7,Premium,Low,0
4940,50,Male,Barisal,Books,816.6,22,Tablet,Credit Card,TRUE,4,FALSE,5,12,Trial,High,2
4941,60,Female,Sylhet,Clothing,896.55,5,Desktop,Cash on Delivery,TRUE,6,TRUE,4,4,Premium,Medium,1
4942,28,Male,Mymensingh,Electronics,414.1,21,Tablet,Debit Card,FALSE,6,FALSE,3,6,Premium,Low,0
4943,30,Other,Khulna,Toys,621.47,23,Desktop,PayPal,FALSE,1,TRUE,4,5,Trial,Medium,1
4944,48,Male,Rangpur,Sports,575.62,7,Desktop,Cash on Delivery,FALSE,6,TRUE,3,4,Free,High,2
4945,52,Female,Chittagong,Beauty,388.02,30,Desktop,Credit Card,TRUE,9,FALSE,4,4,Trial,Low,0
4946,37,Male,Sylhet,Clothing,73.69,28,Tablet,Cash on Delivery,FALSE,3,TRUE,5,9,Premium,High,2
4947,35,Male,Khulna,Beauty,926.05,20,Tablet,Debit Card,TRUE,8,FALSE,4,1,Premium,Low,0
4948,39,Male,Chittagong,Toys,223.23,18,Desktop,Cash on Delivery,FALSE,3,FALSE,4,8,Free,High,2
4949,67,Female,Sylhet,Books,111.39,12,Tablet,Credit Card,FALSE,1,TRUE,2,6,Free,Low,0
4950,32,Male,Rangpur,Sports,223.63,12,Mobile,Debit Card,TRUE,1,FALSE,4,9,Free,High,2
4951,23,Male,Rajshahi,Toys,524.37,50,Desktop,Bank Transfer,FALSE,5,FALSE,5,11,Premium,High,2
4952,22,Male,Barisal,Books,33.4,40,Tablet,Cash on Delivery,FALSE,8,FALSE,1,7,Free,Low,0
4953,53,Other,Rajshahi,Home,350.11,53,Desktop,PayPal,FALSE,7,FALSE,1,1,Premium,Medium,1
4954,31,Male,Rajshahi,Electronics,870.55,31,Tablet,Credit Card,FALSE,8,TRUE,5,1,Free,High,2
4955,47,Male,Dhaka,Books,332.43,1,Tablet,Bank Transfer,FALSE,9,TRUE,5,8,Free,Medium,1
4956,31,Female,Khulna,Groceries,135.68,22,Tablet,Bank Transfer,FALSE,9,TRUE,5,4,Trial,Medium,1
4957,59,Female,Rangpur,Clothing,638.18,12,Mobile,PayPal,FALSE,3,TRUE,4,2,Premium,Medium,1
4958,21,Female,Dhaka,Sports,989.52,48,Tablet,Debit Card,TRUE,4,FALSE,5,4,Free,High,2
4959,54,Female,Mymensingh,Toys,400.67,51,Desktop,Cash on Delivery,FALSE,1,TRUE,2,4,Free,Low,0
4960,46,Other,Rangpur,Sports,22.98,42,Desktop,Credit Card,TRUE,6,TRUE,5,3,Trial,Medium,1
4961,52,Female,Rangpur,Sports,890.79,27,Mobile,Cash on Delivery,TRUE,2,TRUE,4,2,Premium,Medium,1
4962,65,Female,Mymensingh,Electronics,949.91,11,Mobile,Cash on Delivery,FALSE,6,TRUE,3,5,Free,High,2
4963,22,Other,Dhaka,Groceries,657.2,55,Tablet,PayPal,TRUE,7,FALSE,2,6,Trial,Low,0
4964,28,Other,Dhaka,Electronics,804.83,5,Desktop,Bank Transfer,TRUE,4,TRUE,5,4,Free,High,2
4965,24,Female,Rajshahi,Books,551.33,41,Mobile,Cash on Delivery,FALSE,5,FALSE,3,12,Premium,Medium,1
4966,25,Male,Mymensingh,Toys,755.02,52,Desktop,Debit Card,FALSE,9,FALSE,5,5,Trial,High,2
4967,39,Male,Barisal,Books,126.69,40,Mobile,Debit Card,TRUE,5,TRUE,5,13,Trial,Medium,1
4968,56,Female,Rangpur,Groceries,637.57,40,Mobile,PayPal,TRUE,1,TRUE,4,4,Trial,Low,0
4969,36,Male,Barisal,Clothing,731.99,6,Mobile,Credit Card,TRUE,3,FALSE,4,12,Free,High,2
4970,20,Female,Khulna,Beauty,85.74,8,Desktop,Bank Transfer,TRUE,2,TRUE,4,7,Free,Low,0
4971,20,Female,Barisal,Toys,914.84,38,Desktop,Bank Transfer,FALSE,9,TRUE,4,11,Trial,High,2
4972,66,Male,Sylhet,Clothing,230.43,51,Tablet,PayPal,TRUE,3,FALSE,1,7,Trial,Low,0
4973,29,Male,Mymensingh,Electronics,413.78,5,Desktop,Bank Transfer,TRUE,7,FALSE,2,7,Free,High,2
4974,56,Female,Khulna,Clothing,562.5,36,Tablet,Debit Card,TRUE,4,FALSE,1,12,Free,High,2
4975,52,Female,Chittagong,Electronics,648.89,14,Mobile,PayPal,FALSE,6,TRUE,2,10,Premium,Medium,1
4976,45,Female,Rajshahi,Home,570.27,38,Tablet,Bank Transfer,TRUE,5,TRUE,4,2,Trial,High,2
4977,33,Male,Khulna,Groceries,467.24,57,Mobile,Cash on Delivery,FALSE,7,FALSE,3,5,Trial,Medium,1
4978,32,Female,Rangpur,Clothing,534.78,18,Tablet,Bank Transfer,TRUE,8,FALSE,4,10,Trial,High,2
4979,53,Female,Khulna,Toys,373.4,47,Tablet,Credit Card,TRUE,3,FALSE,1,11,Premium,Low,0
4980,48,Female,Rangpur,Clothing,431.08,43,Tablet,PayPal,FALSE,3,FALSE,4,8,Premium,Medium,1
4981,56,Male,Rajshahi,Toys,554.62,6,Mobile,Cash on Delivery,FALSE,9,FALSE,1,1,Trial,High,2
4982,64,Male,Barisal,Clothing,67.22,21,Desktop,Cash on Delivery,FALSE,3,TRUE,4,10,Premium,Low,0
4983,28,Female,Dhaka,Home,8.98,21,Mobile,Debit Card,TRUE,4,FALSE,5,4,Free,Medium,1
4984,20,Male,Rajshahi,Sports,624.02,14,Desktop,PayPal,TRUE,5,FALSE,4,11,Free,Low,0
4985,23,Male,Mymensingh,Groceries,348.76,51,Mobile,PayPal,TRUE,3,TRUE,5,5,Premium,Medium,1
4986,58,Female,Rangpur,Beauty,817.99,43,Desktop,Credit Card,TRUE,5,TRUE,5,6,Premium,Low,0
4987,47,Male,Khulna,Toys,898.34,24,Mobile,Credit Card,TRUE,3,FALSE,1,3,Premium,Low,0
4988,32,Female,Mymensingh,Beauty,594.03,45,Desktop,Cash on Delivery,TRUE,1,TRUE,3,8,Trial,Low,0
4989,40,Other,Rangpur,Books,814.2,38,Desktop,PayPal,FALSE,3,TRUE,3,8,Free,Low,0
4990,19,Female,Khulna,Home,962.72,12,Desktop,Credit Card,FALSE,5,FALSE,3,7,Premium,High,2
4991,40,Male,Sylhet,Toys,49.13,52,Desktop,Cash on Delivery,FALSE,2,TRUE,2,10,Trial,High,2
4992,50,Other,Mymensingh,Sports,486.94,32,Desktop,Bank Transfer,TRUE,8,FALSE,5,13,Premium,Low,0
4993,24,Female,Barisal,Books,692.87,53,Desktop,Cash on Delivery,TRUE,6,TRUE,3,9,Trial,Medium,1
4994,40,Male,Khulna,Groceries,360.83,5,Tablet,Cash on Delivery,FALSE,8,FALSE,2,4,Premium,High,2
4995,47,Female,Rajshahi,Electronics,30.98,13,Desktop,Cash on Delivery,FALSE,8,TRUE,3,1,Trial,High,2
4996,41,Female,Khulna,Beauty,788.58,13,Desktop,Cash on Delivery,TRUE,9,FALSE,2,9,Trial,Medium,1
4997,43,Other,Barisal,Books,355.69,59,Desktop,Bank Transfer,FALSE,5,FALSE,1,12,Free,Low,0
4998,28,Male,Barisal,Home,889.25,18,Tablet,Cash on Delivery,TRUE,9,TRUE,4,8,Free,Low,0
4999,33,Other,Mymensingh,Books,552.12,57,Mobile,Cash on Delivery,FALSE,8,FALSE,1,1,Free,High,2
5000,35,Male,Barisal,Electronics,437.12,8,Desktop,Cash on Delivery,TRUE,2,FALSE,3,3,Free,Low,0
5001,46,Female,Mymensingh,Home,738.61,40,Desktop,Credit Card,TRUE,6,TRUE,1,3,Trial,Low,0
5002,57,Other,Rajshahi,Clothing,75.72,18,Desktop,PayPal,FALSE,1,TRUE,1,8,Trial,Low,0
5003,33,Female,Rangpur,Beauty,281.37,46,Desktop,Credit Card,FALSE,3,FALSE,4,3,Premium,Medium,1
5004,67,Male,Mymensingh,Beauty,715.16,48,Tablet,Debit Card,TRUE,1,TRUE,5,13,Premium,Low,0
5005,31,Other,Barisal,Books,226.83,48,Tablet,Credit Card,TRUE,5,FALSE,3,13,Free,Low,0
5006,45,Female,Chittagong,Sports,674.02,56,Desktop,PayPal,FALSE,3,TRUE,2,8,Trial,High,2
5007,40,Female,Khulna,Books,814.1,20,Mobile,Debit Card,FALSE,8,FALSE,2,7,Premium,High,2
5008,68,Female,Rangpur,Sports,163.62,14,Tablet,Debit Card,FALSE,1,FALSE,2,6,Free,High,2
5009,44,Female,Barisal,Books,279.16,10,Mobile,Debit Card,TRUE,4,TRUE,3,5,Premium,High,2
5010,63,Female,Mymensingh,Groceries,406.93,11,Tablet,Debit Card,FALSE,2,TRUE,4,1,Trial,Low,0
5011,63,Other,Dhaka,Books,59.29,9,Mobile,Bank Transfer,TRUE,3,FALSE,2,8,Trial,High,2
5012,31,Female,Sylhet,Home,319.92,11,Desktop,PayPal,FALSE,5,FALSE,3,1,Free,Low,0
5013,52,Other,Chittagong,Beauty,908.76,15,Tablet,Bank Transfer,TRUE,4,TRUE,2,5,Premium,Low,0
5014,20,Other,Mymensingh,Clothing,697.56,35,Mobile,Cash on Delivery,FALSE,4,FALSE,4,6,Free,Low,0
5015,21,Male,Barisal,Clothing,587.38,53,Desktop,PayPal,TRUE,6,TRUE,5,12,Free,Medium,1
5016,66,Female,Sylhet,Clothing,155.78,44,Tablet,Bank Transfer,FALSE,5,FALSE,3,6,Free,Medium,1
5017,40,Male,Barisal,Beauty,493.96,4,Tablet,Cash on Delivery,TRUE,7,FALSE,5,4,Free,Medium,1
5018,46,Other,Barisal,Electronics,728.85,49,Tablet,Credit Card,FALSE,4,TRUE,2,9,Free,Low,0
5019,59,Other,Rajshahi,Home,50.45,58,Mobile,Credit Card,FALSE,6,TRUE,2,4,Free,High,2
5020,27,Female,Khulna,Beauty,589.37,56,Mobile,Credit Card,TRUE,6,FALSE,1,5,Premium,Low,0
5021,44,Male,Sylhet,Clothing,439,26,Mobile,Bank Transfer,FALSE,3,FALSE,1,12,Trial,Low,0
5022,49,Female,Rangpur,Electronics,248.4,3,Mobile,Bank Transfer,FALSE,7,TRUE,5,4,Premium,Medium,1
5023,21,Male,Rangpur,Electronics,741.11,19,Desktop,Debit Card,FALSE,1,TRUE,5,8,Trial,High,2
5024,49,Male,Rangpur,Books,870.45,17,Mobile,PayPal,FALSE,6,TRUE,5,6,Free,Medium,1
5025,32,Male,Dhaka,Clothing,207.08,25,Desktop,Cash on Delivery,FALSE,7,TRUE,2,5,Trial,Medium,1
5026,51,Other,Rangpur,Beauty,740.67,1,Tablet,PayPal,FALSE,7,FALSE,1,7,Free,Low,0
5027,69,Female,Khulna,Home,962.48,58,Tablet,Cash on Delivery,TRUE,8,TRUE,1,2,Trial,Medium,1
5028,69,Other,Sylhet,Books,337.43,2,Mobile,Cash on Delivery,FALSE,1,FALSE,5,8,Free,Low,0
5029,26,Female,Rangpur,Clothing,160.9,26,Desktop,Debit Card,FALSE,7,FALSE,2,4,Trial,Medium,1
5030,65,Other,Chittagong,Groceries,298.84,50,Mobile,Cash on Delivery,FALSE,4,TRUE,1,11,Free,Low,0
5031,48,Female,Rajshahi,Clothing,672.41,34,Mobile,Credit Card,FALSE,3,TRUE,2,4,Trial,Medium,1
5032,50,Other,Rajshahi,Books,717.46,2,Tablet,Debit Card,TRUE,6,TRUE,2,11,Free,High,2
5033,65,Other,Rangpur,Books,820.79,7,Mobile,Credit Card,TRUE,2,TRUE,5,11,Free,High,2
5034,29,Other,Dhaka,Sports,151.69,22,Desktop,Credit Card,FALSE,6,TRUE,1,8,Trial,Medium,1
5035,27,Female,Sylhet,Home,5.77,4,Mobile,PayPal,TRUE,6,FALSE,2,11,Free,Low,0
5036,65,Male,Rangpur,Home,184.32,5,Mobile,Cash on Delivery,TRUE,6,FALSE,3,5,Free,High,2
5037,68,Male,Dhaka,Electronics,712.27,39,Desktop,Cash on Delivery,TRUE,2,TRUE,2,10,Trial,Medium,1
5038,61,Male,Rajshahi,Groceries,457.05,30,Tablet,Bank Transfer,FALSE,5,FALSE,2,5,Premium,High,2
5039,31,Other,Khulna,Beauty,998.47,57,Tablet,Bank Transfer,TRUE,8,TRUE,5,6,Free,High,2
5040,32,Female,Mymensingh,Beauty,701.91,1,Mobile,Cash on Delivery,FALSE,8,FALSE,5,12,Free,Medium,1
5041,37,Male,Chittagong,Home,140.96,16,Tablet,Bank Transfer,TRUE,6,TRUE,2,5,Premium,Low,0
5042,58,Female,Barisal,Sports,202.46,8,Mobile,Cash on Delivery,FALSE,5,FALSE,2,11,Free,Low,0
5043,57,Female,Dhaka,Sports,643.78,10,Mobile,Credit Card,FALSE,8,FALSE,4,3,Free,Low,0
5044,20,Female,Chittagong,Toys,706.26,6,Mobile,PayPal,FALSE,7,FALSE,4,10,Trial,Low,0
5045,55,Other,Sylhet,Home,859.08,47,Mobile,Bank Transfer,TRUE,7,FALSE,4,4,Trial,Medium,1
5046,68,Other,Dhaka,Groceries,920.22,2,Tablet,Bank Transfer,FALSE,9,FALSE,5,13,Trial,Medium,1
5047,38,Other,Khulna,Sports,414.93,40,Mobile,Cash on Delivery,FALSE,8,TRUE,4,2,Premium,High,2
5048,68,Female,Rajshahi,Home,863.65,30,Mobile,Cash on Delivery,FALSE,4,TRUE,1,4,Premium,Low,0
5049,51,Female,Khulna,Electronics,6.64,21,Desktop,Cash on Delivery,FALSE,5,TRUE,4,9,Free,Low,0
5050,58,Male,Khulna,Toys,147.66,42,Tablet,Credit Card,TRUE,2,FALSE,2,13,Free,Medium,1
5051,60,Female,Barisal,Beauty,91.21,26,Tablet,Bank Transfer,TRUE,2,FALSE,2,5,Premium,High,2
5052,23,Female,Sylhet,Home,353.16,51,Mobile,Cash on Delivery,TRUE,9,TRUE,1,6,Premium,High,2
5053,20,Female,Khulna,Sports,659.4,15,Tablet,Bank Transfer,FALSE,6,TRUE,5,4,Premium,High,2
5054,26,Female,Sylhet,Electronics,917.78,13,Tablet,Debit Card,TRUE,1,TRUE,2,12,Free,Medium,1
5055,46,Other,Barisal,Books,83.67,22,Desktop,Debit Card,FALSE,1,FALSE,3,5,Premium,Medium,1
5056,29,Other,Barisal,Toys,808.03,55,Desktop,Debit Card,TRUE,2,TRUE,4,1,Premium,Medium,1
5057,30,Male,Rajshahi,Clothing,937.34,14,Desktop,PayPal,FALSE,6,FALSE,5,10,Trial,Low,0
5058,61,Female,Khulna,Beauty,948.76,12,Mobile,Bank Transfer,FALSE,7,FALSE,1,1,Trial,Low,0
5059,48,Female,Khulna,Beauty,873.84,34,Mobile,Debit Card,TRUE,1,FALSE,3,1,Free,High,2
5060,28,Other,Dhaka,Clothing,970.26,11,Mobile,Debit Card,FALSE,6,TRUE,5,7,Free,High,2
5061,50,Female,Dhaka,Clothing,862.47,20,Tablet,Debit Card,TRUE,1,TRUE,2,9,Premium,Low,0
5062,18,Other,Chittagong,Home,995.16,42,Mobile,PayPal,FALSE,4,TRUE,2,11,Trial,High,2
5063,53,Other,Sylhet,Sports,87.63,31,Desktop,Debit Card,TRUE,2,FALSE,2,9,Free,Low,0
5064,60,Other,Rajshahi,Home,853,30,Desktop,Debit Card,TRUE,3,FALSE,2,10,Free,Low,0
5065,59,Other,Mymensingh,Beauty,252.55,21,Desktop,Debit Card,FALSE,2,TRUE,3,4,Premium,High,2
5066,52,Male,Rajshahi,Beauty,30.5,4,Mobile,Credit Card,FALSE,2,FALSE,1,3,Trial,High,2
5067,56,Other,Barisal,Electronics,741.87,34,Desktop,Debit Card,FALSE,9,FALSE,5,1,Free,High,2
5068,39,Male,Rajshahi,Clothing,471.51,43,Desktop,Credit Card,TRUE,2,TRUE,4,10,Trial,Low,0
5069,53,Male,Sylhet,Electronics,274.49,33,Desktop,Cash on Delivery,FALSE,4,FALSE,1,5,Free,High,2
5070,62,Female,Chittagong,Books,995.77,22,Mobile,Credit Card,TRUE,5,FALSE,3,3,Trial,Low,0
5071,26,Male,Sylhet,Electronics,334.2,44,Tablet,Debit Card,FALSE,8,TRUE,5,9,Free,High,2
5072,56,Male,Khulna,Toys,730.65,35,Desktop,Bank Transfer,FALSE,6,FALSE,4,9,Premium,High,2
5073,41,Other,Sylhet,Home,72.2,34,Desktop,Debit Card,FALSE,9,TRUE,5,13,Trial,Medium,1
5074,66,Other,Rajshahi,Toys,748.32,36,Desktop,Bank Transfer,FALSE,7,TRUE,2,12,Trial,High,2
5075,50,Other,Chittagong,Groceries,918.08,28,Desktop,PayPal,TRUE,6,FALSE,3,2,Trial,High,2
5076,18,Female,Sylhet,Clothing,382.89,3,Mobile,Bank Transfer,TRUE,7,FALSE,3,3,Free,Medium,1
5077,27,Female,Rajshahi,Groceries,941.06,49,Mobile,Debit Card,FALSE,9,TRUE,1,11,Trial,High,2
5078,66,Female,Sylhet,Home,742.76,29,Desktop,Debit Card,FALSE,6,FALSE,3,8,Premium,Medium,1
5079,19,Male,Rangpur,Toys,574.67,43,Mobile,PayPal,FALSE,7,FALSE,1,6,Free,Medium,1
5080,59,Other,Sylhet,Beauty,34.32,50,Desktop,PayPal,FALSE,5,TRUE,2,2,Free,Medium,1
5081,24,Other,Mymensingh,Home,437.73,16,Tablet,Bank Transfer,TRUE,5,TRUE,1,2,Premium,Low,0
5082,42,Other,Mymensingh,Books,965.48,28,Desktop,PayPal,FALSE,8,FALSE,1,6,Trial,High,2
5083,60,Other,Rajshahi,Books,485.22,40,Tablet,Bank Transfer,FALSE,4,TRUE,2,6,Trial,Medium,1
5084,55,Male,Khulna,Groceries,640.99,47,Mobile,Bank Transfer,TRUE,4,FALSE,2,4,Premium,Low,0
5085,44,Other,Rajshahi,Home,146.54,41,Mobile,Credit Card,TRUE,5,TRUE,2,7,Premium,High,2
5086,40,Female,Barisal,Books,616.89,38,Tablet,Bank Transfer,TRUE,1,FALSE,5,3,Premium,Medium,1
5087,37,Other,Dhaka,Beauty,482.97,34,Mobile,PayPal,TRUE,2,FALSE,4,3,Free,High,2
5088,30,Male,Sylhet,Books,466.29,33,Mobile,PayPal,TRUE,4,FALSE,1,4,Premium,Medium,1
5089,65,Female,Khulna,Electronics,776.62,22,Tablet,Credit Card,TRUE,5,FALSE,1,1,Trial,Low,0
5090,64,Other,Khulna,Home,23.35,47,Mobile,Cash on Delivery,FALSE,3,TRUE,4,13,Premium,Low,0
5091,36,Male,Sylhet,Groceries,10.2,41,Desktop,PayPal,TRUE,8,TRUE,3,11,Premium,Low,0
5092,21,Other,Dhaka,Electronics,70.18,5,Mobile,Cash on Delivery,TRUE,3,FALSE,2,4,Free,High,2
5093,25,Female,Mymensingh,Books,578.68,23,Desktop,Bank Transfer,FALSE,8,TRUE,3,1,Premium,Medium,1
5094,57,Female,Rangpur,Books,310.59,11,Mobile,Bank Transfer,FALSE,3,FALSE,5,4,Trial,Medium,1
5095,32,Female,Mymensingh,Books,633.35,38,Tablet,PayPal,TRUE,9,FALSE,3,13,Trial,Low,0
5096,62,Other,Rajshahi,Books,76.47,31,Mobile,Bank Transfer,FALSE,1,FALSE,2,6,Premium,Medium,1
5097,45,Male,Barisal,Books,634.3,7,Tablet,PayPal,FALSE,2,FALSE,1,3,Premium,High,2
5098,63,Other,Chittagong,Home,6.52,39,Tablet,Debit Card,TRUE,8,TRUE,2,2,Premium,Low,0
5099,27,Other,Chittagong,Toys,635.74,18,Tablet,PayPal,FALSE,3,FALSE,1,5,Trial,High,2
5100,56,Female,Barisal,Beauty,39.8,50,Desktop,Credit Card,TRUE,6,FALSE,5,11,Premium,High,2
5101,63,Female,Mymensingh,Electronics,815.04,34,Desktop,PayPal,FALSE,6,TRUE,3,8,Trial,Low,0
5102,23,Male,Mymensingh,Groceries,784.79,30,Tablet,Bank Transfer,FALSE,5,FALSE,4,6,Premium,Low,0
5103,66,Other,Rangpur,Home,176.24,58,Desktop,Bank Transfer,FALSE,4,FALSE,3,7,Trial,High,2
5104,42,Other,Rajshahi,Sports,539.58,9,Desktop,Bank Transfer,TRUE,1,FALSE,2,5,Free,Low,0
5105,52,Female,Mymensingh,Toys,224.63,5,Tablet,Credit Card,TRUE,1,FALSE,2,9,Trial,Low,0
5106,49,Other,Chittagong,Beauty,804.7,8,Desktop,Debit Card,TRUE,1,TRUE,3,5,Premium,High,2
5107,24,Female,Mymensingh,Electronics,97.52,11,Desktop,Bank Transfer,FALSE,9,FALSE,4,7,Free,Low,0
5108,63,Male,Rajshahi,Sports,633.1,23,Desktop,Debit Card,TRUE,4,FALSE,3,5,Trial,Medium,1
5109,38,Male,Barisal,Books,865.67,12,Tablet,PayPal,FALSE,8,FALSE,4,9,Trial,Low,0
5110,69,Male,Khulna,Home,924.56,56,Mobile,PayPal,FALSE,8,FALSE,4,10,Premium,Low,0
5111,22,Other,Rangpur,Sports,514.62,37,Desktop,Bank Transfer,TRUE,5,FALSE,1,9,Premium,Medium,1
5112,46,Male,Khulna,Electronics,108.1,57,Desktop,Credit Card,FALSE,3,TRUE,5,6,Premium,Medium,1
5113,60,Female,Barisal,Sports,257.24,17,Mobile,Credit Card,TRUE,8,TRUE,3,6,Trial,Medium,1
5114,48,Female,Rajshahi,Clothing,46.33,2,Mobile,Credit Card,TRUE,8,FALSE,3,11,Free,High,2
5115,54,Other,Rangpur,Beauty,777.7,26,Desktop,Credit Card,TRUE,4,FALSE,4,7,Free,Low,0
5116,39,Female,Dhaka,Home,127.88,2,Desktop,Credit Card,TRUE,4,TRUE,3,7,Free,Low,0
5117,55,Male,Mymensingh,Home,940.57,34,Desktop,Bank Transfer,TRUE,9,FALSE,4,13,Free,Medium,1
5118,41,Female,Rangpur,Toys,657.16,4,Tablet,Credit Card,FALSE,5,TRUE,2,13,Free,Medium,1
5119,64,Female,Chittagong,Beauty,53.5,41,Tablet,Debit Card,TRUE,2,FALSE,2,13,Free,High,2
5120,20,Female,Barisal,Books,57.83,2,Tablet,PayPal,FALSE,9,TRUE,3,2,Free,High,2
5121,53,Other,Dhaka,Sports,290.77,27,Desktop,Debit Card,FALSE,6,TRUE,5,6,Premium,Medium,1
5122,60,Male,Mymensingh,Books,999.82,21,Mobile,Debit Card,TRUE,6,FALSE,2,5,Premium,High,2
5123,56,Female,Rangpur,Clothing,90.73,3,Tablet,Credit Card,TRUE,3,TRUE,1,3,Premium,High,2
5124,25,Male,Khulna,Groceries,431.21,1,Tablet,Cash on Delivery,TRUE,3,TRUE,3,10,Premium,Medium,1
5125,47,Female,Khulna,Books,645.23,10,Desktop,Cash on Delivery,FALSE,4,FALSE,4,13,Premium,Low,0
5126,28,Male,Mymensingh,Home,379.21,3,Desktop,PayPal,TRUE,7,FALSE,2,12,Premium,Low,0
5127,64,Other,Mymensingh,Electronics,148.77,9,Mobile,Credit Card,FALSE,4,TRUE,5,8,Trial,High,2
5128,33,Female,Rajshahi,Toys,117.47,29,Mobile,Credit Card,TRUE,7,FALSE,1,10,Premium,High,2
5129,66,Other,Dhaka,Toys,291.26,57,Tablet,Credit Card,TRUE,9,TRUE,2,1,Free,Low,0
5130,53,Other,Barisal,Books,944.44,49,Tablet,Credit Card,TRUE,5,TRUE,4,2,Premium,Medium,1
5131,19,Male,Rangpur,Clothing,50.39,51,Desktop,Bank Transfer,TRUE,4,TRUE,3,2,Free,High,2
5132,57,Male,Barisal,Clothing,89.71,42,Desktop,Bank Transfer,TRUE,7,FALSE,1,3,Trial,Medium,1
5133,30,Female,Rangpur,Clothing,256.22,24,Mobile,Debit Card,FALSE,5,TRUE,4,6,Free,Medium,1
5134,51,Female,Rajshahi,Electronics,742.39,32,Desktop,Cash on Delivery,FALSE,4,FALSE,3,3,Trial,High,2
5135,31,Other,Rangpur,Beauty,549.45,24,Mobile,Debit Card,TRUE,7,FALSE,1,3,Trial,Low,0
5136,64,Female,Rajshahi,Groceries,544.72,46,Tablet,Bank Transfer,TRUE,5,TRUE,4,12,Premium,Low,0
5137,32,Female,Dhaka,Beauty,137.63,51,Tablet,Debit Card,FALSE,3,TRUE,5,4,Trial,High,2
5138,34,Other,Dhaka,Beauty,375.89,36,Tablet,Credit Card,TRUE,3,TRUE,1,6,Premium,Medium,1
5139,66,Male,Rajshahi,Beauty,158.07,51,Mobile,Debit Card,TRUE,3,TRUE,3,7,Trial,Medium,1
5140,24,Other,Barisal,Toys,842.23,17,Mobile,Credit Card,FALSE,9,TRUE,2,1,Free,Low,0
5141,22,Other,Rangpur,Books,932.58,31,Tablet,Credit Card,FALSE,4,FALSE,3,3,Premium,Medium,1
5142,29,Other,Barisal,Books,337.74,26,Tablet,PayPal,TRUE,8,TRUE,1,2,Premium,Medium,1
5143,32,Other,Dhaka,Electronics,631.2,25,Desktop,Credit Card,TRUE,7,TRUE,1,3,Free,Low,0
5144,26,Male,Dhaka,Home,305.24,23,Desktop,Credit Card,TRUE,8,FALSE,3,3,Free,High,2
5145,27,Male,Mymensingh,Clothing,619.57,41,Mobile,Debit Card,TRUE,4,TRUE,1,10,Premium,Low,0
5146,26,Female,Dhaka,Sports,606.29,10,Tablet,Debit Card,FALSE,3,TRUE,1,13,Free,Low,0
5147,48,Other,Khulna,Sports,784.82,14,Desktop,Credit Card,FALSE,5,TRUE,4,7,Trial,Low,0
5148,30,Male,Rangpur,Beauty,353.97,12,Mobile,PayPal,TRUE,1,FALSE,4,13,Free,High,2
5149,68,Male,Rajshahi,Home,932.59,19,Tablet,Cash on Delivery,FALSE,3,FALSE,2,6,Free,Low,0
5150,44,Male,Barisal,Home,833.65,43,Mobile,PayPal,FALSE,1,TRUE,1,3,Trial,High,2
5151,40,Other,Rajshahi,Clothing,979.23,35,Mobile,Credit Card,TRUE,6,TRUE,1,5,Premium,High,2
5152,23,Other,Barisal,Sports,766.8,23,Desktop,Bank Transfer,FALSE,9,FALSE,2,7,Free,High,2
5153,58,Female,Rajshahi,Toys,686,18,Mobile,PayPal,FALSE,2,FALSE,4,7,Free,Low,0
5154,59,Other,Chittagong,Groceries,245.62,1,Desktop,Cash on Delivery,FALSE,2,FALSE,3,10,Premium,Low,0
5155,58,Female,Khulna,Beauty,900.05,15,Mobile,Bank Transfer,FALSE,3,TRUE,4,7,Trial,Medium,1
5156,67,Male,Mymensingh,Home,250.63,42,Desktop,Credit Card,FALSE,8,TRUE,5,11,Free,Medium,1
5157,38,Other,Chittagong,Books,886.99,56,Mobile,Bank Transfer,TRUE,3,FALSE,5,7,Premium,Medium,1
5158,65,Male,Sylhet,Electronics,724.98,4,Mobile,Debit Card,FALSE,1,TRUE,3,7,Free,Medium,1
5159,47,Male,Barisal,Home,701.92,28,Tablet,Credit Card,FALSE,8,FALSE,3,7,Trial,High,2
5160,63,Male,Chittagong,Books,845.76,49,Mobile,Bank Transfer,FALSE,5,FALSE,1,11,Trial,Medium,1
5161,39,Female,Barisal,Sports,796.45,24,Mobile,Cash on Delivery,TRUE,5,FALSE,1,11,Free,Low,0
5162,39,Female,Dhaka,Toys,342.32,25,Mobile,Bank Transfer,TRUE,8,FALSE,4,4,Premium,High,2
5163,29,Female,Khulna,Clothing,671.65,50,Tablet,Cash on Delivery,FALSE,1,FALSE,1,9,Premium,High,2
5164,30,Female,Sylhet,Books,646.1,59,Tablet,Bank Transfer,FALSE,8,TRUE,2,7,Premium,Medium,1
5165,56,Male,Barisal,Electronics,384.46,1,Tablet,PayPal,TRUE,5,TRUE,2,6,Free,Medium,1
5166,64,Other,Dhaka,Groceries,796.07,37,Desktop,PayPal,FALSE,3,FALSE,2,1,Premium,High,2
5167,57,Other,Dhaka,Books,925.8,8,Mobile,Cash on Delivery,TRUE,2,TRUE,2,7,Trial,High,2
5168,42,Male,Khulna,Home,220.19,31,Desktop,Debit Card,FALSE,1,FALSE,1,2,Premium,Low,0
5169,38,Male,Rangpur,Clothing,442.24,49,Desktop,Cash on Delivery,TRUE,9,FALSE,2,10,Premium,Low,0
5170,19,Female,Chittagong,Beauty,939.85,42,Desktop,Credit Card,FALSE,2,FALSE,2,2,Premium,Medium,1
5171,39,Female,Rajshahi,Sports,977.29,41,Desktop,Debit Card,FALSE,7,FALSE,4,2,Premium,Low,0
5172,50,Other,Rajshahi,Electronics,863.03,34,Tablet,Credit Card,FALSE,5,FALSE,5,8,Trial,High,2
5173,64,Male,Mymensingh,Sports,411.92,41,Desktop,Credit Card,FALSE,2,FALSE,1,13,Trial,Low,0
5174,18,Male,Mymensingh,Electronics,842.43,18,Desktop,Cash on Delivery,FALSE,6,TRUE,5,8,Trial,High,2
5175,43,Male,Khulna,Clothing,962.65,57,Desktop,PayPal,FALSE,9,TRUE,3,3,Free,High,2
5176,41,Male,Rangpur,Home,308.97,53,Tablet,PayPal,FALSE,5,FALSE,3,5,Free,Low,0
5177,62,Male,Mymensingh,Groceries,958.84,14,Mobile,Credit Card,TRUE,8,FALSE,1,6,Trial,High,2
5178,22,Other,Dhaka,Beauty,636.39,21,Desktop,Bank Transfer,TRUE,2,FALSE,2,6,Trial,Low,0
5179,28,Female,Dhaka,Groceries,175.61,3,Desktop,Debit Card,TRUE,1,TRUE,4,12,Premium,Medium,1
5180,25,Female,Rangpur,Clothing,498.98,57,Tablet,Credit Card,TRUE,6,TRUE,3,2,Trial,Medium,1
5181,32,Male,Khulna,Electronics,790.37,42,Desktop,PayPal,FALSE,1,TRUE,1,8,Free,Medium,1
5182,34,Other,Mymensingh,Books,781.37,40,Desktop,Bank Transfer,TRUE,2,TRUE,5,13,Trial,Medium,1
5183,68,Other,Mymensingh,Clothing,309.41,42,Desktop,Debit Card,FALSE,1,FALSE,3,8,Free,Medium,1
5184,60,Male,Barisal,Groceries,903.23,8,Tablet,Debit Card,TRUE,9,TRUE,3,13,Premium,High,2
5185,59,Female,Rangpur,Groceries,43.66,44,Tablet,Credit Card,TRUE,2,TRUE,4,9,Free,Low,0
5186,44,Other,Rangpur,Beauty,976.1,42,Tablet,Credit Card,FALSE,2,TRUE,5,4,Premium,High,2
5187,39,Other,Barisal,Electronics,214.02,2,Tablet,Credit Card,TRUE,9,TRUE,4,4,Free,High,2
5188,52,Male,Chittagong,Beauty,353.08,41,Tablet,PayPal,FALSE,2,TRUE,3,7,Free,Medium,1
5189,56,Male,Mymensingh,Groceries,181.36,29,Mobile,Cash on Delivery,TRUE,8,FALSE,1,4,Free,Medium,1
5190,27,Female,Barisal,Electronics,987.3,40,Desktop,Cash on Delivery,TRUE,2,TRUE,5,13,Premium,Medium,1
5191,64,Other,Khulna,Books,244.82,35,Tablet,Credit Card,TRUE,2,TRUE,2,12,Trial,High,2
5192,63,Male,Khulna,Home,551.14,54,Tablet,Cash on Delivery,TRUE,9,TRUE,5,11,Trial,High,2
5193,67,Male,Chittagong,Groceries,746.23,37,Mobile,Debit Card,FALSE,7,FALSE,4,12,Premium,Low,0
5194,47,Male,Dhaka,Books,604.38,28,Mobile,Debit Card,TRUE,2,FALSE,4,6,Free,Medium,1
5195,20,Female,Sylhet,Toys,532.17,57,Tablet,Bank Transfer,TRUE,5,FALSE,3,5,Free,Medium,1
5196,56,Male,Chittagong,Clothing,527.82,27,Desktop,Debit Card,TRUE,4,TRUE,4,4,Free,Medium,1
5197,20,Other,Mymensingh,Books,463.47,12,Mobile,Credit Card,FALSE,7,TRUE,3,10,Trial,High,2
5198,35,Male,Rajshahi,Electronics,933.58,39,Mobile,Bank Transfer,TRUE,7,FALSE,4,9,Free,Low,0
5199,40,Female,Dhaka,Groceries,433.46,22,Mobile,Debit Card,TRUE,6,TRUE,2,4,Free,Low,0
5200,59,Female,Barisal,Electronics,872.68,23,Mobile,Debit Card,FALSE,1,FALSE,3,3,Trial,Medium,1
5201,56,Male,Rajshahi,Toys,588.29,56,Desktop,Credit Card,TRUE,7,FALSE,5,2,Free,Low,0
5202,51,Female,Barisal,Groceries,208.72,24,Tablet,Bank Transfer,FALSE,9,FALSE,2,8,Premium,High,2
5203,21,Female,Barisal,Beauty,207.9,36,Mobile,Cash on Delivery,FALSE,7,TRUE,2,12,Free,Low,0
5204,30,Female,Rangpur,Clothing,602.37,9,Desktop,Bank Transfer,FALSE,1,TRUE,2,10,Trial,High,2
5205,50,Male,Barisal,Sports,370.98,51,Tablet,PayPal,TRUE,1,FALSE,5,12,Trial,Medium,1
5206,65,Male,Dhaka,Beauty,704.91,11,Tablet,Bank Transfer,FALSE,2,TRUE,3,2,Free,Low,0
5207,43,Other,Rajshahi,Books,940.08,48,Tablet,Debit Card,FALSE,8,FALSE,2,8,Free,Medium,1
5208,20,Female,Mymensingh,Books,604.57,2,Tablet,Cash on Delivery,FALSE,4,TRUE,4,5,Trial,Medium,1
5209,38,Other,Chittagong,Beauty,537.03,11,Desktop,Cash on Delivery,FALSE,9,FALSE,1,7,Premium,High,2
5210,32,Other,Sylhet,Books,288.24,19,Tablet,Cash on Delivery,FALSE,7,FALSE,1,11,Trial,Medium,1
5211,65,Male,Chittagong,Toys,902.02,33,Desktop,Bank Transfer,FALSE,5,TRUE,2,5,Premium,High,2
5212,18,Other,Khulna,Groceries,12.35,46,Tablet,Bank Transfer,TRUE,8,FALSE,4,8,Trial,Low,0
5213,49,Female,Barisal,Clothing,860.56,6,Desktop,PayPal,FALSE,6,TRUE,5,7,Trial,Medium,1
5214,44,Female,Sylhet,Home,93.47,43,Mobile,Debit Card,TRUE,2,TRUE,3,12,Trial,Medium,1
5215,42,Female,Chittagong,Clothing,470.46,21,Tablet,Bank Transfer,TRUE,1,TRUE,4,2,Premium,Low,0
5216,21,Other,Mymensingh,Clothing,778.69,38,Desktop,Cash on Delivery,FALSE,1,TRUE,2,2,Free,Medium,1
5217,28,Female,Sylhet,Groceries,907.23,23,Desktop,Credit Card,TRUE,5,TRUE,2,6,Free,High,2
5218,54,Other,Khulna,Electronics,179.4,10,Mobile,Debit Card,TRUE,8,FALSE,2,13,Trial,Medium,1
5219,34,Female,Chittagong,Groceries,385.22,58,Desktop,Bank Transfer,FALSE,9,FALSE,3,4,Trial,High,2
5220,59,Female,Dhaka,Groceries,983.44,17,Desktop,Credit Card,TRUE,7,FALSE,5,1,Premium,High,2
5221,38,Female,Chittagong,Clothing,579.72,58,Desktop,PayPal,TRUE,6,TRUE,4,13,Premium,High,2
5222,33,Other,Chittagong,Books,509.82,20,Mobile,Cash on Delivery,FALSE,1,FALSE,4,10,Trial,High,2
5223,19,Female,Barisal,Toys,854.96,45,Mobile,PayPal,FALSE,4,TRUE,4,3,Premium,High,2
5224,26,Male,Barisal,Sports,812.38,24,Tablet,Debit Card,TRUE,7,TRUE,3,2,Trial,Medium,1
5225,53,Male,Khulna,Groceries,303.38,27,Desktop,PayPal,TRUE,4,FALSE,5,13,Trial,Low,0
5226,63,Female,Chittagong,Clothing,325.08,30,Mobile,Credit Card,FALSE,6,FALSE,5,4,Free,Medium,1
5227,53,Male,Rajshahi,Electronics,227.36,40,Desktop,Debit Card,TRUE,8,FALSE,2,7,Free,Medium,1
5228,36,Male,Sylhet,Toys,176.43,14,Desktop,Bank Transfer,TRUE,5,FALSE,2,4,Free,High,2
5229,64,Female,Mymensingh,Sports,263.54,46,Mobile,Debit Card,TRUE,9,TRUE,2,2,Trial,High,2
5230,61,Female,Rajshahi,Home,752.9,43,Mobile,Bank Transfer,TRUE,2,TRUE,3,2,Premium,Low,0
5231,48,Male,Chittagong,Home,744.01,35,Tablet,Cash on Delivery,FALSE,9,TRUE,1,7,Premium,Medium,1
5232,19,Other,Dhaka,Sports,988.39,18,Tablet,PayPal,TRUE,3,TRUE,1,6,Trial,Low,0
5233,59,Female,Rangpur,Beauty,924.3,46,Mobile,PayPal,TRUE,2,FALSE,3,4,Premium,High,2
5234,53,Male,Khulna,Groceries,537.45,4,Desktop,Debit Card,FALSE,8,TRUE,4,1,Free,Low,0
5235,26,Other,Mymensingh,Electronics,439.25,16,Tablet,Credit Card,TRUE,8,TRUE,2,3,Trial,Medium,1
5236,60,Other,Khulna,Sports,946.68,49,Tablet,Bank Transfer,TRUE,8,TRUE,4,10,Free,Medium,1
5237,21,Female,Rangpur,Books,206.64,46,Desktop,Credit Card,FALSE,8,TRUE,2,13,Free,High,2
5238,37,Other,Mymensingh,Sports,479.77,50,Desktop,Bank Transfer,TRUE,2,TRUE,1,10,Trial,High,2
5239,54,Female,Sylhet,Groceries,342.95,39,Tablet,PayPal,TRUE,2,TRUE,3,3,Trial,Low,0
5240,33,Male,Khulna,Clothing,440.22,40,Desktop,Credit Card,TRUE,6,TRUE,5,12,Trial,High,2
5241,46,Male,Rajshahi,Toys,579.3,13,Desktop,Credit Card,TRUE,3,FALSE,5,6,Trial,High,2
5242,50,Female,Mymensingh,Beauty,580.78,41,Desktop,Credit Card,FALSE,2,FALSE,2,5,Premium,Medium,1
5243,49,Female,Rajshahi,Books,738.99,18,Desktop,Bank Transfer,TRUE,6,FALSE,5,12,Trial,Medium,1
5244,64,Male,Rangpur,Clothing,160.27,21,Mobile,Cash on Delivery,TRUE,4,FALSE,2,11,Free,Low,0
5245,35,Male,Khulna,Clothing,885.93,51,Desktop,Cash on Delivery,TRUE,4,FALSE,4,10,Premium,High,2
5246,59,Male,Barisal,Electronics,470.71,21,Mobile,PayPal,TRUE,2,TRUE,4,11,Free,High,2
5247,61,Other,Barisal,Home,718.34,5,Tablet,Debit Card,TRUE,8,TRUE,1,6,Trial,High,2
5248,26,Male,Rajshahi,Sports,677.72,30,Desktop,Debit Card,TRUE,6,TRUE,3,7,Premium,Low,0
5249,39,Female,Dhaka,Electronics,8.67,3,Desktop,Credit Card,TRUE,2,FALSE,4,3,Trial,Medium,1
5250,65,Other,Chittagong,Home,116.1,8,Desktop,Bank Transfer,TRUE,6,FALSE,1,1,Premium,Medium,1
5251,36,Other,Rajshahi,Toys,698.2,14,Desktop,Bank Transfer,TRUE,3,TRUE,2,9,Trial,High,2
5252,34,Female,Barisal,Clothing,230.15,33,Desktop,Bank Transfer,TRUE,6,TRUE,4,5,Free,Medium,1
5253,64,Male,Rangpur,Groceries,83.91,47,Tablet,Cash on Delivery,TRUE,5,TRUE,2,6,Free,High,2
5254,32,Female,Sylhet,Beauty,10.77,36,Desktop,Cash on Delivery,TRUE,4,FALSE,2,2,Premium,Low,0
5255,43,Other,Rangpur,Beauty,796.78,31,Mobile,Credit Card,FALSE,6,TRUE,1,10,Premium,Low,0
5256,56,Male,Rajshahi,Electronics,249.65,1,Tablet,PayPal,TRUE,1,TRUE,2,4,Trial,Medium,1
5257,37,Female,Sylhet,Home,921.73,15,Desktop,PayPal,TRUE,4,TRUE,5,12,Premium,Low,0
5258,22,Female,Sylhet,Groceries,380.95,28,Desktop,Credit Card,FALSE,2,TRUE,3,10,Trial,Low,0
5259,56,Male,Mymensingh,Books,202.27,9,Tablet,PayPal,TRUE,2,FALSE,1,9,Trial,High,2
5260,18,Other,Chittagong,Sports,614.82,22,Tablet,Cash on Delivery,FALSE,2,TRUE,3,6,Trial,High,2
5261,68,Male,Sylhet,Toys,293.66,57,Mobile,PayPal,TRUE,1,FALSE,1,13,Premium,Low,0
5262,24,Other,Rajshahi,Beauty,503.48,55,Desktop,Cash on Delivery,FALSE,5,TRUE,3,8,Premium,Low,0
5263,36,Other,Khulna,Groceries,526.07,54,Desktop,Bank Transfer,FALSE,5,TRUE,3,4,Free,Low,0
5264,19,Female,Sylhet,Beauty,850.63,12,Tablet,Credit Card,FALSE,2,TRUE,4,7,Free,Medium,1
5265,41,Female,Chittagong,Groceries,939.62,25,Desktop,Credit Card,FALSE,8,TRUE,5,6,Free,Low,0
5266,59,Male,Khulna,Toys,510.41,10,Desktop,Bank Transfer,FALSE,6,TRUE,2,9,Free,Low,0
5267,53,Female,Dhaka,Groceries,583.82,35,Tablet,Cash on Delivery,FALSE,5,FALSE,2,11,Free,Low,0
5268,30,Female,Mymensingh,Clothing,102.93,10,Mobile,Bank Transfer,FALSE,5,TRUE,5,10,Free,High,2
5269,67,Other,Dhaka,Home,877.14,48,Desktop,Cash on Delivery,FALSE,9,TRUE,3,12,Premium,Low,0
5270,28,Other,Dhaka,Books,872.02,34,Tablet,Cash on Delivery,FALSE,1,TRUE,2,5,Free,Medium,1
5271,38,Female,Mymensingh,Books,256.27,54,Tablet,Cash on Delivery,TRUE,5,FALSE,3,10,Free,Low,0
5272,34,Other,Rajshahi,Home,866.03,9,Mobile,Debit Card,TRUE,4,TRUE,3,6,Free,Low,0
5273,37,Other,Rajshahi,Clothing,767.32,45,Desktop,PayPal,TRUE,4,TRUE,5,1,Free,Low,0
5274,61,Other,Sylhet,Beauty,179.54,54,Tablet,Credit Card,FALSE,8,TRUE,4,10,Free,Low,0
5275,65,Other,Khulna,Electronics,586.85,6,Desktop,PayPal,TRUE,2,FALSE,1,7,Free,Medium,1
5276,61,Male,Khulna,Sports,72.45,42,Desktop,Cash on Delivery,FALSE,3,FALSE,2,10,Trial,Medium,1
5277,21,Male,Sylhet,Sports,448.28,15,Tablet,Cash on Delivery,TRUE,5,TRUE,2,12,Free,Medium,1
5278,48,Other,Rangpur,Books,894.49,27,Mobile,Cash on Delivery,TRUE,2,FALSE,2,6,Trial,High,2
5279,22,Other,Sylhet,Sports,463.91,5,Tablet,PayPal,TRUE,4,FALSE,2,1,Free,Low,0
5280,44,Other,Dhaka,Home,64.15,24,Tablet,Bank Transfer,FALSE,2,FALSE,2,11,Free,Medium,1
5281,58,Female,Khulna,Electronics,782.47,28,Mobile,Cash on Delivery,TRUE,6,TRUE,3,11,Trial,High,2
5282,28,Female,Barisal,Groceries,270.64,6,Desktop,PayPal,TRUE,3,TRUE,1,12,Premium,Medium,1
5283,58,Female,Rangpur,Books,334.57,36,Tablet,Cash on Delivery,TRUE,9,TRUE,4,4,Trial,Low,0
5284,21,Female,Mymensingh,Electronics,404.13,27,Desktop,Bank Transfer,FALSE,7,TRUE,3,4,Trial,Low,0
5285,38,Other,Rangpur,Electronics,617.63,31,Tablet,PayPal,TRUE,5,TRUE,2,8,Free,High,2
5286,67,Other,Chittagong,Groceries,275.49,11,Tablet,Credit Card,FALSE,5,TRUE,2,7,Trial,High,2
5287,61,Male,Rajshahi,Books,471.96,23,Desktop,Cash on Delivery,TRUE,9,TRUE,1,3,Free,Medium,1
5288,20,Female,Sylhet,Clothing,924.01,44,Mobile,Cash on Delivery,TRUE,8,FALSE,4,7,Free,Medium,1
5289,52,Female,Mymensingh,Electronics,206.14,28,Desktop,Debit Card,TRUE,8,TRUE,1,7,Premium,High,2
5290,56,Other,Rajshahi,Sports,902.69,29,Desktop,Credit Card,FALSE,4,TRUE,1,13,Free,Low,0
5291,56,Other,Rajshahi,Electronics,720.8,55,Mobile,PayPal,TRUE,3,TRUE,5,1,Trial,Medium,1
5292,36,Male,Rajshahi,Groceries,156.53,1,Mobile,Debit Card,FALSE,2,FALSE,5,7,Premium,High,2
5293,43,Female,Mymensingh,Toys,83.49,54,Mobile,PayPal,TRUE,1,FALSE,4,7,Premium,Low,0
5294,65,Male,Barisal,Clothing,739.59,36,Mobile,PayPal,TRUE,9,FALSE,2,6,Trial,High,2
5295,37,Male,Chittagong,Clothing,625.45,15,Mobile,Bank Transfer,FALSE,9,TRUE,5,2,Free,Low,0
5296,26,Other,Chittagong,Clothing,207.7,58,Tablet,PayPal,TRUE,5,FALSE,1,10,Free,High,2
5297,59,Other,Khulna,Electronics,603.84,12,Tablet,Cash on Delivery,FALSE,4,TRUE,1,10,Free,Low,0
5298,23,Female,Chittagong,Beauty,225.46,8,Mobile,Credit Card,FALSE,3,TRUE,2,12,Trial,Medium,1
5299,31,Female,Sylhet,Groceries,483.83,26,Mobile,Debit Card,TRUE,2,TRUE,1,9,Trial,Low,0
5300,60,Female,Chittagong,Beauty,109.02,12,Desktop,Credit Card,FALSE,2,FALSE,1,4,Free,Low,0
5301,25,Female,Mymensingh,Clothing,692.42,3,Tablet,Debit Card,TRUE,1,TRUE,2,1,Trial,Medium,1
5302,59,Female,Khulna,Toys,605.69,36,Mobile,Debit Card,TRUE,1,TRUE,5,9,Trial,Low,0
5303,45,Female,Mymensingh,Books,230.52,49,Tablet,Credit Card,FALSE,1,FALSE,2,7,Premium,Medium,1
5304,65,Female,Barisal,Sports,77.18,6,Mobile,Credit Card,TRUE,8,TRUE,2,13,Trial,Medium,1
5305,55,Female,Chittagong,Home,141.76,50,Desktop,PayPal,TRUE,1,TRUE,1,11,Free,Low,0
5306,52,Other,Mymensingh,Electronics,445.27,6,Desktop,Cash on Delivery,FALSE,1,FALSE,1,11,Premium,High,2
5307,59,Male,Mymensingh,Sports,309.59,21,Desktop,PayPal,FALSE,2,TRUE,1,8,Free,High,2
5308,28,Other,Barisal,Clothing,269.94,23,Mobile,Credit Card,TRUE,4,FALSE,1,4,Trial,Medium,1
5309,56,Female,Mymensingh,Sports,200.58,16,Mobile,Credit Card,FALSE,3,FALSE,3,5,Trial,High,2
5310,67,Female,Rajshahi,Sports,61.16,47,Tablet,Credit Card,TRUE,2,FALSE,3,3,Premium,High,2
5311,59,Other,Mymensingh,Beauty,504.17,5,Tablet,Cash on Delivery,FALSE,4,FALSE,4,3,Premium,Low,0
5312,54,Other,Sylhet,Home,679.79,2,Mobile,Credit Card,FALSE,3,TRUE,1,3,Free,Low,0
5313,19,Female,Rangpur,Electronics,451.68,59,Desktop,PayPal,TRUE,2,TRUE,4,13,Premium,High,2
5314,47,Other,Sylhet,Clothing,312.46,24,Mobile,Credit Card,FALSE,6,FALSE,2,5,Premium,Medium,1
5315,34,Female,Mymensingh,Electronics,614.68,3,Desktop,PayPal,TRUE,3,TRUE,3,1,Trial,Medium,1
5316,66,Male,Rajshahi,Beauty,290.74,20,Desktop,Cash on Delivery,TRUE,3,TRUE,4,2,Free,Low,0
5317,36,Male,Rajshahi,Electronics,751.01,54,Tablet,Bank Transfer,TRUE,6,TRUE,1,10,Free,High,2
5318,67,Female,Mymensingh,Home,375.15,22,Desktop,Credit Card,FALSE,4,TRUE,4,10,Premium,High,2
5319,69,Other,Barisal,Electronics,432.01,5,Mobile,PayPal,TRUE,9,FALSE,3,3,Trial,High,2
5320,22,Female,Mymensingh,Beauty,170.68,42,Mobile,Cash on Delivery,TRUE,7,FALSE,3,2,Premium,Low,0
5321,22,Other,Mymensingh,Electronics,287.58,16,Desktop,PayPal,FALSE,5,FALSE,1,1,Premium,Medium,1
5322,44,Other,Barisal,Sports,227.98,44,Tablet,PayPal,TRUE,2,FALSE,2,5,Premium,Low,0
5323,18,Male,Rajshahi,Beauty,387.43,34,Tablet,Cash on Delivery,FALSE,8,FALSE,4,3,Premium,Low,0
5324,37,Male,Rajshahi,Home,257.78,15,Desktop,Debit Card,FALSE,9,FALSE,3,3,Trial,Low,0
5325,69,Female,Rajshahi,Electronics,484.54,32,Mobile,Credit Card,FALSE,4,FALSE,3,13,Free,High,2
5326,68,Male,Chittagong,Clothing,387.99,26,Mobile,Debit Card,FALSE,7,FALSE,2,8,Trial,High,2
5327,52,Female,Barisal,Sports,399.38,47,Desktop,Credit Card,TRUE,9,TRUE,1,1,Trial,Medium,1
5328,47,Male,Rajshahi,Toys,601.46,6,Tablet,Cash on Delivery,TRUE,5,FALSE,3,10,Premium,High,2
5329,61,Other,Dhaka,Home,289.44,24,Desktop,Credit Card,FALSE,8,FALSE,5,12,Premium,Medium,1
5330,66,Male,Khulna,Groceries,349.69,50,Desktop,Debit Card,FALSE,9,TRUE,5,11,Trial,High,2
5331,63,Female,Chittagong,Groceries,427.85,52,Mobile,Cash on Delivery,TRUE,5,TRUE,1,7,Trial,High,2
5332,47,Other,Dhaka,Electronics,753.56,49,Desktop,Cash on Delivery,TRUE,8,FALSE,5,10,Free,Medium,1
5333,47,Female,Barisal,Home,28.46,23,Tablet,Cash on Delivery,TRUE,6,FALSE,4,4,Premium,Medium,1
5334,63,Male,Chittagong,Beauty,19.1,19,Mobile,Credit Card,TRUE,7,FALSE,4,6,Free,Medium,1
5335,19,Female,Rajshahi,Groceries,687.58,33,Desktop,Cash on Delivery,FALSE,1,FALSE,5,9,Premium,Low,0
5336,26,Male,Dhaka,Home,531.54,47,Mobile,Cash on Delivery,FALSE,4,FALSE,2,8,Trial,High,2
5337,32,Female,Rangpur,Electronics,374,53,Mobile,Debit Card,TRUE,4,TRUE,2,7,Premium,Low,0
5338,59,Other,Khulna,Toys,747.82,28,Desktop,Cash on Delivery,FALSE,5,FALSE,3,1,Premium,Low,0
5339,68,Other,Mymensingh,Electronics,396.6,36,Desktop,Credit Card,TRUE,1,TRUE,5,8,Premium,Low,0
5340,65,Male,Khulna,Groceries,923.78,35,Mobile,Credit Card,TRUE,8,TRUE,2,3,Trial,Medium,1
5341,41,Other,Rajshahi,Clothing,615.9,14,Desktop,PayPal,FALSE,6,FALSE,3,2,Free,Medium,1
5342,40,Female,Rajshahi,Beauty,800.18,4,Tablet,Bank Transfer,FALSE,1,TRUE,5,8,Trial,Medium,1
5343,58,Male,Mymensingh,Clothing,164.34,33,Desktop,PayPal,FALSE,7,FALSE,5,2,Trial,High,2
5344,21,Male,Chittagong,Home,220.74,46,Tablet,Debit Card,FALSE,4,FALSE,3,8,Trial,High,2
5345,57,Other,Barisal,Sports,982.41,51,Desktop,Credit Card,FALSE,7,TRUE,4,3,Premium,Medium,1
5346,22,Male,Khulna,Home,77.78,11,Tablet,PayPal,FALSE,5,TRUE,3,10,Trial,Medium,1
5347,31,Male,Khulna,Groceries,17.64,21,Desktop,PayPal,FALSE,6,FALSE,4,5,Free,Low,0
5348,67,Other,Rangpur,Electronics,96.3,54,Desktop,Debit Card,FALSE,8,TRUE,4,4,Free,Medium,1
5349,50,Male,Khulna,Clothing,747.81,4,Desktop,Bank Transfer,TRUE,5,TRUE,2,10,Trial,Low,0
5350,20,Female,Barisal,Home,928.49,31,Tablet,Credit Card,FALSE,4,FALSE,3,9,Free,Low,0
5351,19,Other,Barisal,Beauty,656.86,40,Mobile,Bank Transfer,TRUE,5,TRUE,4,11,Premium,Medium,1
5352,18,Male,Mymensingh,Groceries,378.54,21,Mobile,Debit Card,TRUE,8,FALSE,1,10,Premium,High,2
5353,42,Other,Barisal,Toys,139.31,56,Desktop,Bank Transfer,TRUE,4,FALSE,5,6,Premium,Low,0
5354,69,Other,Sylhet,Clothing,666.68,6,Mobile,Bank Transfer,FALSE,5,FALSE,4,4,Premium,Low,0
5355,38,Female,Sylhet,Sports,933.87,38,Tablet,Cash on Delivery,FALSE,8,TRUE,4,12,Free,Medium,1
5356,65,Female,Khulna,Books,319.34,46,Mobile,PayPal,FALSE,2,FALSE,1,12,Trial,High,2
5357,42,Male,Sylhet,Beauty,550.66,39,Desktop,PayPal,TRUE,3,TRUE,4,7,Premium,High,2
5358,51,Male,Khulna,Toys,390.9,38,Mobile,Credit Card,TRUE,6,FALSE,5,4,Free,High,2
5359,44,Male,Chittagong,Books,667.81,49,Desktop,Cash on Delivery,FALSE,6,FALSE,3,6,Trial,Low,0
5360,62,Other,Dhaka,Books,557.55,43,Desktop,Credit Card,FALSE,7,TRUE,4,7,Trial,High,2
5361,65,Other,Mymensingh,Toys,455.86,34,Mobile,Cash on Delivery,FALSE,8,FALSE,1,2,Trial,High,2
5362,52,Male,Khulna,Electronics,985.83,18,Tablet,Bank Transfer,FALSE,3,TRUE,5,12,Trial,Low,0
5363,33,Male,Dhaka,Toys,445.09,57,Tablet,PayPal,FALSE,7,TRUE,1,6,Trial,Low,0
5364,42,Male,Sylhet,Home,604.58,19,Desktop,Bank Transfer,TRUE,6,TRUE,4,7,Trial,High,2
5365,39,Other,Rajshahi,Home,876.8,49,Mobile,Debit Card,FALSE,9,FALSE,4,11,Premium,Medium,1
5366,22,Other,Mymensingh,Clothing,485.41,55,Desktop,Debit Card,FALSE,3,FALSE,3,4,Trial,Medium,1
5367,56,Other,Dhaka,Home,539.41,44,Mobile,PayPal,TRUE,7,TRUE,3,10,Free,Low,0
5368,58,Female,Barisal,Sports,72.05,45,Mobile,Credit Card,TRUE,5,FALSE,5,11,Premium,Medium,1
5369,50,Female,Dhaka,Books,689.21,22,Mobile,PayPal,TRUE,7,TRUE,5,9,Free,High,2
5370,60,Other,Khulna,Clothing,699.01,56,Mobile,Debit Card,TRUE,7,FALSE,5,13,Premium,Low,0
5371,48,Other,Dhaka,Toys,131.28,8,Mobile,Cash on Delivery,FALSE,5,FALSE,3,6,Premium,Medium,1
5372,54,Female,Chittagong,Sports,62.4,45,Desktop,Bank Transfer,FALSE,4,TRUE,4,5,Premium,Low,0
5373,27,Female,Barisal,Sports,579.52,49,Tablet,PayPal,TRUE,4,TRUE,1,2,Trial,Low,0
5374,58,Female,Chittagong,Books,234.66,57,Tablet,Bank Transfer,TRUE,3,TRUE,5,7,Free,High,2
5375,50,Other,Dhaka,Electronics,149.95,26,Desktop,Credit Card,FALSE,1,FALSE,1,12,Free,High,2
5376,27,Female,Khulna,Electronics,267.9,48,Mobile,PayPal,TRUE,4,TRUE,2,1,Premium,Medium,1
5377,56,Other,Rangpur,Electronics,329.64,6,Desktop,PayPal,FALSE,9,FALSE,4,11,Trial,Low,0
5378,43,Female,Sylhet,Clothing,560.14,53,Tablet,PayPal,FALSE,5,TRUE,4,13,Premium,Low,0
5379,30,Male,Mymensingh,Toys,795.76,13,Mobile,Cash on Delivery,TRUE,2,TRUE,1,12,Premium,Low,0
5380,52,Female,Khulna,Toys,991.17,59,Tablet,Cash on Delivery,TRUE,6,FALSE,1,7,Trial,High,2
5381,22,Female,Rajshahi,Sports,292.19,11,Tablet,Credit Card,TRUE,8,FALSE,4,13,Free,Medium,1
5382,22,Other,Dhaka,Sports,895.08,35,Mobile,Debit Card,TRUE,4,TRUE,3,8,Premium,Medium,1
5383,47,Female,Rangpur,Electronics,504.32,35,Tablet,PayPal,FALSE,9,FALSE,1,11,Premium,Low,0
5384,41,Other,Rajshahi,Beauty,256.41,47,Mobile,Debit Card,TRUE,3,FALSE,5,6,Free,Low,0
5385,40,Male,Rangpur,Toys,748.32,10,Mobile,Bank Transfer,FALSE,9,FALSE,4,2,Premium,Medium,1
5386,37,Other,Sylhet,Home,27.13,13,Mobile,Bank Transfer,TRUE,2,FALSE,2,3,Premium,Medium,1
5387,37,Other,Sylhet,Books,225.3,4,Desktop,PayPal,TRUE,6,TRUE,2,8,Premium,Low,0
5388,21,Female,Mymensingh,Beauty,585.95,2,Desktop,Credit Card,TRUE,5,TRUE,2,3,Premium,Low,0
5389,42,Female,Rangpur,Groceries,472.19,5,Mobile,Debit Card,TRUE,7,TRUE,4,6,Premium,Medium,1
5390,29,Female,Chittagong,Groceries,331.92,45,Mobile,Debit Card,FALSE,2,FALSE,5,3,Trial,Low,0
5391,67,Female,Mymensingh,Home,982.31,35,Mobile,PayPal,FALSE,7,FALSE,4,2,Premium,Medium,1
5392,67,Male,Barisal,Electronics,92.13,30,Desktop,Debit Card,TRUE,1,FALSE,4,7,Premium,High,2
5393,26,Female,Khulna,Groceries,267.37,32,Desktop,Credit Card,FALSE,5,TRUE,3,8,Premium,Medium,1
5394,41,Male,Sylhet,Groceries,916.32,5,Desktop,Cash on Delivery,FALSE,4,TRUE,3,9,Free,Low,0
5395,51,Female,Dhaka,Beauty,986.75,51,Tablet,PayPal,FALSE,8,FALSE,1,2,Free,High,2
5396,69,Female,Sylhet,Clothing,868.91,23,Desktop,Cash on Delivery,FALSE,7,FALSE,2,13,Trial,Low,0
5397,65,Other,Khulna,Electronics,853.26,10,Tablet,PayPal,FALSE,4,TRUE,4,8,Trial,Medium,1
5398,41,Male,Rangpur,Beauty,843.94,30,Desktop,Credit Card,TRUE,4,TRUE,1,12,Premium,Low,0
5399,43,Other,Sylhet,Beauty,816.42,51,Mobile,Cash on Delivery,TRUE,4,FALSE,3,12,Trial,High,2
5400,51,Other,Dhaka,Beauty,887.58,32,Mobile,Cash on Delivery,TRUE,3,FALSE,4,5,Trial,Low,0
5401,67,Male,Barisal,Sports,505.79,21,Tablet,Debit Card,TRUE,4,TRUE,3,2,Free,Low,0
5402,66,Other,Rajshahi,Beauty,604.66,21,Mobile,Cash on Delivery,TRUE,7,TRUE,4,12,Free,High,2
5403,32,Other,Rangpur,Groceries,743.83,45,Desktop,Credit Card,TRUE,4,TRUE,1,2,Free,High,2
5404,33,Female,Rajshahi,Electronics,640.55,29,Mobile,Credit Card,FALSE,9,FALSE,3,6,Premium,Medium,1
5405,39,Female,Rajshahi,Toys,490.94,21,Mobile,Bank Transfer,TRUE,9,FALSE,3,10,Premium,High,2
5406,58,Female,Rangpur,Clothing,221.98,39,Mobile,Credit Card,TRUE,2,FALSE,2,3,Free,Low,0
5407,36,Male,Rangpur,Electronics,985.62,37,Tablet,PayPal,TRUE,1,FALSE,3,3,Free,Medium,1
5408,55,Other,Dhaka,Beauty,855.27,43,Mobile,Cash on Delivery,FALSE,7,TRUE,3,11,Trial,Medium,1
5409,66,Female,Rangpur,Books,48.61,46,Mobile,PayPal,TRUE,3,TRUE,4,9,Premium,Low,0
5410,55,Other,Barisal,Toys,460.53,57,Desktop,Debit Card,FALSE,1,TRUE,1,13,Trial,High,2
5411,59,Female,Barisal,Sports,415.94,48,Tablet,Cash on Delivery,TRUE,1,FALSE,4,13,Trial,Medium,1
5412,20,Male,Khulna,Groceries,239.75,49,Tablet,PayPal,TRUE,2,TRUE,3,7,Free,Medium,1
5413,27,Male,Barisal,Books,389.87,42,Mobile,Debit Card,FALSE,7,FALSE,1,9,Premium,High,2
5414,57,Female,Mymensingh,Groceries,38.37,59,Tablet,Cash on Delivery,FALSE,4,TRUE,5,8,Trial,Medium,1
5415,20,Male,Dhaka,Toys,527.21,1,Tablet,Cash on Delivery,TRUE,9,TRUE,5,4,Trial,High,2
5416,41,Other,Sylhet,Home,730.58,53,Desktop,Credit Card,FALSE,6,FALSE,1,10,Free,Medium,1
5417,47,Other,Khulna,Toys,543.61,6,Mobile,Debit Card,TRUE,5,TRUE,4,2,Trial,Medium,1
5418,65,Other,Mymensingh,Home,700.26,15,Tablet,Bank Transfer,TRUE,1,FALSE,3,5,Premium,Low,0
5419,43,Female,Khulna,Home,162.15,57,Tablet,Credit Card,FALSE,6,FALSE,4,4,Premium,Low,0
5420,52,Male,Sylhet,Electronics,229.3,18,Desktop,Debit Card,TRUE,1,FALSE,3,13,Trial,High,2
5421,67,Male,Mymensingh,Home,240.51,34,Desktop,Bank Transfer,TRUE,7,FALSE,1,11,Premium,High,2
5422,50,Female,Mymensingh,Clothing,993.04,33,Desktop,Debit Card,FALSE,3,FALSE,5,8,Premium,High,2
5423,66,Male,Barisal,Sports,91.32,50,Desktop,PayPal,TRUE,5,TRUE,5,6,Trial,High,2
5424,25,Other,Chittagong,Sports,891.4,38,Desktop,PayPal,FALSE,8,FALSE,3,10,Free,High,2
5425,22,Female,Khulna,Clothing,854.7,12,Mobile,Bank Transfer,FALSE,6,FALSE,4,13,Trial,Low,0
5426,53,Other,Dhaka,Electronics,998.86,10,Desktop,Debit Card,TRUE,5,FALSE,3,5,Free,High,2
5427,63,Female,Sylhet,Beauty,830.41,53,Mobile,Cash on Delivery,TRUE,1,FALSE,2,10,Trial,High,2
5428,67,Male,Rajshahi,Groceries,17.23,35,Mobile,Debit Card,TRUE,3,FALSE,2,10,Premium,Low,0
5429,36,Other,Sylhet,Home,838.77,46,Desktop,Debit Card,TRUE,1,TRUE,1,10,Trial,Low,0
5430,68,Male,Dhaka,Electronics,157.51,35,Desktop,Bank Transfer,FALSE,1,TRUE,5,4,Free,High,2
5431,52,Other,Khulna,Home,163.61,51,Desktop,Cash on Delivery,TRUE,5,TRUE,1,13,Premium,Low,0
5432,41,Male,Rangpur,Groceries,854.81,25,Desktop,PayPal,FALSE,3,FALSE,5,4,Free,High,2
5433,37,Male,Mymensingh,Beauty,461.92,44,Tablet,Credit Card,TRUE,5,TRUE,2,11,Trial,Low,0
5434,29,Other,Chittagong,Groceries,365.08,28,Desktop,Cash on Delivery,FALSE,9,TRUE,1,1,Trial,Medium,1
5435,44,Female,Chittagong,Home,565.67,4,Tablet,Cash on Delivery,TRUE,3,FALSE,3,7,Trial,High,2
5436,66,Other,Dhaka,Clothing,568.04,16,Mobile,Credit Card,FALSE,9,TRUE,5,3,Premium,High,2
5437,33,Female,Sylhet,Home,208.93,54,Mobile,Bank Transfer,FALSE,5,FALSE,1,6,Free,Medium,1
5438,44,Male,Rangpur,Sports,470.12,51,Mobile,Cash on Delivery,TRUE,1,FALSE,1,3,Premium,Low,0
5439,68,Female,Rangpur,Sports,922.99,30,Mobile,Bank Transfer,TRUE,2,TRUE,5,7,Free,Medium,1
5440,31,Other,Chittagong,Books,755.37,26,Desktop,Cash on Delivery,FALSE,6,FALSE,4,5,Trial,Medium,1
5441,60,Other,Barisal,Books,674.01,6,Desktop,Cash on Delivery,TRUE,8,FALSE,4,3,Premium,High,2
5442,57,Other,Rajshahi,Groceries,651.69,11,Mobile,Credit Card,FALSE,2,FALSE,3,13,Free,Low,0
5443,35,Female,Rangpur,Electronics,292.8,15,Mobile,Credit Card,TRUE,7,FALSE,5,5,Trial,High,2
5444,44,Male,Khulna,Beauty,521.52,47,Desktop,Credit Card,FALSE,7,FALSE,3,5,Trial,Medium,1
5445,65,Male,Barisal,Sports,244.77,11,Desktop,Cash on Delivery,FALSE,9,FALSE,1,4,Premium,Medium,1
5446,54,Male,Barisal,Beauty,603.25,30,Mobile,PayPal,FALSE,6,FALSE,2,9,Premium,High,2
5447,23,Female,Dhaka,Home,992.37,44,Desktop,PayPal,TRUE,4,FALSE,5,4,Free,High,2
5448,58,Female,Khulna,Clothing,232.57,23,Mobile,Debit Card,FALSE,5,TRUE,3,7,Trial,High,2
5449,57,Other,Khulna,Books,674.62,46,Tablet,Bank Transfer,TRUE,8,TRUE,2,2,Free,High,2
5450,44,Other,Mymensingh,Toys,809.5,2,Desktop,Bank Transfer,FALSE,3,TRUE,3,4,Free,High,2
5451,69,Other,Chittagong,Toys,774.86,13,Mobile,Cash on Delivery,FALSE,9,TRUE,3,13,Premium,Low,0
5452,51,Male,Rajshahi,Groceries,303.23,41,Mobile,Debit Card,FALSE,4,FALSE,4,8,Premium,Medium,1
5453,29,Other,Khulna,Groceries,796.51,52,Mobile,Bank Transfer,FALSE,1,TRUE,1,8,Trial,High,2
5454,56,Other,Sylhet,Sports,715.77,1,Desktop,PayPal,TRUE,3,FALSE,4,6,Free,Medium,1
5455,64,Female,Rajshahi,Electronics,336.32,13,Tablet,Cash on Delivery,FALSE,3,FALSE,5,1,Premium,High,2
5456,18,Female,Sylhet,Groceries,417.93,23,Mobile,Bank Transfer,FALSE,2,TRUE,1,9,Free,Low,0
5457,44,Male,Rajshahi,Groceries,450.88,55,Mobile,Credit Card,TRUE,8,FALSE,2,5,Free,Low,0
5458,60,Female,Dhaka,Electronics,259.58,58,Tablet,Cash on Delivery,FALSE,4,FALSE,1,2,Premium,Medium,1
5459,51,Other,Rajshahi,Home,163.7,42,Tablet,Bank Transfer,FALSE,4,FALSE,3,12,Trial,High,2
5460,35,Female,Dhaka,Toys,341.38,26,Desktop,Bank Transfer,TRUE,4,FALSE,3,13,Free,Low,0
5461,25,Male,Dhaka,Groceries,782.75,3,Mobile,Credit Card,FALSE,3,TRUE,5,2,Trial,Medium,1
5462,19,Female,Chittagong,Clothing,821.93,14,Tablet,Bank Transfer,FALSE,8,FALSE,5,4,Free,Medium,1
5463,60,Female,Chittagong,Books,519.53,13,Desktop,Cash on Delivery,TRUE,2,FALSE,4,10,Free,High,2
5464,21,Male,Mymensingh,Clothing,597.26,57,Tablet,Credit Card,TRUE,9,TRUE,1,11,Free,Low,0
5465,41,Male,Chittagong,Sports,886.57,38,Tablet,Cash on Delivery,FALSE,4,FALSE,4,5,Free,Low,0
5466,60,Male,Khulna,Beauty,469.08,51,Desktop,Bank Transfer,FALSE,8,TRUE,4,9,Premium,Medium,1
5467,60,Female,Barisal,Home,676.87,6,Desktop,Cash on Delivery,FALSE,1,FALSE,5,12,Premium,Medium,1
5468,39,Male,Sylhet,Toys,969.15,29,Mobile,Debit Card,TRUE,2,FALSE,5,6,Premium,Medium,1
5469,46,Male,Barisal,Home,621.4,13,Tablet,Debit Card,TRUE,2,FALSE,2,10,Premium,High,2
5470,42,Other,Rajshahi,Clothing,359.37,50,Tablet,Bank Transfer,FALSE,4,FALSE,4,13,Premium,Medium,1
5471,69,Female,Rangpur,Electronics,786.14,49,Mobile,Bank Transfer,TRUE,7,TRUE,5,4,Trial,Low,0
5472,43,Female,Barisal,Groceries,259.72,39,Desktop,Debit Card,FALSE,3,FALSE,5,6,Trial,Medium,1
5473,51,Female,Chittagong,Beauty,24.38,45,Mobile,PayPal,FALSE,8,FALSE,3,10,Free,High,2
5474,49,Female,Mymensingh,Home,199.99,44,Mobile,PayPal,FALSE,3,FALSE,5,11,Free,Low,0
5475,41,Female,Rajshahi,Books,831.41,39,Tablet,Debit Card,FALSE,1,TRUE,3,4,Premium,Medium,1
5476,20,Other,Rajshahi,Sports,335.65,3,Tablet,PayPal,TRUE,6,TRUE,4,3,Free,Medium,1
5477,67,Other,Dhaka,Clothing,183.26,44,Desktop,PayPal,FALSE,8,TRUE,2,1,Premium,High,2
5478,24,Female,Mymensingh,Home,19.74,42,Tablet,Bank Transfer,FALSE,8,TRUE,5,9,Premium,Low,0
5479,63,Female,Barisal,Home,838.9,9,Desktop,Debit Card,FALSE,3,TRUE,1,10,Free,Medium,1
5480,52,Male,Rajshahi,Home,937.19,49,Desktop,Debit Card,FALSE,9,TRUE,1,9,Premium,Low,0
5481,49,Female,Sylhet,Groceries,311.53,27,Tablet,PayPal,TRUE,4,TRUE,4,12,Premium,High,2
5482,56,Female,Dhaka,Books,899.26,4,Mobile,Bank Transfer,TRUE,8,FALSE,1,1,Free,High,2
5483,25,Female,Dhaka,Groceries,217.69,53,Desktop,Bank Transfer,FALSE,5,FALSE,5,3,Premium,Medium,1
5484,64,Male,Chittagong,Electronics,255.55,36,Tablet,PayPal,FALSE,9,TRUE,4,12,Trial,Medium,1
5485,33,Other,Chittagong,Toys,341.98,58,Mobile,Bank Transfer,TRUE,6,FALSE,5,9,Free,Medium,1
5486,62,Female,Sylhet,Clothing,747.06,18,Tablet,Credit Card,FALSE,3,FALSE,2,8,Premium,Low,0
5487,61,Female,Chittagong,Beauty,708.88,8,Mobile,Debit Card,FALSE,3,TRUE,4,3,Free,Medium,1
5488,47,Female,Rajshahi,Books,380.49,8,Desktop,Debit Card,TRUE,3,FALSE,5,12,Free,Medium,1
5489,34,Female,Rangpur,Groceries,938.83,52,Desktop,PayPal,TRUE,2,FALSE,5,10,Premium,Low,0
5490,46,Female,Mymensingh,Beauty,556.15,42,Mobile,PayPal,FALSE,1,TRUE,5,8,Free,Medium,1
5491,56,Male,Dhaka,Toys,68.85,18,Desktop,Credit Card,FALSE,6,TRUE,3,7,Free,High,2
5492,49,Other,Khulna,Clothing,693.95,36,Desktop,Debit Card,TRUE,9,TRUE,1,2,Free,High,2
5493,25,Male,Rajshahi,Sports,834.99,11,Desktop,Cash on Delivery,FALSE,9,FALSE,3,11,Free,Low,0
5494,52,Other,Mymensingh,Electronics,547.57,38,Desktop,Debit Card,TRUE,5,TRUE,5,7,Free,High,2
5495,66,Female,Rangpur,Sports,816.22,20,Mobile,PayPal,TRUE,7,TRUE,1,4,Free,Low,0
5496,69,Other,Sylhet,Beauty,163.33,47,Desktop,Debit Card,TRUE,1,TRUE,4,11,Free,Medium,1
5497,56,Female,Barisal,Groceries,381.37,12,Desktop,Debit Card,FALSE,3,TRUE,1,6,Premium,Low,0
5498,54,Other,Chittagong,Groceries,737.54,16,Desktop,Bank Transfer,FALSE,7,TRUE,3,6,Premium,High,2
5499,57,Female,Mymensingh,Home,265.81,36,Mobile,PayPal,TRUE,9,FALSE,4,6,Trial,Low,0
5500,30,Other,Barisal,Sports,162.02,30,Tablet,Bank Transfer,FALSE,6,TRUE,4,10,Premium,High,2
5501,19,Other,Dhaka,Sports,431.22,25,Mobile,PayPal,FALSE,2,FALSE,4,4,Premium,High,2
5502,57,Other,Rajshahi,Groceries,881.61,55,Tablet,Debit Card,TRUE,4,TRUE,5,12,Premium,Low,0
5503,58,Other,Khulna,Toys,800.84,31,Desktop,Bank Transfer,TRUE,5,FALSE,1,2,Trial,Low,0
5504,24,Female,Rangpur,Groceries,128.13,42,Desktop,PayPal,FALSE,9,FALSE,1,13,Trial,Medium,1
5505,22,Male,Barisal,Sports,212.35,6,Mobile,Bank Transfer,TRUE,7,TRUE,5,5,Trial,High,2
5506,30,Male,Khulna,Electronics,465.94,37,Desktop,Credit Card,TRUE,3,FALSE,3,3,Free,Medium,1
5507,43,Female,Barisal,Toys,501.67,48,Mobile,Cash on Delivery,TRUE,1,TRUE,1,9,Trial,High,2
5508,26,Other,Rangpur,Clothing,225.16,33,Mobile,Cash on Delivery,TRUE,1,FALSE,3,9,Premium,Medium,1
5509,50,Other,Barisal,Beauty,992.49,26,Desktop,Debit Card,FALSE,3,FALSE,4,2,Trial,Medium,1
5510,29,Female,Rangpur,Sports,548.36,9,Desktop,Bank Transfer,FALSE,2,TRUE,1,4,Trial,Low,0
5511,41,Male,Mymensingh,Home,352.43,53,Desktop,Bank Transfer,TRUE,6,FALSE,3,6,Free,High,2
5512,44,Male,Rangpur,Toys,873.9,18,Mobile,Bank Transfer,FALSE,2,TRUE,4,12,Free,Medium,1
5513,63,Other,Dhaka,Groceries,608.33,26,Desktop,Credit Card,FALSE,5,TRUE,3,6,Free,Medium,1
5514,35,Female,Khulna,Home,668.74,10,Mobile,Debit Card,FALSE,4,TRUE,2,4,Free,Medium,1
5515,48,Male,Rangpur,Sports,612.91,31,Mobile,Debit Card,FALSE,7,FALSE,3,13,Free,Low,0
5516,68,Male,Rajshahi,Home,421.82,15,Mobile,Debit Card,FALSE,3,TRUE,4,2,Trial,Medium,1
5517,66,Male,Rangpur,Toys,777.61,7,Desktop,PayPal,TRUE,1,FALSE,5,6,Premium,Low,0
5518,23,Female,Mymensingh,Electronics,509.32,55,Desktop,Bank Transfer,TRUE,7,TRUE,1,5,Trial,Medium,1
5519,32,Other,Sylhet,Groceries,287.32,39,Desktop,Cash on Delivery,TRUE,1,TRUE,1,6,Free,Low,0
5520,65,Male,Rangpur,Home,778.3,5,Mobile,Credit Card,FALSE,4,FALSE,5,5,Free,Low,0
5521,55,Other,Dhaka,Sports,32.82,5,Mobile,Bank Transfer,TRUE,8,TRUE,1,5,Premium,Low,0
5522,48,Other,Rangpur,Toys,560.46,23,Desktop,Debit Card,TRUE,1,TRUE,2,11,Free,Medium,1
5523,44,Female,Khulna,Groceries,431.97,21,Tablet,Bank Transfer,TRUE,3,FALSE,2,7,Trial,Medium,1
5524,27,Other,Rangpur,Electronics,464.94,9,Desktop,Cash on Delivery,FALSE,4,FALSE,5,12,Trial,Low,0
5525,47,Female,Barisal,Groceries,230.05,23,Tablet,Bank Transfer,FALSE,2,FALSE,5,10,Premium,Medium,1
5526,51,Female,Dhaka,Beauty,972.15,34,Tablet,Bank Transfer,FALSE,2,FALSE,1,12,Trial,High,2
5527,49,Male,Sylhet,Home,435.73,43,Mobile,Credit Card,FALSE,8,TRUE,2,9,Free,High,2
5528,54,Other,Rajshahi,Sports,645.45,30,Mobile,PayPal,FALSE,6,FALSE,4,11,Trial,Low,0
5529,44,Female,Rajshahi,Home,495,52,Mobile,Cash on Delivery,TRUE,2,FALSE,1,10,Free,Low,0
5530,57,Female,Dhaka,Books,539.04,27,Mobile,Bank Transfer,TRUE,5,TRUE,3,8,Trial,Medium,1
5531,68,Female,Mymensingh,Electronics,320.39,29,Mobile,Debit Card,TRUE,2,TRUE,3,7,Premium,High,2
5532,61,Female,Sylhet,Electronics,964.77,44,Desktop,Cash on Delivery,FALSE,7,TRUE,3,12,Free,Medium,1
5533,34,Female,Rajshahi,Toys,759.78,59,Desktop,Credit Card,FALSE,6,FALSE,4,3,Premium,Low,0
5534,22,Other,Khulna,Home,66.94,32,Desktop,Credit Card,FALSE,8,TRUE,4,7,Free,Medium,1
5535,65,Female,Rajshahi,Electronics,218.58,38,Desktop,PayPal,FALSE,6,TRUE,1,3,Trial,Low,0
5536,67,Other,Mymensingh,Beauty,424.12,40,Tablet,Bank Transfer,FALSE,2,FALSE,2,9,Trial,Low,0
5537,29,Other,Sylhet,Beauty,778.8,43,Tablet,PayPal,TRUE,8,TRUE,1,6,Free,Low,0
5538,58,Female,Rajshahi,Toys,929.75,29,Mobile,Debit Card,FALSE,4,FALSE,1,2,Trial,Low,0
5539,49,Male,Chittagong,Clothing,166.24,33,Tablet,Bank Transfer,TRUE,5,FALSE,2,5,Trial,Low,0
5540,30,Other,Sylhet,Toys,205.7,25,Tablet,Bank Transfer,FALSE,1,TRUE,5,11,Premium,Low,0
5541,34,Other,Sylhet,Books,885.53,25,Desktop,Bank Transfer,FALSE,5,TRUE,4,2,Premium,Low,0
5542,46,Male,Sylhet,Sports,173.42,16,Mobile,Debit Card,TRUE,9,FALSE,3,4,Free,Low,0
5543,21,Other,Khulna,Toys,804.53,15,Desktop,Credit Card,TRUE,5,TRUE,2,10,Free,High,2
5544,40,Female,Sylhet,Home,372.12,40,Tablet,Credit Card,TRUE,4,FALSE,5,4,Free,Medium,1
5545,37,Male,Rajshahi,Books,867.42,56,Tablet,Bank Transfer,TRUE,3,TRUE,5,9,Premium,Medium,1
5546,50,Female,Rangpur,Sports,818.19,43,Mobile,Debit Card,FALSE,8,FALSE,5,8,Premium,Medium,1
5547,32,Male,Barisal,Sports,227.89,37,Mobile,Debit Card,FALSE,1,FALSE,4,11,Premium,Medium,1
5548,30,Female,Sylhet,Books,354.5,43,Mobile,Credit Card,FALSE,4,TRUE,4,10,Free,Medium,1
5549,56,Other,Rangpur,Sports,186.65,4,Mobile,PayPal,TRUE,5,TRUE,5,3,Free,Low,0
5550,44,Other,Barisal,Home,456.73,32,Desktop,Credit Card,TRUE,7,TRUE,5,3,Premium,Medium,1
5551,62,Male,Rangpur,Groceries,511.05,2,Mobile,PayPal,FALSE,9,FALSE,2,11,Premium,High,2
5552,18,Other,Barisal,Books,994.41,56,Mobile,Cash on Delivery,TRUE,8,TRUE,4,7,Trial,Medium,1
5553,45,Female,Khulna,Electronics,234.98,40,Tablet,Credit Card,FALSE,4,FALSE,2,13,Free,Low,0
5554,32,Other,Chittagong,Beauty,136.75,57,Tablet,Cash on Delivery,FALSE,8,TRUE,4,8,Trial,Low,0
5555,41,Other,Sylhet,Sports,506.26,50,Mobile,Cash on Delivery,FALSE,6,TRUE,3,5,Free,Medium,1
5556,42,Male,Dhaka,Books,824.69,39,Desktop,Credit Card,TRUE,3,TRUE,3,10,Free,High,2
5557,63,Male,Sylhet,Electronics,158.23,24,Desktop,Cash on Delivery,FALSE,6,FALSE,5,5,Free,High,2
5558,26,Other,Sylhet,Sports,290.33,51,Mobile,PayPal,FALSE,9,TRUE,4,2,Trial,Low,0
5559,28,Female,Rangpur,Books,25.28,11,Desktop,Debit Card,TRUE,8,FALSE,5,8,Trial,Medium,1
5560,51,Female,Rajshahi,Toys,678.82,42,Tablet,Credit Card,FALSE,3,FALSE,1,8,Free,High,2
5561,29,Female,Rajshahi,Beauty,828.88,6,Mobile,Cash on Delivery,TRUE,2,FALSE,5,7,Free,Medium,1
5562,18,Female,Rangpur,Toys,567.32,53,Desktop,PayPal,TRUE,5,TRUE,1,5,Premium,High,2
5563,65,Other,Rangpur,Beauty,450.77,9,Desktop,Bank Transfer,FALSE,5,FALSE,5,4,Trial,Medium,1
5564,59,Female,Sylhet,Groceries,514.51,41,Mobile,Credit Card,FALSE,4,FALSE,1,9,Premium,Medium,1
5565,62,Male,Khulna,Beauty,98.12,27,Desktop,PayPal,FALSE,4,TRUE,3,13,Free,Low,0
5566,30,Female,Chittagong,Sports,515.63,17,Desktop,Debit Card,FALSE,1,TRUE,4,7,Trial,High,2
5567,43,Male,Khulna,Home,943.44,54,Mobile,Credit Card,FALSE,7,FALSE,2,7,Free,Low,0
5568,45,Male,Mymensingh,Sports,428.9,57,Desktop,Bank Transfer,FALSE,6,FALSE,1,12,Premium,Low,0
5569,18,Male,Rangpur,Books,109.4,15,Desktop,Debit Card,FALSE,9,FALSE,3,11,Free,Medium,1
5570,66,Other,Dhaka,Beauty,928.19,46,Tablet,Debit Card,TRUE,7,TRUE,5,13,Free,Medium,1
5571,21,Other,Sylhet,Toys,14.68,19,Mobile,Debit Card,TRUE,6,FALSE,1,5,Trial,High,2
5572,40,Male,Rangpur,Toys,863.88,6,Desktop,Cash on Delivery,FALSE,5,TRUE,2,3,Premium,Medium,1
5573,31,Other,Khulna,Books,627.06,53,Desktop,Bank Transfer,FALSE,2,FALSE,5,9,Premium,High,2
5574,50,Male,Barisal,Sports,127.2,26,Mobile,Credit Card,FALSE,1,TRUE,1,10,Trial,Medium,1
5575,31,Female,Dhaka,Toys,793.69,55,Desktop,Cash on Delivery,TRUE,5,TRUE,5,2,Premium,Medium,1
5576,62,Other,Mymensingh,Clothing,385.56,40,Tablet,PayPal,TRUE,7,FALSE,5,11,Free,Low,0
5577,26,Other,Rangpur,Clothing,251.21,19,Desktop,Debit Card,FALSE,2,TRUE,2,13,Free,Low,0
5578,39,Female,Rangpur,Beauty,389.59,30,Desktop,Bank Transfer,FALSE,2,FALSE,5,1,Trial,High,2
5579,50,Other,Khulna,Beauty,849.75,13,Tablet,Credit Card,FALSE,5,TRUE,3,11,Free,Low,0
5580,57,Male,Chittagong,Electronics,90.86,16,Mobile,Cash on Delivery,FALSE,4,TRUE,3,8,Trial,High,2
5581,52,Male,Chittagong,Groceries,83.04,17,Tablet,Debit Card,FALSE,1,FALSE,2,11,Trial,High,2
5582,54,Male,Barisal,Groceries,772.08,2,Desktop,Cash on Delivery,TRUE,9,FALSE,2,4,Premium,Low,0
5583,69,Other,Rajshahi,Toys,795.64,23,Mobile,Cash on Delivery,TRUE,2,FALSE,2,6,Free,Low,0
5584,65,Female,Barisal,Groceries,985.26,41,Mobile,PayPal,FALSE,9,FALSE,1,1,Trial,Medium,1
5585,49,Other,Khulna,Toys,948.29,38,Tablet,Credit Card,FALSE,5,FALSE,4,5,Premium,High,2
5586,34,Other,Barisal,Beauty,345.71,58,Desktop,Cash on Delivery,TRUE,9,FALSE,2,3,Trial,Medium,1
5587,32,Other,Barisal,Groceries,455.86,46,Desktop,Debit Card,TRUE,8,FALSE,3,13,Trial,Low,0
5588,33,Male,Rajshahi,Beauty,185.66,24,Mobile,Debit Card,TRUE,3,FALSE,4,13,Free,Low,0
5589,37,Other,Rajshahi,Home,588.1,40,Tablet,Cash on Delivery,FALSE,1,FALSE,2,8,Free,High,2
5590,33,Male,Dhaka,Electronics,59.09,48,Tablet,Credit Card,TRUE,4,FALSE,4,3,Free,Medium,1
5591,38,Other,Rajshahi,Toys,81.82,57,Mobile,PayPal,TRUE,9,TRUE,3,4,Trial,High,2
5592,66,Female,Dhaka,Clothing,251.54,8,Desktop,Credit Card,FALSE,8,TRUE,3,11,Trial,Medium,1
5593,65,Female,Rangpur,Toys,712.98,21,Tablet,Bank Transfer,FALSE,3,FALSE,4,13,Trial,Medium,1
5594,30,Male,Barisal,Beauty,681.47,36,Desktop,PayPal,FALSE,9,FALSE,3,4,Premium,Medium,1
5595,54,Male,Khulna,Sports,980.11,46,Mobile,Debit Card,FALSE,8,TRUE,5,8,Free,Medium,1
5596,63,Male,Rangpur,Electronics,984.6,24,Tablet,Bank Transfer,TRUE,7,FALSE,5,3,Trial,Medium,1
5597,66,Other,Barisal,Sports,702.76,56,Mobile,Debit Card,TRUE,2,TRUE,5,2,Trial,Low,0
5598,50,Male,Rangpur,Sports,186.1,18,Mobile,PayPal,TRUE,8,FALSE,3,1,Free,Medium,1
5599,53,Male,Rangpur,Toys,543.99,37,Mobile,Bank Transfer,FALSE,3,FALSE,1,8,Premium,Medium,1
5600,36,Male,Khulna,Sports,824.24,17,Desktop,Bank Transfer,TRUE,8,TRUE,4,10,Trial,Low,0
5601,60,Male,Rangpur,Electronics,974.04,27,Mobile,Debit Card,TRUE,9,FALSE,3,10,Trial,Medium,1
5602,35,Other,Dhaka,Books,476.13,1,Tablet,Bank Transfer,FALSE,4,FALSE,4,7,Trial,Medium,1
5603,46,Male,Barisal,Toys,955.24,45,Tablet,Credit Card,TRUE,6,TRUE,2,11,Free,Low,0
5604,29,Male,Rangpur,Sports,165.21,34,Tablet,Credit Card,FALSE,6,FALSE,4,2,Premium,Low,0
5605,63,Female,Chittagong,Clothing,84.43,24,Tablet,Credit Card,FALSE,8,FALSE,1,5,Free,Medium,1
5606,22,Female,Rajshahi,Clothing,292.43,37,Desktop,Debit Card,FALSE,8,TRUE,2,5,Free,High,2
5607,43,Other,Mymensingh,Groceries,969.38,27,Tablet,Debit Card,TRUE,1,FALSE,2,5,Trial,Medium,1
5608,57,Female,Barisal,Toys,950.37,19,Mobile,PayPal,FALSE,4,FALSE,3,3,Premium,High,2
5609,37,Male,Chittagong,Toys,940.29,43,Desktop,PayPal,FALSE,5,FALSE,2,3,Premium,Medium,1
5610,29,Male,Chittagong,Electronics,405.87,27,Desktop,Bank Transfer,FALSE,6,TRUE,5,10,Premium,Low,0
5611,30,Female,Mymensingh,Electronics,117.52,17,Tablet,Bank Transfer,TRUE,3,TRUE,1,7,Trial,Low,0
5612,43,Male,Sylhet,Books,392.88,42,Desktop,Bank Transfer,TRUE,2,FALSE,4,7,Free,Low,0
5613,58,Male,Rajshahi,Clothing,161.36,9,Tablet,Cash on Delivery,FALSE,6,FALSE,1,1,Trial,Low,0
5614,58,Male,Rajshahi,Clothing,256.55,49,Mobile,Bank Transfer,FALSE,3,TRUE,1,2,Free,Low,0
5615,46,Female,Khulna,Groceries,820.76,51,Mobile,Bank Transfer,TRUE,4,TRUE,5,1,Premium,High,2
5616,66,Other,Rangpur,Home,79.67,13,Tablet,Bank Transfer,TRUE,2,TRUE,1,4,Free,High,2
5617,23,Other,Sylhet,Home,266.85,7,Desktop,PayPal,FALSE,1,FALSE,1,9,Free,Medium,1
5618,46,Male,Chittagong,Books,636.76,52,Desktop,Cash on Delivery,FALSE,8,TRUE,2,9,Premium,Medium,1
5619,24,Other,Rangpur,Home,183.2,34,Desktop,Bank Transfer,TRUE,9,TRUE,5,2,Free,High,2
5620,57,Female,Chittagong,Beauty,152.23,49,Desktop,Debit Card,TRUE,1,TRUE,2,1,Free,High,2
5621,25,Female,Rangpur,Clothing,731.53,20,Mobile,Credit Card,FALSE,8,FALSE,3,5,Trial,High,2
5622,34,Other,Rangpur,Beauty,51.49,5,Mobile,Bank Transfer,TRUE,7,TRUE,4,6,Free,Medium,1
5623,49,Other,Chittagong,Toys,429.03,49,Mobile,Credit Card,TRUE,3,TRUE,1,4,Premium,High,2
5624,22,Male,Chittagong,Electronics,441.61,20,Desktop,Bank Transfer,TRUE,6,TRUE,5,5,Premium,Low,0
5625,48,Female,Rangpur,Beauty,50.34,41,Tablet,Debit Card,TRUE,6,FALSE,4,3,Free,Medium,1
5626,29,Other,Rangpur,Toys,683.7,2,Mobile,Bank Transfer,TRUE,1,FALSE,3,10,Premium,Low,0
5627,56,Female,Chittagong,Groceries,138.14,53,Mobile,Cash on Delivery,FALSE,4,TRUE,3,10,Free,High,2
5628,37,Other,Rajshahi,Beauty,544.09,26,Desktop,Credit Card,FALSE,1,FALSE,5,10,Free,Medium,1
5629,33,Male,Rangpur,Books,67.13,39,Tablet,Bank Transfer,TRUE,3,FALSE,4,8,Free,Low,0
5630,38,Male,Chittagong,Books,381.06,54,Desktop,PayPal,TRUE,4,TRUE,4,2,Premium,Medium,1
5631,30,Male,Rajshahi,Home,750.85,17,Tablet,Credit Card,TRUE,9,FALSE,4,10,Trial,Low,0
5632,47,Other,Dhaka,Groceries,136.46,17,Desktop,PayPal,FALSE,8,TRUE,2,5,Premium,Medium,1
5633,53,Female,Sylhet,Groceries,655.55,4,Mobile,PayPal,TRUE,1,FALSE,5,6,Premium,Low,0
5634,67,Other,Mymensingh,Clothing,249.59,53,Tablet,Credit Card,FALSE,3,TRUE,1,9,Premium,High,2
5635,20,Female,Chittagong,Groceries,387.73,1,Mobile,Cash on Delivery,FALSE,7,TRUE,1,4,Free,High,2
5636,22,Male,Rangpur,Groceries,519.8,30,Mobile,Bank Transfer,TRUE,6,TRUE,1,3,Free,Medium,1
5637,27,Female,Rangpur,Toys,871.74,37,Mobile,PayPal,TRUE,6,TRUE,1,3,Premium,High,2
5638,52,Male,Dhaka,Beauty,818.84,46,Desktop,PayPal,TRUE,4,TRUE,3,4,Free,High,2
5639,51,Female,Barisal,Clothing,80.48,17,Desktop,Cash on Delivery,FALSE,2,FALSE,2,3,Premium,High,2
5640,43,Other,Barisal,Electronics,189.21,19,Desktop,Credit Card,TRUE,1,TRUE,4,10,Free,High,2
5641,38,Other,Sylhet,Clothing,519.28,35,Mobile,Bank Transfer,FALSE,2,FALSE,3,9,Free,High,2
5642,65,Other,Chittagong,Home,348.21,43,Desktop,Debit Card,FALSE,7,TRUE,2,11,Free,High,2
5643,37,Other,Chittagong,Clothing,924.77,9,Desktop,Debit Card,FALSE,2,TRUE,4,8,Premium,Low,0
5644,26,Male,Barisal,Sports,912.78,50,Tablet,Debit Card,TRUE,4,FALSE,4,9,Trial,High,2
5645,46,Male,Rajshahi,Books,622.09,27,Mobile,Credit Card,FALSE,7,TRUE,1,4,Premium,High,2
5646,67,Other,Rangpur,Groceries,601.41,29,Mobile,PayPal,FALSE,5,FALSE,2,4,Trial,Low,0
5647,60,Other,Barisal,Electronics,914.82,30,Mobile,PayPal,TRUE,8,FALSE,1,4,Trial,Medium,1
5648,48,Male,Barisal,Groceries,594.6,10,Tablet,Debit Card,TRUE,8,FALSE,2,2,Premium,Low,0
5649,69,Male,Chittagong,Books,882.71,5,Mobile,Credit Card,FALSE,3,TRUE,1,1,Trial,Low,0
5650,50,Other,Rangpur,Clothing,158.08,34,Desktop,Cash on Delivery,FALSE,1,TRUE,4,5,Free,Low,0
5651,48,Female,Chittagong,Groceries,652.14,29,Desktop,Debit Card,TRUE,6,FALSE,3,12,Premium,Medium,1
5652,19,Male,Khulna,Sports,359.32,33,Desktop,Bank Transfer,TRUE,1,TRUE,4,1,Trial,Low,0
5653,34,Other,Barisal,Electronics,175.97,14,Mobile,Cash on Delivery,FALSE,1,FALSE,1,5,Premium,Medium,1
5654,63,Female,Sylhet,Sports,280.03,12,Desktop,Bank Transfer,TRUE,1,TRUE,5,10,Trial,Low,0
5655,55,Other,Chittagong,Books,562.87,1,Mobile,Credit Card,TRUE,9,FALSE,1,11,Free,High,2
5656,48,Male,Mymensingh,Books,392.27,46,Desktop,Debit Card,TRUE,3,TRUE,4,10,Free,Low,0
5657,27,Female,Rangpur,Toys,258.77,9,Mobile,Bank Transfer,TRUE,3,TRUE,3,12,Trial,Medium,1
5658,18,Other,Rajshahi,Beauty,234.54,3,Desktop,PayPal,TRUE,4,TRUE,2,13,Premium,Medium,1
5659,64,Male,Khulna,Books,232.83,39,Tablet,Credit Card,TRUE,5,TRUE,4,2,Free,High,2
5660,20,Other,Sylhet,Toys,509.65,15,Mobile,PayPal,TRUE,7,TRUE,5,9,Premium,Medium,1
5661,43,Female,Rangpur,Beauty,305.11,39,Mobile,Bank Transfer,TRUE,6,TRUE,3,6,Premium,Low,0
5662,24,Female,Dhaka,Beauty,598.89,17,Desktop,PayPal,FALSE,5,TRUE,4,9,Trial,High,2
5663,51,Male,Mymensingh,Sports,972.69,39,Mobile,PayPal,TRUE,1,TRUE,5,6,Trial,Low,0
5664,26,Other,Rajshahi,Electronics,231.17,58,Tablet,Credit Card,TRUE,3,FALSE,4,2,Free,Medium,1
5665,49,Other,Rajshahi,Books,606.68,58,Mobile,Debit Card,FALSE,1,FALSE,1,8,Premium,High,2
5666,68,Male,Barisal,Books,178.4,27,Desktop,Bank Transfer,TRUE,4,FALSE,3,11,Trial,Medium,1
5667,20,Female,Sylhet,Electronics,258.48,8,Mobile,Bank Transfer,FALSE,5,FALSE,2,5,Trial,Medium,1
5668,38,Female,Chittagong,Clothing,640.96,52,Desktop,Bank Transfer,FALSE,2,FALSE,4,10,Trial,High,2
5669,66,Male,Dhaka,Beauty,918.5,36,Mobile,Bank Transfer,TRUE,3,TRUE,4,13,Trial,Low,0
5670,33,Female,Rajshahi,Toys,75.07,32,Desktop,Debit Card,FALSE,6,FALSE,1,4,Free,Low,0
5671,62,Female,Sylhet,Electronics,640.53,43,Desktop,Cash on Delivery,TRUE,7,FALSE,4,12,Trial,Low,0
5672,41,Other,Rajshahi,Groceries,667.61,14,Desktop,Bank Transfer,FALSE,8,FALSE,1,4,Trial,Medium,1
5673,46,Female,Chittagong,Books,605.87,18,Tablet,Bank Transfer,TRUE,6,FALSE,5,13,Premium,Low,0
5674,23,Female,Dhaka,Electronics,75.36,38,Desktop,Bank Transfer,TRUE,6,TRUE,2,10,Trial,High,2
5675,27,Female,Rajshahi,Groceries,925.86,24,Desktop,Credit Card,FALSE,2,FALSE,1,6,Premium,Medium,1
5676,39,Other,Khulna,Toys,36.89,35,Desktop,Cash on Delivery,TRUE,2,FALSE,1,3,Trial,High,2
5677,30,Female,Rangpur,Home,533.71,2,Mobile,Credit Card,FALSE,6,FALSE,5,7,Trial,High,2
5678,64,Male,Mymensingh,Sports,431.69,17,Desktop,Debit Card,FALSE,8,TRUE,2,2,Trial,High,2
5679,29,Other,Sylhet,Books,711.56,58,Mobile,PayPal,FALSE,5,FALSE,5,8,Premium,High,2
5680,57,Female,Sylhet,Sports,789.56,57,Desktop,Cash on Delivery,FALSE,9,TRUE,3,2,Trial,High,2
5681,32,Other,Sylhet,Beauty,148.07,24,Mobile,Debit Card,FALSE,1,FALSE,4,2,Free,High,2
5682,65,Male,Rajshahi,Beauty,166.04,27,Tablet,Bank Transfer,FALSE,3,TRUE,4,5,Premium,Medium,1
5683,20,Male,Mymensingh,Clothing,638.03,25,Desktop,Debit Card,FALSE,6,TRUE,4,7,Premium,Medium,1
5684,30,Male,Rangpur,Sports,134.54,24,Mobile,Bank Transfer,TRUE,6,TRUE,1,11,Trial,High,2
5685,33,Other,Rajshahi,Clothing,646.56,7,Desktop,Cash on Delivery,TRUE,4,FALSE,2,10,Free,Low,0
5686,59,Male,Barisal,Clothing,342.9,17,Desktop,Debit Card,TRUE,8,FALSE,1,8,Free,High,2
5687,19,Other,Chittagong,Books,878.73,4,Tablet,Credit Card,FALSE,9,TRUE,3,12,Free,Low,0
5688,60,Female,Khulna,Toys,301.42,7,Desktop,Credit Card,FALSE,9,FALSE,3,1,Free,Medium,1
5689,23,Other,Sylhet,Home,839.76,10,Tablet,PayPal,FALSE,4,TRUE,5,13,Trial,Low,0
5690,61,Other,Chittagong,Clothing,849.89,33,Desktop,Bank Transfer,FALSE,2,FALSE,3,6,Free,Low,0
5691,64,Other,Chittagong,Books,296.5,30,Tablet,Debit Card,FALSE,6,FALSE,3,6,Premium,Low,0
5692,67,Female,Chittagong,Groceries,630.15,39,Desktop,PayPal,TRUE,7,TRUE,3,7,Free,Medium,1
5693,36,Male,Dhaka,Groceries,995.7,42,Mobile,Debit Card,TRUE,6,FALSE,2,11,Premium,High,2
5694,27,Other,Dhaka,Beauty,858.92,47,Mobile,Cash on Delivery,FALSE,6,TRUE,3,2,Trial,Medium,1
5695,59,Other,Rajshahi,Clothing,579.99,36,Tablet,Credit Card,TRUE,6,FALSE,2,7,Free,Low,0
5696,30,Other,Rajshahi,Home,220.95,29,Desktop,Debit Card,FALSE,6,FALSE,1,12,Free,High,2
5697,55,Female,Rajshahi,Toys,308.12,49,Tablet,Bank Transfer,FALSE,9,FALSE,2,7,Trial,High,2
5698,60,Female,Rajshahi,Beauty,457.31,17,Mobile,Credit Card,TRUE,1,TRUE,1,1,Trial,Medium,1
5699,38,Other,Sylhet,Electronics,248.02,8,Tablet,Cash on Delivery,FALSE,7,FALSE,1,1,Free,High,2
5700,60,Other,Mymensingh,Home,768.79,11,Tablet,Credit Card,TRUE,2,TRUE,1,13,Free,Medium,1
5701,49,Female,Chittagong,Groceries,885.82,29,Tablet,Cash on Delivery,FALSE,7,FALSE,1,9,Trial,Medium,1
5702,33,Female,Sylhet,Books,684.33,29,Tablet,Cash on Delivery,TRUE,3,TRUE,4,3,Trial,Medium,1
5703,41,Other,Rajshahi,Beauty,671.1,34,Desktop,PayPal,FALSE,9,TRUE,3,5,Free,High,2
5704,42,Female,Dhaka,Home,73.41,54,Tablet,Debit Card,TRUE,1,TRUE,3,10,Trial,Medium,1
5705,33,Female,Sylhet,Beauty,378.96,27,Desktop,Debit Card,FALSE,1,FALSE,3,12,Premium,Low,0
5706,36,Other,Barisal,Home,359.74,29,Tablet,Cash on Delivery,FALSE,4,TRUE,2,12,Trial,Low,0
5707,22,Other,Barisal,Groceries,703.4,52,Desktop,Cash on Delivery,TRUE,7,FALSE,5,12,Trial,Medium,1
5708,38,Other,Mymensingh,Clothing,867.11,42,Desktop,Credit Card,FALSE,9,TRUE,4,12,Trial,Medium,1
5709,37,Male,Rangpur,Beauty,94.65,36,Tablet,Debit Card,FALSE,7,TRUE,5,9,Premium,Medium,1
5710,50,Female,Rangpur,Books,771.84,55,Desktop,Credit Card,FALSE,8,FALSE,3,7,Premium,Medium,1
5711,57,Other,Mymensingh,Clothing,825.73,2,Mobile,PayPal,FALSE,8,FALSE,3,11,Trial,High,2
5712,37,Male,Sylhet,Books,730.56,1,Tablet,Bank Transfer,TRUE,2,TRUE,4,11,Premium,Medium,1
5713,60,Other,Chittagong,Electronics,133.74,48,Desktop,Cash on Delivery,TRUE,8,TRUE,5,3,Free,Medium,1
5714,34,Other,Barisal,Home,886.3,10,Mobile,Debit Card,FALSE,7,FALSE,1,7,Free,Medium,1
5715,37,Female,Khulna,Beauty,659.08,52,Desktop,Bank Transfer,TRUE,5,TRUE,1,10,Trial,Low,0
5716,48,Female,Barisal,Home,585.3,50,Mobile,Cash on Delivery,FALSE,7,FALSE,4,12,Trial,High,2
5717,32,Male,Rangpur,Books,910.23,31,Mobile,Cash on Delivery,TRUE,7,FALSE,1,7,Premium,High,2
5718,47,Male,Khulna,Sports,522.25,13,Desktop,Debit Card,FALSE,5,FALSE,4,3,Free,Medium,1
5719,42,Other,Chittagong,Beauty,389.9,44,Desktop,PayPal,TRUE,6,TRUE,5,10,Trial,High,2
5720,68,Male,Chittagong,Books,628.82,57,Desktop,Debit Card,TRUE,8,TRUE,5,6,Free,Medium,1
5721,37,Female,Barisal,Books,149.81,37,Mobile,PayPal,FALSE,9,FALSE,2,3,Free,Medium,1
5722,59,Other,Barisal,Home,477.99,26,Mobile,Credit Card,FALSE,6,FALSE,2,13,Free,High,2
5723,44,Female,Rajshahi,Sports,15.77,44,Mobile,Cash on Delivery,FALSE,1,TRUE,4,11,Trial,Medium,1
5724,51,Female,Dhaka,Clothing,292.81,2,Tablet,Credit Card,FALSE,5,FALSE,1,2,Premium,Low,0
5725,47,Female,Mymensingh,Groceries,849.35,28,Mobile,Cash on Delivery,TRUE,2,TRUE,4,4,Premium,Low,0
5726,22,Female,Dhaka,Beauty,629.97,4,Tablet,Cash on Delivery,FALSE,5,FALSE,3,12,Trial,Medium,1
5727,45,Other,Sylhet,Sports,972.44,23,Mobile,Bank Transfer,FALSE,7,FALSE,1,1,Free,High,2
5728,46,Female,Dhaka,Books,473.28,22,Desktop,Credit Card,FALSE,2,FALSE,3,5,Free,High,2
5729,33,Female,Barisal,Electronics,277.14,57,Desktop,Bank Transfer,FALSE,9,FALSE,3,1,Trial,Medium,1
5730,58,Male,Dhaka,Electronics,677.58,41,Tablet,Bank Transfer,TRUE,9,FALSE,4,4,Trial,Low,0
5731,69,Female,Rajshahi,Beauty,938.83,28,Mobile,Credit Card,FALSE,8,TRUE,2,5,Free,Medium,1
5732,53,Male,Mymensingh,Beauty,995.28,34,Mobile,Credit Card,FALSE,4,TRUE,3,7,Premium,High,2
5733,41,Female,Dhaka,Electronics,460.76,1,Mobile,Bank Transfer,FALSE,3,TRUE,5,9,Trial,Low,0
5734,37,Male,Chittagong,Home,406.76,41,Desktop,Bank Transfer,TRUE,9,FALSE,3,12,Free,Medium,1
5735,47,Female,Sylhet,Toys,223.65,51,Tablet,Debit Card,TRUE,6,FALSE,5,2,Premium,Medium,1
5736,42,Male,Chittagong,Toys,322.89,18,Desktop,Debit Card,FALSE,5,TRUE,1,2,Trial,High,2
5737,40,Male,Barisal,Beauty,125.98,29,Tablet,Credit Card,TRUE,7,FALSE,4,5,Premium,Medium,1
5738,69,Male,Rangpur,Electronics,16.49,35,Tablet,Debit Card,TRUE,5,FALSE,2,2,Premium,High,2
5739,45,Male,Rajshahi,Clothing,610.95,21,Tablet,PayPal,TRUE,3,TRUE,2,7,Trial,High,2
5740,21,Male,Khulna,Beauty,473.59,58,Mobile,Bank Transfer,TRUE,7,TRUE,3,10,Trial,Low,0
5741,65,Other,Sylhet,Groceries,507.42,6,Mobile,Bank Transfer,TRUE,8,TRUE,4,8,Trial,Low,0
5742,50,Male,Barisal,Groceries,641.85,24,Tablet,Cash on Delivery,FALSE,4,FALSE,4,8,Premium,Low,0
5743,28,Other,Barisal,Electronics,353.29,31,Tablet,PayPal,TRUE,4,TRUE,3,11,Premium,Medium,1
5744,35,Male,Dhaka,Sports,373.68,3,Tablet,PayPal,TRUE,4,TRUE,3,11,Premium,Medium,1
5745,40,Other,Mymensingh,Groceries,313.56,7,Desktop,PayPal,TRUE,4,TRUE,5,3,Trial,Low,0
5746,22,Other,Sylhet,Home,837.67,51,Tablet,PayPal,TRUE,1,TRUE,1,1,Free,Medium,1
5747,55,Other,Dhaka,Electronics,125.87,49,Mobile,PayPal,FALSE,6,TRUE,4,8,Premium,Medium,1
5748,47,Male,Khulna,Beauty,543.44,32,Tablet,Debit Card,FALSE,6,TRUE,3,6,Free,Low,0
5749,58,Male,Sylhet,Toys,407.98,37,Tablet,Credit Card,FALSE,1,FALSE,2,5,Free,Low,0
5750,56,Male,Rajshahi,Clothing,182,40,Tablet,Debit Card,FALSE,4,TRUE,4,12,Free,Medium,1
5751,58,Female,Rajshahi,Clothing,979.7,3,Mobile,Credit Card,FALSE,3,FALSE,4,2,Free,Medium,1
5752,68,Other,Barisal,Home,40.49,59,Mobile,PayPal,FALSE,4,TRUE,5,5,Trial,High,2
5753,42,Other,Barisal,Books,256.47,20,Tablet,PayPal,TRUE,4,TRUE,2,4,Trial,High,2
5754,53,Male,Sylhet,Books,592.62,58,Tablet,Cash on Delivery,TRUE,3,FALSE,1,7,Free,High,2
5755,39,Female,Khulna,Clothing,540.17,51,Desktop,Credit Card,TRUE,6,TRUE,2,3,Free,Low,0
5756,66,Other,Sylhet,Sports,598.18,14,Tablet,PayPal,FALSE,1,TRUE,3,13,Free,High,2
5757,49,Female,Mymensingh,Books,686.51,18,Desktop,PayPal,FALSE,9,FALSE,4,6,Premium,Low,0
5758,52,Male,Mymensingh,Clothing,270.96,15,Desktop,Credit Card,TRUE,2,TRUE,4,13,Free,High,2
5759,65,Male,Rangpur,Groceries,368.27,13,Mobile,Cash on Delivery,TRUE,9,FALSE,5,12,Free,High,2
5760,32,Other,Chittagong,Books,988.25,48,Tablet,Cash on Delivery,TRUE,7,FALSE,1,6,Trial,Medium,1
5761,67,Female,Chittagong,Books,865.47,30,Mobile,PayPal,FALSE,5,FALSE,5,8,Free,Medium,1
5762,39,Other,Rangpur,Toys,384.15,25,Tablet,Credit Card,TRUE,2,FALSE,4,9,Premium,Medium,1
5763,49,Male,Barisal,Toys,728.24,44,Mobile,Debit Card,FALSE,6,FALSE,2,1,Free,Medium,1
5764,56,Other,Chittagong,Clothing,211.49,42,Tablet,Credit Card,FALSE,9,FALSE,5,9,Free,High,2
5765,54,Female,Rangpur,Toys,621.12,14,Desktop,PayPal,FALSE,5,FALSE,2,12,Premium,Medium,1
5766,63,Female,Sylhet,Books,20.85,30,Desktop,Bank Transfer,TRUE,4,TRUE,4,3,Premium,Low,0
5767,21,Female,Rajshahi,Clothing,636.34,30,Tablet,Debit Card,FALSE,8,TRUE,4,7,Trial,Low,0
5768,20,Female,Mymensingh,Groceries,289.04,33,Mobile,Debit Card,FALSE,4,FALSE,5,10,Premium,Medium,1
5769,46,Female,Dhaka,Electronics,103.05,48,Tablet,Cash on Delivery,TRUE,5,TRUE,3,3,Premium,Low,0
5770,21,Female,Barisal,Clothing,145.06,48,Mobile,PayPal,FALSE,6,FALSE,2,9,Trial,Medium,1
5771,67,Female,Sylhet,Beauty,891.76,30,Desktop,Bank Transfer,TRUE,7,FALSE,3,7,Trial,Medium,1
5772,46,Other,Dhaka,Beauty,143.15,51,Mobile,Debit Card,TRUE,7,TRUE,5,8,Premium,High,2
5773,62,Male,Rajshahi,Beauty,666.27,17,Desktop,Debit Card,FALSE,3,TRUE,3,6,Free,Low,0
5774,63,Male,Khulna,Toys,971.82,49,Mobile,Cash on Delivery,FALSE,5,TRUE,4,2,Trial,High,2
5775,29,Female,Chittagong,Beauty,592.22,44,Tablet,PayPal,FALSE,3,FALSE,2,5,Trial,High,2
5776,63,Male,Rangpur,Sports,672.63,7,Tablet,Credit Card,FALSE,6,FALSE,1,1,Premium,Medium,1
5777,46,Female,Rangpur,Home,741.98,45,Desktop,PayPal,FALSE,3,TRUE,2,1,Free,Low,0
5778,54,Male,Rajshahi,Electronics,418.31,36,Mobile,Cash on Delivery,FALSE,8,TRUE,5,11,Premium,High,2
5779,28,Female,Mymensingh,Groceries,265.58,28,Desktop,Debit Card,TRUE,7,TRUE,2,10,Trial,Medium,1
5780,41,Female,Dhaka,Sports,249.78,10,Tablet,Bank Transfer,FALSE,5,FALSE,3,4,Free,High,2
5781,66,Male,Sylhet,Toys,328.93,50,Tablet,Bank Transfer,TRUE,6,FALSE,2,8,Premium,High,2
5782,50,Male,Barisal,Electronics,853.7,55,Mobile,PayPal,TRUE,1,FALSE,4,9,Trial,High,2
5783,38,Male,Mymensingh,Groceries,7.93,12,Tablet,PayPal,FALSE,2,FALSE,1,6,Premium,Medium,1
5784,65,Male,Khulna,Toys,360.99,45,Tablet,Cash on Delivery,TRUE,7,FALSE,2,8,Premium,Medium,1
5785,21,Female,Khulna,Clothing,271.53,6,Mobile,Cash on Delivery,TRUE,9,TRUE,1,11,Free,Medium,1
5786,42,Female,Chittagong,Electronics,500.48,39,Tablet,Credit Card,FALSE,5,FALSE,1,6,Premium,Low,0
5787,45,Male,Dhaka,Beauty,756.1,3,Desktop,Debit Card,TRUE,8,TRUE,2,12,Free,Medium,1
5788,62,Female,Dhaka,Toys,487.33,20,Tablet,Credit Card,FALSE,3,FALSE,2,4,Trial,High,2
5789,57,Female,Chittagong,Home,29.45,34,Mobile,Cash on Delivery,TRUE,4,TRUE,2,7,Free,Low,0
5790,53,Male,Mymensingh,Groceries,742.93,31,Mobile,Cash on Delivery,TRUE,6,FALSE,1,3,Free,High,2
5791,23,Female,Mymensingh,Beauty,289.04,33,Mobile,Bank Transfer,FALSE,7,FALSE,3,5,Trial,High,2
5792,68,Male,Chittagong,Clothing,926.63,18,Tablet,PayPal,FALSE,6,FALSE,1,11,Premium,High,2
5793,56,Other,Mymensingh,Books,940.15,28,Desktop,Credit Card,FALSE,6,TRUE,1,6,Premium,High,2
5794,48,Other,Dhaka,Beauty,657.05,20,Desktop,Cash on Delivery,TRUE,6,TRUE,5,5,Trial,Low,0
5795,51,Male,Rajshahi,Groceries,605.34,41,Desktop,Credit Card,FALSE,8,TRUE,4,12,Premium,Low,0
5796,29,Other,Rajshahi,Home,846.09,37,Desktop,Credit Card,FALSE,6,FALSE,5,13,Free,Medium,1
5797,56,Male,Chittagong,Groceries,539.16,20,Mobile,Debit Card,TRUE,3,TRUE,5,2,Free,Low,0
5798,68,Other,Mymensingh,Beauty,308,36,Desktop,Cash on Delivery,FALSE,9,TRUE,3,7,Trial,Low,0
5799,64,Female,Chittagong,Books,119.6,39,Desktop,Bank Transfer,TRUE,1,TRUE,2,13,Free,Medium,1
5800,38,Male,Sylhet,Toys,352.05,11,Desktop,Bank Transfer,TRUE,3,FALSE,3,12,Trial,Medium,1
5801,26,Male,Rajshahi,Toys,162.46,52,Desktop,Debit Card,FALSE,9,FALSE,3,5,Free,Low,0
5802,68,Other,Rangpur,Beauty,845.32,30,Desktop,Credit Card,FALSE,2,FALSE,1,11,Trial,Low,0
5803,56,Male,Barisal,Electronics,415.68,46,Tablet,Credit Card,FALSE,3,TRUE,3,2,Free,High,2
5804,62,Male,Dhaka,Electronics,290.61,55,Tablet,PayPal,FALSE,8,FALSE,5,13,Free,Medium,1
5805,22,Male,Khulna,Sports,679.44,55,Mobile,PayPal,TRUE,8,TRUE,1,12,Free,High,2
5806,38,Female,Mymensingh,Electronics,443.29,14,Desktop,Bank Transfer,FALSE,6,FALSE,1,13,Trial,Medium,1
5807,63,Female,Rangpur,Clothing,681.08,24,Mobile,PayPal,TRUE,4,TRUE,2,9,Trial,High,2
5808,43,Male,Chittagong,Books,331.38,3,Tablet,Cash on Delivery,TRUE,4,TRUE,1,2,Free,Low,0
5809,19,Male,Chittagong,Toys,368.84,14,Tablet,Bank Transfer,TRUE,8,FALSE,3,7,Free,High,2
5810,51,Female,Khulna,Books,986.34,22,Desktop,Debit Card,TRUE,9,TRUE,2,13,Premium,High,2
5811,43,Male,Sylhet,Clothing,417.87,22,Mobile,Cash on Delivery,TRUE,8,FALSE,2,13,Premium,Low,0
5812,42,Male,Mymensingh,Books,390.77,58,Mobile,Bank Transfer,TRUE,4,FALSE,4,12,Premium,Medium,1
5813,43,Other,Mymensingh,Electronics,790.64,10,Tablet,Cash on Delivery,TRUE,5,TRUE,3,7,Free,Low,0
5814,54,Female,Rajshahi,Beauty,230.4,6,Desktop,Debit Card,TRUE,7,TRUE,1,11,Free,High,2
5815,22,Female,Dhaka,Clothing,358.98,39,Tablet,PayPal,FALSE,6,FALSE,5,11,Premium,Low,0
5816,35,Female,Barisal,Toys,338.56,46,Desktop,Credit Card,TRUE,7,TRUE,5,12,Free,High,2
5817,53,Female,Mymensingh,Home,448.01,52,Tablet,PayPal,TRUE,5,TRUE,1,9,Trial,Medium,1
5818,68,Male,Chittagong,Home,592.89,46,Desktop,Bank Transfer,TRUE,6,TRUE,1,12,Free,High,2
5819,55,Male,Sylhet,Books,605.6,36,Desktop,Debit Card,TRUE,3,TRUE,4,11,Free,Low,0
5820,48,Female,Barisal,Home,357.33,44,Desktop,Bank Transfer,FALSE,1,FALSE,5,7,Trial,Medium,1
5821,32,Female,Rajshahi,Electronics,159.51,23,Tablet,Cash on Delivery,FALSE,5,TRUE,2,11,Premium,High,2
5822,61,Female,Khulna,Groceries,620.32,5,Tablet,Debit Card,FALSE,3,FALSE,5,8,Trial,Medium,1
5823,63,Male,Dhaka,Home,611.88,25,Mobile,Credit Card,TRUE,7,TRUE,1,13,Trial,Medium,1
5824,62,Female,Chittagong,Groceries,429.08,7,Tablet,PayPal,TRUE,2,FALSE,5,3,Free,Low,0
5825,32,Female,Chittagong,Groceries,794.72,20,Tablet,Credit Card,TRUE,3,TRUE,2,12,Trial,Low,0
5826,53,Female,Rangpur,Toys,40.74,3,Tablet,Cash on Delivery,TRUE,7,TRUE,3,13,Free,Low,0
5827,53,Other,Chittagong,Electronics,669.62,17,Mobile,Bank Transfer,TRUE,5,TRUE,3,1,Trial,Medium,1
5828,64,Other,Chittagong,Books,383.06,14,Desktop,PayPal,FALSE,7,FALSE,4,7,Premium,Low,0
5829,29,Female,Sylhet,Home,650.64,23,Mobile,Cash on Delivery,TRUE,3,FALSE,4,13,Free,Medium,1
5830,69,Other,Chittagong,Groceries,476.15,50,Mobile,Bank Transfer,FALSE,2,FALSE,5,2,Trial,Medium,1
5831,21,Female,Barisal,Books,915.87,18,Desktop,Cash on Delivery,TRUE,6,FALSE,2,7,Premium,Medium,1
5832,57,Female,Dhaka,Groceries,164.29,47,Desktop,Debit Card,FALSE,7,TRUE,3,9,Trial,Medium,1
5833,20,Male,Sylhet,Sports,207.18,1,Mobile,Credit Card,TRUE,2,FALSE,1,10,Trial,Medium,1
5834,27,Other,Sylhet,Sports,590.34,31,Desktop,Credit Card,TRUE,9,TRUE,2,7,Premium,Low,0
5835,50,Female,Khulna,Groceries,275.06,32,Tablet,Credit Card,TRUE,9,FALSE,5,10,Trial,High,2
5836,28,Male,Khulna,Clothing,470.55,46,Desktop,Credit Card,FALSE,4,FALSE,5,8,Free,High,2
5837,69,Male,Dhaka,Clothing,566.31,33,Mobile,Cash on Delivery,TRUE,9,FALSE,5,13,Premium,Low,0
5838,45,Other,Dhaka,Groceries,381.3,38,Mobile,Debit Card,FALSE,1,FALSE,5,13,Free,Low,0
5839,31,Female,Barisal,Sports,733.71,8,Desktop,Cash on Delivery,FALSE,8,FALSE,3,2,Free,Medium,1
5840,45,Female,Sylhet,Clothing,89.44,35,Desktop,Debit Card,TRUE,8,TRUE,1,5,Premium,Medium,1
5841,68,Male,Rangpur,Groceries,65.08,3,Desktop,Cash on Delivery,TRUE,1,TRUE,5,6,Trial,High,2
5842,21,Other,Sylhet,Beauty,679.84,35,Desktop,Bank Transfer,TRUE,7,FALSE,2,4,Free,High,2
5843,48,Female,Chittagong,Electronics,827.23,7,Desktop,Credit Card,TRUE,9,TRUE,1,4,Premium,Low,0
5844,56,Other,Sylhet,Home,878.84,9,Desktop,Credit Card,TRUE,3,FALSE,3,10,Trial,Medium,1
5845,66,Male,Rangpur,Groceries,736.48,23,Mobile,PayPal,FALSE,1,TRUE,5,12,Premium,High,2
5846,66,Female,Barisal,Electronics,882.5,24,Tablet,PayPal,TRUE,6,TRUE,2,10,Premium,Medium,1
5847,45,Other,Dhaka,Toys,270.43,52,Mobile,PayPal,FALSE,7,FALSE,3,2,Premium,Low,0
5848,55,Female,Khulna,Books,764.26,7,Mobile,Bank Transfer,FALSE,9,TRUE,1,2,Premium,High,2
5849,23,Other,Rangpur,Toys,80.8,51,Tablet,Credit Card,TRUE,3,FALSE,2,7,Premium,Low,0
5850,58,Female,Mymensingh,Groceries,629.14,27,Desktop,PayPal,TRUE,7,TRUE,4,2,Premium,Low,0
5851,64,Other,Chittagong,Groceries,38.38,36,Tablet,PayPal,TRUE,7,FALSE,5,13,Trial,Medium,1
5852,49,Male,Sylhet,Clothing,603.24,5,Tablet,PayPal,FALSE,4,FALSE,5,3,Premium,High,2
5853,68,Female,Sylhet,Clothing,518.17,31,Desktop,Credit Card,TRUE,7,FALSE,1,6,Free,Low,0
5854,28,Female,Barisal,Toys,344.58,3,Desktop,Debit Card,TRUE,5,TRUE,2,9,Free,Medium,1
5855,34,Female,Rajshahi,Clothing,143.79,18,Tablet,Debit Card,FALSE,1,FALSE,2,7,Premium,High,2
5856,64,Other,Sylhet,Electronics,630.21,8,Desktop,PayPal,TRUE,3,TRUE,1,7,Premium,High,2
5857,19,Female,Dhaka,Beauty,539.24,20,Tablet,Cash on Delivery,FALSE,7,TRUE,3,13,Free,High,2
5858,53,Other,Khulna,Home,496.97,23,Desktop,Debit Card,TRUE,7,TRUE,2,6,Trial,Medium,1
5859,63,Other,Khulna,Books,271.33,28,Tablet,Credit Card,TRUE,3,TRUE,5,7,Premium,Low,0
5860,24,Female,Sylhet,Books,991.86,18,Desktop,Credit Card,TRUE,3,TRUE,4,5,Free,Low,0
5861,18,Female,Dhaka,Toys,937.89,49,Mobile,Cash on Delivery,FALSE,8,TRUE,5,6,Trial,Medium,1
5862,21,Female,Dhaka,Clothing,140.35,13,Tablet,Cash on Delivery,TRUE,6,TRUE,3,13,Premium,Low,0
5863,61,Male,Sylhet,Home,52.6,51,Tablet,Bank Transfer,TRUE,9,FALSE,4,9,Premium,Low,0
5864,64,Male,Sylhet,Groceries,102.61,35,Tablet,Bank Transfer,TRUE,9,FALSE,1,4,Trial,Low,0
5865,68,Male,Mymensingh,Beauty,873.02,4,Mobile,Debit Card,TRUE,3,TRUE,3,2,Free,Low,0
5866,48,Female,Sylhet,Beauty,224.8,5,Mobile,Cash on Delivery,TRUE,3,TRUE,1,10,Trial,Medium,1
5867,34,Female,Chittagong,Clothing,687.04,32,Mobile,Debit Card,TRUE,7,FALSE,5,5,Trial,Medium,1
5868,66,Male,Rangpur,Toys,626.19,7,Desktop,PayPal,FALSE,8,TRUE,1,2,Trial,Medium,1
5869,68,Male,Rangpur,Home,212.07,9,Mobile,Credit Card,TRUE,5,TRUE,5,3,Free,Low,0
5870,57,Male,Sylhet,Beauty,831.1,11,Mobile,Credit Card,FALSE,6,FALSE,4,4,Free,High,2
5871,44,Other,Khulna,Books,330.22,3,Mobile,Bank Transfer,TRUE,9,TRUE,4,2,Trial,Low,0
5872,47,Male,Chittagong,Clothing,757.49,22,Mobile,Cash on Delivery,TRUE,2,TRUE,4,3,Free,Low,0
5873,50,Other,Rajshahi,Beauty,911.42,44,Mobile,PayPal,TRUE,7,TRUE,1,13,Free,High,2
5874,53,Female,Chittagong,Electronics,503.39,47,Mobile,Cash on Delivery,TRUE,7,FALSE,4,10,Premium,High,2
5875,69,Female,Rajshahi,Home,905.97,21,Desktop,PayPal,FALSE,6,FALSE,5,4,Premium,High,2
5876,68,Female,Sylhet,Home,641.39,42,Mobile,Credit Card,TRUE,9,TRUE,4,7,Trial,High,2
5877,21,Other,Khulna,Clothing,894.73,18,Mobile,Cash on Delivery,FALSE,4,FALSE,3,3,Trial,Medium,1
5878,59,Female,Dhaka,Clothing,340.73,5,Tablet,Cash on Delivery,FALSE,8,TRUE,4,1,Free,Medium,1
5879,69,Male,Rangpur,Toys,850.74,50,Tablet,Cash on Delivery,FALSE,1,TRUE,1,7,Free,High,2
5880,52,Male,Rangpur,Electronics,551.18,28,Mobile,PayPal,FALSE,7,TRUE,3,3,Trial,Medium,1
5881,40,Female,Chittagong,Sports,312.24,39,Desktop,Debit Card,FALSE,3,TRUE,3,10,Trial,Low,0
5882,43,Other,Barisal,Beauty,241.5,21,Desktop,Bank Transfer,TRUE,5,TRUE,4,11,Free,Low,0
5883,26,Female,Dhaka,Groceries,636.81,33,Desktop,Credit Card,TRUE,7,FALSE,1,1,Premium,High,2
5884,45,Male,Chittagong,Toys,414.33,12,Mobile,Debit Card,TRUE,2,FALSE,2,12,Premium,High,2
5885,60,Other,Sylhet,Sports,800.01,43,Mobile,Debit Card,FALSE,6,FALSE,1,10,Trial,High,2
5886,67,Other,Rangpur,Beauty,751.74,2,Desktop,Credit Card,FALSE,9,TRUE,4,4,Free,High,2
5887,30,Other,Rajshahi,Clothing,971,7,Tablet,Cash on Delivery,TRUE,8,TRUE,5,1,Trial,Low,0
5888,44,Male,Mymensingh,Sports,652.1,40,Tablet,Bank Transfer,TRUE,5,TRUE,5,8,Trial,Low,0
5889,45,Female,Rajshahi,Books,35.02,6,Desktop,Bank Transfer,FALSE,5,FALSE,1,1,Free,Medium,1
5890,29,Other,Khulna,Electronics,933.85,40,Mobile,Bank Transfer,TRUE,2,TRUE,1,7,Trial,High,2
5891,69,Other,Sylhet,Beauty,925.05,45,Tablet,Debit Card,FALSE,2,FALSE,2,7,Free,High,2
5892,63,Other,Chittagong,Home,771.31,12,Desktop,Debit Card,FALSE,2,FALSE,3,5,Trial,Medium,1
5893,31,Female,Barisal,Electronics,685.04,26,Tablet,PayPal,FALSE,2,FALSE,3,9,Trial,Low,0
5894,65,Male,Rajshahi,Toys,738.23,8,Mobile,Credit Card,FALSE,5,TRUE,1,2,Premium,Low,0
5895,55,Male,Khulna,Electronics,170.33,3,Mobile,Debit Card,TRUE,1,TRUE,4,11,Premium,High,2
5896,49,Male,Barisal,Electronics,132.26,21,Desktop,Cash on Delivery,TRUE,2,TRUE,3,8,Free,Low,0
5897,18,Female,Chittagong,Books,669.34,34,Tablet,Credit Card,TRUE,5,TRUE,4,13,Premium,High,2
5898,50,Male,Chittagong,Beauty,51.02,49,Desktop,Cash on Delivery,FALSE,3,FALSE,3,5,Premium,High,2
5899,42,Female,Barisal,Sports,296.93,18,Tablet,PayPal,FALSE,1,TRUE,5,7,Premium,Low,0
5900,61,Male,Barisal,Home,266.2,4,Desktop,Debit Card,TRUE,2,TRUE,5,4,Premium,Medium,1
5901,64,Male,Chittagong,Clothing,348.42,13,Tablet,Credit Card,TRUE,1,FALSE,4,9,Free,Medium,1
5902,32,Other,Sylhet,Toys,834.34,33,Mobile,Credit Card,TRUE,2,FALSE,5,9,Free,High,2
5903,66,Other,Mymensingh,Clothing,669.45,28,Mobile,Debit Card,TRUE,9,TRUE,4,4,Free,Medium,1
5904,34,Female,Chittagong,Sports,606.6,10,Tablet,Bank Transfer,FALSE,6,FALSE,1,4,Premium,Low,0
5905,40,Male,Mymensingh,Home,97.78,33,Desktop,PayPal,TRUE,8,TRUE,5,9,Free,High,2
5906,60,Female,Khulna,Books,874.04,13,Desktop,PayPal,FALSE,3,TRUE,2,7,Premium,Medium,1
5907,32,Female,Rajshahi,Beauty,737.84,14,Mobile,Cash on Delivery,FALSE,4,FALSE,5,4,Premium,Low,0
5908,54,Male,Sylhet,Clothing,148.93,16,Tablet,PayPal,TRUE,4,TRUE,3,9,Premium,High,2
5909,22,Female,Sylhet,Electronics,17.6,10,Desktop,Cash on Delivery,FALSE,8,TRUE,1,2,Premium,Low,0
5910,50,Female,Rangpur,Electronics,428.94,28,Desktop,Debit Card,FALSE,6,FALSE,4,7,Free,Low,0
5911,38,Male,Rangpur,Sports,546.96,35,Tablet,Credit Card,FALSE,2,TRUE,3,12,Free,Medium,1
5912,60,Female,Rangpur,Toys,50.44,7,Tablet,PayPal,TRUE,6,TRUE,2,10,Premium,Medium,1
5913,48,Other,Chittagong,Clothing,288.34,43,Desktop,PayPal,TRUE,5,TRUE,5,3,Premium,Medium,1
5914,66,Other,Rajshahi,Toys,550.63,31,Mobile,Bank Transfer,FALSE,8,TRUE,5,3,Free,Medium,1
5915,63,Other,Rajshahi,Beauty,631.34,57,Tablet,Debit Card,TRUE,9,FALSE,1,12,Free,Medium,1
5916,60,Other,Barisal,Sports,551.45,44,Desktop,Debit Card,FALSE,7,FALSE,2,6,Free,Low,0
5917,52,Other,Sylhet,Books,447.22,31,Tablet,Cash on Delivery,FALSE,7,TRUE,4,13,Trial,Low,0
5918,34,Other,Chittagong,Clothing,721.45,26,Tablet,Credit Card,TRUE,2,TRUE,2,4,Premium,Low,0
5919,52,Female,Rajshahi,Electronics,809.89,56,Tablet,Credit Card,FALSE,1,FALSE,3,2,Trial,Low,0
5920,18,Other,Rajshahi,Beauty,780.21,28,Desktop,Cash on Delivery,FALSE,7,FALSE,3,8,Premium,Low,0
5921,27,Male,Mymensingh,Groceries,56.99,54,Tablet,PayPal,FALSE,3,TRUE,5,3,Trial,Low,0
5922,44,Other,Khulna,Books,437.47,26,Desktop,Debit Card,FALSE,6,FALSE,4,10,Premium,High,2
5923,18,Male,Dhaka,Electronics,918.78,43,Desktop,Debit Card,FALSE,8,FALSE,4,4,Trial,Low,0
5924,48,Other,Chittagong,Home,306.9,14,Mobile,Debit Card,FALSE,5,TRUE,2,3,Free,High,2
5925,30,Other,Rangpur,Groceries,653.05,11,Tablet,Debit Card,TRUE,4,TRUE,1,5,Free,Medium,1
5926,47,Other,Barisal,Clothing,311.53,28,Tablet,Bank Transfer,FALSE,2,FALSE,1,5,Free,Low,0
5927,57,Other,Dhaka,Beauty,389.88,5,Tablet,Cash on Delivery,FALSE,4,TRUE,4,10,Free,Low,0
5928,22,Other,Khulna,Clothing,443.93,7,Tablet,Cash on Delivery,FALSE,2,FALSE,1,5,Trial,Medium,1
5929,34,Male,Rangpur,Toys,361.46,29,Mobile,Bank Transfer,TRUE,2,TRUE,3,13,Trial,High,2
5930,47,Female,Khulna,Home,323.98,2,Desktop,Bank Transfer,FALSE,5,TRUE,5,2,Trial,Low,0
5931,51,Other,Rajshahi,Toys,690.51,49,Desktop,Credit Card,TRUE,6,FALSE,5,7,Trial,Medium,1
5932,33,Male,Rangpur,Electronics,516.83,7,Tablet,PayPal,FALSE,7,TRUE,3,2,Premium,Low,0
5933,25,Male,Khulna,Electronics,32.06,21,Tablet,Cash on Delivery,FALSE,1,FALSE,1,8,Free,Medium,1
5934,64,Other,Chittagong,Electronics,228.59,9,Mobile,Debit Card,FALSE,7,TRUE,3,2,Premium,Low,0
5935,45,Other,Dhaka,Groceries,738.47,53,Mobile,Bank Transfer,FALSE,7,TRUE,3,9,Premium,High,2
5936,21,Female,Mymensingh,Sports,554.39,23,Tablet,PayPal,FALSE,9,FALSE,1,4,Premium,Medium,1
5937,53,Female,Barisal,Electronics,586.59,29,Tablet,Bank Transfer,TRUE,8,TRUE,3,7,Trial,High,2
5938,22,Male,Sylhet,Beauty,707.19,37,Mobile,Cash on Delivery,TRUE,2,TRUE,2,1,Premium,Low,0
5939,39,Other,Dhaka,Sports,387.3,43,Desktop,Credit Card,FALSE,7,TRUE,5,7,Free,Low,0
5940,53,Female,Mymensingh,Books,845.9,49,Desktop,Cash on Delivery,TRUE,3,FALSE,4,11,Trial,Low,0
5941,27,Male,Sylhet,Books,963.52,11,Tablet,Cash on Delivery,FALSE,2,FALSE,1,3,Free,Medium,1
5942,31,Other,Chittagong,Groceries,459.8,2,Desktop,Bank Transfer,FALSE,3,FALSE,2,1,Premium,High,2
5943,37,Female,Rangpur,Groceries,592.3,13,Desktop,Cash on Delivery,TRUE,4,TRUE,5,6,Trial,High,2
5944,32,Male,Mymensingh,Groceries,217.14,28,Mobile,Cash on Delivery,FALSE,9,TRUE,5,13,Trial,Medium,1
5945,25,Female,Rajshahi,Beauty,897.08,5,Desktop,Bank Transfer,TRUE,5,FALSE,2,5,Premium,Low,0
5946,51,Male,Rajshahi,Toys,913.04,36,Mobile,Bank Transfer,FALSE,9,TRUE,1,4,Trial,Medium,1
5947,66,Other,Sylhet,Home,341.02,18,Tablet,Debit Card,TRUE,6,TRUE,3,3,Trial,High,2
5948,50,Male,Mymensingh,Electronics,254.19,11,Mobile,Debit Card,TRUE,7,FALSE,2,4,Premium,Medium,1
5949,56,Male,Barisal,Groceries,734.89,46,Mobile,PayPal,FALSE,9,TRUE,4,8,Trial,High,2
5950,21,Male,Sylhet,Sports,390.71,21,Tablet,Cash on Delivery,TRUE,9,FALSE,5,1,Free,Low,0
5951,31,Female,Chittagong,Clothing,833.2,48,Desktop,Credit Card,TRUE,5,FALSE,4,3,Free,High,2
5952,69,Female,Mymensingh,Groceries,663.62,55,Tablet,Cash on Delivery,TRUE,6,TRUE,1,10,Free,High,2
5953,34,Female,Dhaka,Home,892.7,41,Tablet,Cash on Delivery,TRUE,3,FALSE,1,4,Free,High,2
5954,66,Other,Dhaka,Electronics,54.37,31,Tablet,Credit Card,TRUE,8,TRUE,5,12,Free,High,2
5955,60,Other,Chittagong,Books,727.91,11,Tablet,Bank Transfer,FALSE,7,TRUE,1,10,Premium,High,2
5956,49,Other,Rajshahi,Books,312.8,57,Mobile,Cash on Delivery,TRUE,6,TRUE,1,10,Premium,Low,0
5957,66,Other,Rajshahi,Beauty,200.12,58,Tablet,Debit Card,FALSE,2,TRUE,4,3,Trial,High,2
5958,55,Female,Mymensingh,Home,691.89,51,Desktop,Debit Card,FALSE,4,FALSE,4,9,Trial,Medium,1
5959,26,Female,Mymensingh,Electronics,439,18,Tablet,Cash on Delivery,FALSE,4,FALSE,5,3,Trial,Low,0
5960,62,Male,Rangpur,Books,510.38,7,Tablet,Debit Card,FALSE,5,TRUE,3,2,Free,Low,0
5961,18,Female,Dhaka,Groceries,417.88,24,Tablet,Bank Transfer,FALSE,4,FALSE,3,2,Premium,Medium,1
5962,40,Other,Rangpur,Electronics,162.26,21,Mobile,Cash on Delivery,FALSE,7,FALSE,2,11,Trial,High,2
5963,63,Male,Khulna,Clothing,423.46,35,Desktop,PayPal,FALSE,2,TRUE,3,12,Premium,Low,0
5964,54,Male,Sylhet,Electronics,561.52,32,Mobile,Credit Card,TRUE,1,FALSE,5,9,Free,Medium,1
5965,40,Other,Sylhet,Groceries,799.41,45,Tablet,Debit Card,TRUE,5,FALSE,4,3,Free,Medium,1
5966,67,Male,Rangpur,Electronics,235.12,20,Tablet,PayPal,FALSE,8,FALSE,4,1,Trial,Low,0
5967,30,Other,Barisal,Electronics,547.14,10,Desktop,Credit Card,FALSE,5,TRUE,1,6,Trial,Medium,1
5968,46,Other,Rangpur,Groceries,350.94,4,Desktop,PayPal,FALSE,7,FALSE,3,6,Trial,High,2
5969,31,Male,Dhaka,Books,348.72,57,Tablet,Cash on Delivery,FALSE,2,FALSE,5,10,Free,Low,0
5970,58,Other,Khulna,Home,982.93,5,Tablet,Cash on Delivery,FALSE,6,TRUE,5,12,Premium,Medium,1
5971,31,Female,Sylhet,Sports,266.93,10,Desktop,PayPal,TRUE,6,TRUE,3,6,Trial,Medium,1
5972,57,Other,Chittagong,Clothing,373.73,11,Tablet,Cash on Delivery,TRUE,7,TRUE,3,1,Premium,High,2
5973,24,Other,Rangpur,Clothing,985.72,51,Desktop,Debit Card,FALSE,3,TRUE,2,8,Premium,High,2
5974,36,Male,Sylhet,Books,21.46,46,Desktop,PayPal,FALSE,8,TRUE,4,6,Trial,Low,0
5975,19,Female,Dhaka,Clothing,554.79,19,Tablet,PayPal,TRUE,3,FALSE,5,2,Trial,Medium,1
5976,51,Male,Sylhet,Electronics,9.31,48,Tablet,Debit Card,TRUE,3,FALSE,2,7,Premium,High,2
5977,35,Female,Mymensingh,Sports,112.26,47,Tablet,Credit Card,FALSE,9,TRUE,3,13,Trial,Low,0
5978,44,Male,Rangpur,Home,969.88,6,Desktop,Bank Transfer,TRUE,1,FALSE,5,10,Trial,High,2
5979,38,Male,Mymensingh,Toys,845.03,41,Desktop,Bank Transfer,FALSE,1,FALSE,5,2,Free,Medium,1
5980,18,Other,Chittagong,Beauty,802.34,25,Desktop,Debit Card,TRUE,3,TRUE,3,6,Trial,Medium,1
5981,24,Other,Rajshahi,Beauty,262.38,6,Tablet,Credit Card,TRUE,2,TRUE,1,5,Trial,High,2
5982,47,Female,Rangpur,Home,632.02,45,Mobile,Bank Transfer,FALSE,4,TRUE,2,12,Premium,Medium,1
5983,41,Male,Barisal,Electronics,311.87,17,Desktop,Credit Card,FALSE,1,TRUE,3,11,Free,Low,0
5984,52,Male,Chittagong,Beauty,845.1,22,Desktop,Credit Card,TRUE,1,TRUE,2,10,Premium,Medium,1
5985,40,Female,Mymensingh,Clothing,778.94,42,Mobile,Credit Card,TRUE,7,TRUE,3,2,Premium,High,2
5986,56,Female,Chittagong,Books,230.45,59,Mobile,Cash on Delivery,FALSE,1,FALSE,5,2,Premium,Low,0
5987,42,Female,Chittagong,Clothing,262.04,24,Desktop,PayPal,FALSE,2,FALSE,5,10,Premium,High,2
5988,36,Female,Barisal,Toys,920.3,55,Mobile,Bank Transfer,TRUE,7,FALSE,5,8,Trial,Medium,1
5989,64,Female,Dhaka,Sports,803.79,54,Mobile,Debit Card,FALSE,2,FALSE,5,13,Trial,High,2
5990,59,Male,Rajshahi,Clothing,144.64,50,Tablet,PayPal,FALSE,7,FALSE,4,3,Trial,High,2
5991,38,Female,Rajshahi,Clothing,497.98,30,Mobile,Cash on Delivery,TRUE,5,TRUE,3,11,Trial,Low,0
5992,20,Male,Chittagong,Toys,72.07,8,Desktop,PayPal,TRUE,2,TRUE,2,8,Premium,High,2
5993,68,Female,Barisal,Sports,238.55,33,Tablet,PayPal,FALSE,8,FALSE,1,4,Free,Medium,1
5994,36,Male,Rangpur,Electronics,114.49,7,Tablet,Credit Card,FALSE,5,FALSE,2,9,Trial,Medium,1
5995,20,Other,Barisal,Clothing,249.7,35,Mobile,Cash on Delivery,FALSE,1,TRUE,4,12,Trial,Low,0
5996,26,Male,Sylhet,Groceries,139.66,13,Mobile,PayPal,FALSE,5,TRUE,4,8,Free,Low,0
5997,43,Female,Khulna,Home,262.3,51,Mobile,Cash on Delivery,FALSE,5,TRUE,4,11,Premium,Medium,1
5998,24,Other,Sylhet,Home,886.18,3,Mobile,Bank Transfer,TRUE,9,TRUE,1,2,Premium,Low,0
5999,65,Male,Mymensingh,Toys,448.1,5,Tablet,Debit Card,FALSE,9,TRUE,4,9,Free,Low,0
6000,62,Other,Rangpur,Groceries,19.05,48,Tablet,Bank Transfer,FALSE,1,FALSE,5,13,Premium,Medium,1
6001,46,Other,Rajshahi,Electronics,6.88,24,Tablet,Credit Card,FALSE,6,TRUE,5,10,Free,Low,0
6002,30,Other,Mymensingh,Home,770.15,15,Mobile,Cash on Delivery,TRUE,8,FALSE,4,8,Premium,Medium,1
6003,31,Male,Sylhet,Toys,764.11,26,Desktop,Cash on Delivery,FALSE,6,FALSE,3,9,Free,Low,0
6004,27,Male,Sylhet,Electronics,259.17,23,Desktop,Debit Card,FALSE,3,TRUE,5,13,Trial,Medium,1
6005,20,Female,Khulna,Home,779.89,6,Tablet,Cash on Delivery,FALSE,2,TRUE,5,2,Trial,Low,0
6006,28,Other,Khulna,Toys,844.05,50,Desktop,Cash on Delivery,TRUE,6,TRUE,5,12,Trial,Low,0
6007,20,Female,Sylhet,Sports,556.35,19,Desktop,PayPal,TRUE,7,TRUE,4,7,Premium,Medium,1
6008,44,Other,Chittagong,Electronics,35.79,7,Tablet,Cash on Delivery,TRUE,1,FALSE,1,13,Premium,Medium,1
6009,48,Male,Rajshahi,Electronics,296.87,59,Tablet,Credit Card,FALSE,4,TRUE,3,5,Free,High,2
6010,33,Other,Khulna,Toys,501.19,25,Desktop,Bank Transfer,TRUE,4,TRUE,2,6,Free,Medium,1
6011,28,Female,Sylhet,Sports,366.8,6,Mobile,Debit Card,FALSE,8,FALSE,3,10,Trial,Low,0
6012,47,Female,Dhaka,Books,152.92,42,Desktop,Credit Card,TRUE,8,TRUE,3,10,Trial,High,2
6013,46,Male,Rajshahi,Sports,491.63,13,Desktop,Credit Card,FALSE,1,FALSE,4,3,Trial,High,2
6014,31,Male,Sylhet,Toys,92.02,21,Mobile,Debit Card,TRUE,5,FALSE,2,8,Trial,Medium,1
6015,54,Other,Sylhet,Sports,845.35,38,Tablet,Bank Transfer,FALSE,3,TRUE,4,13,Free,Low,0
6016,67,Female,Dhaka,Beauty,350.19,41,Tablet,Bank Transfer,FALSE,6,FALSE,2,11,Free,Medium,1
6017,23,Other,Khulna,Books,123.3,1,Desktop,PayPal,TRUE,6,TRUE,1,10,Premium,Medium,1
6018,42,Female,Rangpur,Groceries,638.45,6,Desktop,Cash on Delivery,FALSE,8,FALSE,3,3,Trial,Low,0
6019,45,Female,Dhaka,Sports,731.31,57,Mobile,Debit Card,TRUE,3,FALSE,4,13,Trial,Medium,1
6020,56,Female,Khulna,Clothing,585.88,37,Desktop,Debit Card,TRUE,7,FALSE,5,1,Trial,Low,0
6021,20,Other,Barisal,Toys,573.19,34,Mobile,Debit Card,FALSE,7,TRUE,5,7,Free,High,2
6022,67,Female,Khulna,Toys,316.96,40,Desktop,Bank Transfer,TRUE,9,FALSE,4,9,Trial,High,2
6023,69,Other,Mymensingh,Books,834.36,5,Tablet,Cash on Delivery,TRUE,5,FALSE,4,1,Premium,Medium,1
6024,56,Male,Sylhet,Clothing,93.82,7,Desktop,Bank Transfer,FALSE,2,FALSE,2,8,Trial,Medium,1
6025,52,Other,Barisal,Clothing,554.76,27,Desktop,PayPal,TRUE,2,FALSE,3,9,Premium,Medium,1
6026,45,Other,Dhaka,Home,368.65,34,Mobile,PayPal,FALSE,6,FALSE,5,1,Premium,High,2
6027,44,Female,Dhaka,Toys,147.41,10,Mobile,Debit Card,TRUE,3,FALSE,5,10,Free,Medium,1
6028,51,Other,Sylhet,Clothing,458.03,55,Mobile,Cash on Delivery,FALSE,4,TRUE,3,12,Trial,Medium,1
6029,69,Male,Rangpur,Books,530.04,12,Desktop,Credit Card,TRUE,4,FALSE,2,9,Premium,Low,0
6030,51,Other,Mymensingh,Sports,402.52,25,Mobile,Credit Card,FALSE,4,TRUE,3,6,Trial,Low,0
6031,57,Other,Rangpur,Home,673.84,14,Mobile,Cash on Delivery,TRUE,7,FALSE,4,6,Free,Medium,1
6032,26,Female,Mymensingh,Books,159.45,46,Desktop,Cash on Delivery,TRUE,4,FALSE,5,13,Free,Low,0
6033,40,Female,Rangpur,Electronics,346.31,38,Desktop,Bank Transfer,FALSE,4,FALSE,1,2,Premium,Low,0
6034,49,Male,Khulna,Groceries,109.17,17,Desktop,Cash on Delivery,TRUE,4,FALSE,3,10,Premium,Medium,1
6035,55,Male,Rangpur,Beauty,327.65,9,Desktop,PayPal,FALSE,8,TRUE,5,3,Free,Medium,1
6036,67,Female,Rangpur,Books,447.49,9,Mobile,Credit Card,FALSE,9,TRUE,2,12,Trial,High,2
6037,34,Male,Barisal,Home,401.08,58,Tablet,Credit Card,FALSE,8,TRUE,4,5,Trial,Low,0
6038,39,Female,Sylhet,Groceries,709.62,1,Tablet,Bank Transfer,FALSE,5,TRUE,3,9,Premium,Medium,1
6039,40,Male,Rajshahi,Electronics,531.11,31,Mobile,Debit Card,TRUE,2,FALSE,2,1,Premium,Medium,1
6040,19,Other,Chittagong,Groceries,10.27,57,Tablet,Bank Transfer,FALSE,5,FALSE,2,10,Premium,High,2
6041,55,Male,Dhaka,Sports,685.19,27,Desktop,PayPal,FALSE,1,FALSE,2,9,Trial,High,2
6042,58,Female,Sylhet,Groceries,608.92,43,Tablet,Credit Card,TRUE,1,TRUE,5,13,Free,Medium,1
6043,69,Female,Rangpur,Books,980.87,2,Mobile,Bank Transfer,TRUE,6,FALSE,2,4,Free,High,2
6044,54,Male,Rajshahi,Toys,499.55,50,Mobile,Bank Transfer,TRUE,3,TRUE,2,2,Free,Low,0
6045,45,Other,Khulna,Groceries,991.89,59,Mobile,Credit Card,FALSE,1,FALSE,1,9,Trial,Medium,1
6046,50,Female,Dhaka,Toys,132.55,46,Tablet,Bank Transfer,TRUE,6,TRUE,4,6,Premium,Low,0
6047,23,Other,Rangpur,Groceries,946.15,49,Tablet,Debit Card,FALSE,4,TRUE,4,5,Trial,High,2
6048,32,Male,Barisal,Sports,610.29,45,Tablet,Cash on Delivery,TRUE,5,TRUE,2,3,Trial,High,2
6049,69,Other,Rajshahi,Home,253.38,33,Mobile,Debit Card,FALSE,6,TRUE,5,10,Premium,Low,0
6050,18,Other,Rajshahi,Sports,40.19,4,Tablet,Cash on Delivery,FALSE,6,FALSE,2,4,Premium,Medium,1
6051,59,Other,Khulna,Toys,792.38,57,Tablet,Bank Transfer,TRUE,4,TRUE,5,9,Premium,Medium,1
6052,52,Male,Mymensingh,Sports,518.53,24,Desktop,PayPal,FALSE,5,FALSE,2,2,Premium,Medium,1
6053,23,Male,Rajshahi,Clothing,176.65,41,Tablet,Bank Transfer,FALSE,7,TRUE,3,10,Premium,Low,0
6054,42,Male,Chittagong,Sports,709.91,52,Mobile,Bank Transfer,FALSE,2,TRUE,1,13,Premium,Low,0
6055,20,Female,Chittagong,Sports,312,41,Mobile,PayPal,TRUE,2,TRUE,4,5,Free,Low,0
6056,47,Female,Dhaka,Beauty,260.71,37,Desktop,Credit Card,TRUE,8,FALSE,4,11,Free,High,2
6057,23,Male,Barisal,Home,264.06,54,Tablet,Cash on Delivery,FALSE,8,FALSE,3,13,Premium,Medium,1
6058,21,Female,Mymensingh,Electronics,722.95,38,Desktop,Debit Card,FALSE,8,FALSE,4,8,Trial,Low,0
6059,37,Other,Khulna,Beauty,635.21,16,Tablet,Debit Card,FALSE,6,FALSE,2,1,Premium,Medium,1
6060,25,Male,Barisal,Toys,419.5,44,Mobile,Cash on Delivery,TRUE,9,FALSE,5,9,Free,High,2
6061,67,Other,Mymensingh,Beauty,184.75,21,Desktop,Cash on Delivery,FALSE,2,TRUE,4,5,Trial,High,2
6062,54,Other,Chittagong,Books,907.08,59,Mobile,Credit Card,TRUE,6,FALSE,3,12,Trial,Medium,1
6063,68,Male,Sylhet,Toys,290.44,28,Desktop,Debit Card,FALSE,2,FALSE,1,8,Trial,Low,0
6064,54,Other,Khulna,Toys,923.31,10,Desktop,Debit Card,TRUE,3,FALSE,4,12,Trial,High,2
6065,47,Female,Chittagong,Beauty,567.63,42,Desktop,PayPal,TRUE,5,FALSE,4,5,Premium,High,2
6066,20,Female,Rangpur,Home,582.21,48,Mobile,Cash on Delivery,FALSE,2,TRUE,1,1,Free,Medium,1
6067,46,Female,Chittagong,Books,153.92,55,Desktop,Debit Card,FALSE,8,TRUE,4,8,Trial,Low,0
6068,49,Other,Sylhet,Home,531.03,17,Tablet,PayPal,FALSE,1,FALSE,5,10,Free,Medium,1
6069,55,Female,Mymensingh,Beauty,928.18,36,Tablet,Bank Transfer,TRUE,1,FALSE,4,7,Trial,High,2
6070,69,Female,Mymensingh,Books,424.44,21,Tablet,Credit Card,FALSE,6,FALSE,5,12,Trial,High,2
6071,29,Male,Khulna,Groceries,941.45,50,Mobile,Cash on Delivery,TRUE,5,TRUE,2,12,Premium,Low,0
6072,30,Other,Chittagong,Books,90.76,14,Desktop,PayPal,TRUE,6,TRUE,1,11,Premium,Low,0
6073,29,Other,Chittagong,Toys,505.1,27,Desktop,Cash on Delivery,FALSE,3,FALSE,3,1,Free,Low,0
6074,22,Female,Khulna,Groceries,408.38,20,Tablet,Credit Card,TRUE,8,FALSE,1,7,Trial,Low,0
6075,56,Other,Rangpur,Toys,67.66,43,Tablet,Bank Transfer,FALSE,9,FALSE,2,8,Free,Low,0
6076,37,Male,Rajshahi,Beauty,43.76,48,Desktop,PayPal,FALSE,5,FALSE,2,8,Premium,High,2
6077,41,Female,Barisal,Beauty,978.99,34,Desktop,Credit Card,TRUE,9,TRUE,5,7,Free,High,2
6078,67,Female,Dhaka,Electronics,310.48,32,Desktop,Credit Card,FALSE,8,FALSE,2,1,Free,Low,0
6079,47,Other,Rajshahi,Beauty,78.01,56,Tablet,Bank Transfer,FALSE,6,TRUE,5,2,Free,Medium,1
6080,62,Female,Khulna,Sports,590.26,6,Desktop,Credit Card,FALSE,9,TRUE,5,12,Trial,High,2
6081,25,Female,Rajshahi,Electronics,794.21,8,Tablet,Debit Card,TRUE,8,FALSE,2,13,Premium,Medium,1
6082,63,Other,Barisal,Toys,361.91,37,Tablet,Bank Transfer,TRUE,6,TRUE,5,2,Free,Low,0
6083,24,Female,Mymensingh,Sports,926.83,32,Desktop,Credit Card,TRUE,1,TRUE,3,1,Premium,Low,0
6084,28,Female,Khulna,Toys,191.06,19,Tablet,Debit Card,TRUE,2,FALSE,3,5,Premium,High,2
6085,23,Female,Chittagong,Home,909.44,25,Tablet,PayPal,FALSE,1,TRUE,4,13,Free,Medium,1
6086,58,Female,Barisal,Beauty,205.29,2,Mobile,Cash on Delivery,FALSE,8,FALSE,3,8,Premium,Medium,1
6087,69,Male,Khulna,Groceries,265.33,8,Mobile,Debit Card,FALSE,1,FALSE,4,4,Free,High,2
6088,64,Female,Dhaka,Clothing,968.89,58,Desktop,Credit Card,TRUE,4,TRUE,4,6,Premium,High,2
6089,65,Male,Mymensingh,Toys,888.88,44,Mobile,Debit Card,FALSE,3,FALSE,5,13,Free,High,2
6090,57,Female,Chittagong,Home,109.6,20,Tablet,Credit Card,TRUE,9,TRUE,1,4,Premium,Low,0
6091,68,Female,Sylhet,Groceries,532.05,38,Desktop,Debit Card,FALSE,9,TRUE,3,6,Premium,Low,0
6092,25,Male,Barisal,Toys,945.29,22,Mobile,Bank Transfer,TRUE,7,TRUE,2,3,Free,High,2
6093,51,Male,Rajshahi,Beauty,135.52,49,Tablet,Cash on Delivery,FALSE,8,FALSE,1,3,Trial,High,2
6094,34,Other,Rangpur,Toys,637.62,9,Mobile,Bank Transfer,TRUE,3,TRUE,3,3,Trial,Medium,1
6095,38,Female,Mymensingh,Books,902.42,51,Tablet,Debit Card,TRUE,4,TRUE,1,11,Trial,Medium,1
6096,49,Female,Dhaka,Sports,501.83,28,Mobile,Credit Card,TRUE,3,FALSE,3,4,Premium,High,2
6097,50,Other,Barisal,Home,404.67,17,Mobile,Bank Transfer,TRUE,3,TRUE,1,5,Free,Low,0
6098,21,Female,Rajshahi,Toys,460.44,26,Tablet,Debit Card,FALSE,8,TRUE,4,1,Premium,Low,0
6099,19,Female,Rajshahi,Books,136.03,59,Mobile,PayPal,FALSE,1,FALSE,2,1,Premium,High,2
6100,39,Other,Mymensingh,Home,184.46,20,Mobile,Debit Card,FALSE,6,TRUE,5,13,Free,Medium,1
6101,45,Female,Khulna,Beauty,244.08,5,Desktop,Credit Card,TRUE,8,FALSE,3,11,Free,Low,0
6102,47,Other,Mymensingh,Sports,292.47,35,Tablet,Cash on Delivery,TRUE,9,TRUE,4,12,Trial,Medium,1
6103,27,Other,Dhaka,Books,702.71,21,Mobile,PayPal,TRUE,1,TRUE,1,12,Trial,High,2
6104,35,Male,Khulna,Electronics,902.42,49,Desktop,Credit Card,FALSE,3,FALSE,5,9,Free,Low,0
6105,41,Male,Sylhet,Sports,183.43,29,Desktop,Credit Card,FALSE,7,FALSE,1,11,Free,Low,0
6106,66,Female,Sylhet,Electronics,159.44,35,Tablet,Debit Card,FALSE,4,TRUE,1,2,Free,Low,0
6107,18,Female,Sylhet,Clothing,931.73,10,Desktop,Cash on Delivery,TRUE,7,FALSE,3,7,Trial,Medium,1
6108,60,Male,Mymensingh,Home,594.14,2,Desktop,Debit Card,TRUE,7,FALSE,5,10,Trial,Low,0
6109,24,Other,Khulna,Clothing,308.26,17,Mobile,Debit Card,TRUE,3,TRUE,4,13,Trial,High,2
6110,35,Female,Rajshahi,Electronics,343.96,28,Mobile,Cash on Delivery,TRUE,4,FALSE,2,12,Premium,Low,0
6111,23,Male,Rangpur,Beauty,673.76,10,Tablet,Cash on Delivery,FALSE,1,TRUE,5,5,Free,Low,0
6112,21,Male,Mymensingh,Clothing,728.33,40,Desktop,Credit Card,TRUE,2,TRUE,4,4,Premium,Medium,1
6113,26,Male,Mymensingh,Sports,58.81,1,Mobile,Bank Transfer,TRUE,8,TRUE,1,6,Premium,Low,0
6114,54,Female,Khulna,Beauty,509.19,34,Tablet,Bank Transfer,TRUE,3,TRUE,3,9,Premium,High,2
6115,43,Male,Dhaka,Toys,277.16,25,Tablet,Credit Card,FALSE,5,TRUE,1,3,Free,Low,0
6116,65,Other,Khulna,Home,613.51,54,Desktop,PayPal,TRUE,5,TRUE,4,2,Free,Medium,1
6117,21,Male,Barisal,Beauty,862.8,5,Mobile,Credit Card,FALSE,5,TRUE,5,8,Free,High,2
6118,69,Male,Rajshahi,Home,994.54,39,Tablet,Debit Card,TRUE,4,TRUE,1,8,Premium,High,2
6119,23,Female,Rajshahi,Beauty,235.52,5,Tablet,Debit Card,FALSE,9,FALSE,2,7,Premium,High,2
6120,46,Male,Khulna,Home,65.84,30,Mobile,Bank Transfer,FALSE,2,FALSE,3,3,Premium,Medium,1
6121,28,Other,Sylhet,Home,368.68,20,Mobile,Credit Card,FALSE,3,FALSE,4,13,Premium,Medium,1
6122,68,Other,Barisal,Groceries,507.8,32,Tablet,Bank Transfer,FALSE,9,FALSE,3,6,Free,High,2
6123,35,Male,Dhaka,Beauty,936.74,45,Desktop,Cash on Delivery,FALSE,5,FALSE,1,2,Premium,Low,0
6124,31,Female,Khulna,Clothing,210.25,4,Mobile,Bank Transfer,FALSE,5,FALSE,4,5,Free,Medium,1
6125,64,Male,Chittagong,Home,919.04,50,Mobile,Debit Card,FALSE,5,TRUE,3,4,Trial,High,2
6126,44,Female,Mymensingh,Sports,91.5,32,Desktop,Credit Card,TRUE,9,FALSE,2,13,Free,High,2
6127,65,Female,Rangpur,Home,480.26,42,Tablet,Bank Transfer,FALSE,1,TRUE,4,11,Trial,Low,0
6128,46,Female,Rangpur,Clothing,680.42,48,Mobile,Cash on Delivery,TRUE,8,TRUE,2,1,Trial,High,2
6129,44,Female,Sylhet,Clothing,369,31,Tablet,PayPal,TRUE,3,FALSE,2,13,Free,High,2
6130,51,Male,Rangpur,Home,303.9,45,Tablet,Bank Transfer,FALSE,6,TRUE,4,13,Premium,Low,0
6131,60,Female,Sylhet,Toys,290.56,1,Mobile,PayPal,FALSE,8,TRUE,3,8,Free,Medium,1
6132,54,Male,Rajshahi,Books,132.36,42,Desktop,Credit Card,FALSE,7,TRUE,3,4,Trial,High,2
6133,41,Other,Rajshahi,Sports,242.01,19,Desktop,PayPal,TRUE,9,TRUE,1,10,Trial,High,2
6134,60,Male,Khulna,Clothing,403.34,24,Desktop,Bank Transfer,FALSE,7,TRUE,4,6,Trial,Medium,1
6135,30,Male,Rangpur,Sports,749.62,2,Desktop,PayPal,TRUE,8,TRUE,1,9,Premium,Low,0
6136,63,Male,Barisal,Groceries,987.94,4,Mobile,Bank Transfer,TRUE,2,FALSE,5,10,Free,High,2
6137,56,Female,Mymensingh,Books,922.88,25,Desktop,PayPal,TRUE,6,TRUE,2,5,Premium,Low,0
6138,25,Other,Chittagong,Home,642.51,44,Tablet,Cash on Delivery,FALSE,8,TRUE,2,10,Free,High,2
6139,24,Other,Barisal,Beauty,792.19,11,Tablet,Bank Transfer,FALSE,9,FALSE,2,1,Trial,High,2
6140,32,Male,Dhaka,Books,241.33,34,Desktop,Debit Card,TRUE,7,TRUE,5,4,Trial,Low,0
6141,30,Other,Dhaka,Electronics,336.3,41,Mobile,Bank Transfer,TRUE,6,FALSE,5,12,Premium,Medium,1
6142,19,Other,Khulna,Toys,644.96,51,Desktop,Bank Transfer,FALSE,7,FALSE,1,1,Trial,Low,0
6143,59,Other,Barisal,Groceries,267.55,16,Desktop,Debit Card,TRUE,2,TRUE,3,7,Free,Low,0
6144,54,Other,Rangpur,Electronics,654.25,11,Tablet,Debit Card,TRUE,9,TRUE,5,5,Trial,High,2
6145,59,Female,Khulna,Beauty,582.83,16,Tablet,Credit Card,FALSE,9,FALSE,3,5,Trial,High,2
6146,24,Male,Barisal,Toys,887.08,55,Desktop,PayPal,TRUE,8,TRUE,2,9,Premium,High,2
6147,56,Female,Dhaka,Electronics,237.56,18,Desktop,Credit Card,FALSE,1,TRUE,3,13,Premium,High,2
6148,32,Female,Chittagong,Toys,599.09,37,Tablet,Cash on Delivery,TRUE,4,TRUE,5,13,Free,High,2
6149,39,Female,Dhaka,Clothing,125.48,52,Tablet,Credit Card,TRUE,8,FALSE,1,12,Free,High,2
6150,36,Female,Chittagong,Groceries,832.79,49,Mobile,Credit Card,FALSE,2,TRUE,5,12,Trial,High,2
6151,36,Other,Barisal,Beauty,407.28,49,Tablet,Credit Card,TRUE,2,FALSE,3,11,Premium,Medium,1
6152,20,Other,Mymensingh,Toys,67.77,7,Mobile,Bank Transfer,FALSE,3,TRUE,3,8,Premium,Low,0
6153,52,Female,Rajshahi,Toys,60.87,5,Mobile,Credit Card,FALSE,7,FALSE,2,9,Trial,High,2
6154,27,Female,Khulna,Electronics,250.31,40,Tablet,PayPal,TRUE,3,TRUE,4,10,Premium,Low,0
6155,68,Male,Khulna,Books,600.78,13,Tablet,Credit Card,TRUE,7,TRUE,5,1,Free,High,2
6156,29,Female,Barisal,Books,816.86,57,Desktop,Debit Card,FALSE,9,FALSE,4,8,Premium,Low,0
6157,37,Other,Khulna,Home,904.57,52,Tablet,PayPal,FALSE,4,TRUE,2,6,Trial,Medium,1
6158,34,Male,Sylhet,Sports,211.59,40,Desktop,Credit Card,FALSE,7,TRUE,4,1,Trial,Low,0
6159,62,Male,Khulna,Sports,300.44,18,Mobile,Debit Card,FALSE,4,TRUE,2,12,Trial,Low,0
6160,51,Female,Chittagong,Books,748.94,23,Tablet,Bank Transfer,FALSE,7,FALSE,1,6,Free,Low,0
6161,56,Female,Dhaka,Toys,609.68,14,Desktop,PayPal,TRUE,9,FALSE,1,8,Premium,Medium,1
6162,34,Female,Mymensingh,Electronics,832.69,36,Desktop,Cash on Delivery,FALSE,4,TRUE,5,4,Trial,Low,0
6163,21,Other,Rangpur,Beauty,101.82,44,Desktop,Debit Card,FALSE,2,TRUE,1,1,Premium,High,2
6164,26,Female,Sylhet,Clothing,516.55,40,Tablet,Bank Transfer,FALSE,2,TRUE,4,12,Trial,Medium,1
6165,36,Other,Mymensingh,Beauty,569.3,16,Tablet,Debit Card,FALSE,2,TRUE,2,2,Premium,High,2
6166,47,Female,Rajshahi,Clothing,60.49,11,Mobile,Debit Card,TRUE,9,FALSE,5,2,Free,Low,0
6167,51,Female,Chittagong,Groceries,769.39,45,Mobile,Bank Transfer,TRUE,6,FALSE,1,8,Premium,High,2
6168,59,Other,Barisal,Sports,70.98,47,Tablet,Bank Transfer,FALSE,6,TRUE,3,10,Trial,Medium,1
6169,36,Other,Dhaka,Toys,24.99,10,Tablet,Bank Transfer,FALSE,6,TRUE,1,5,Trial,Low,0
6170,50,Other,Mymensingh,Clothing,484.35,58,Desktop,Debit Card,FALSE,2,FALSE,5,4,Trial,Medium,1
6171,35,Female,Dhaka,Sports,403.67,12,Mobile,Bank Transfer,FALSE,1,FALSE,5,10,Premium,High,2
6172,45,Male,Rajshahi,Books,140.84,34,Desktop,Credit Card,FALSE,1,FALSE,5,7,Trial,High,2
6173,51,Male,Rangpur,Electronics,319.87,32,Mobile,Debit Card,FALSE,5,FALSE,2,6,Free,Medium,1
6174,23,Female,Chittagong,Toys,131.16,39,Desktop,Cash on Delivery,FALSE,5,TRUE,5,12,Free,High,2
6175,28,Other,Rajshahi,Electronics,183.1,17,Desktop,Debit Card,FALSE,9,FALSE,1,8,Free,Medium,1
6176,66,Female,Khulna,Sports,102.06,45,Desktop,Cash on Delivery,FALSE,8,FALSE,4,6,Trial,Medium,1
6177,37,Female,Dhaka,Electronics,829.49,31,Tablet,Bank Transfer,TRUE,8,FALSE,4,10,Trial,Medium,1
6178,41,Male,Mymensingh,Beauty,649.51,54,Mobile,PayPal,TRUE,8,FALSE,2,7,Premium,Medium,1
6179,26,Other,Barisal,Electronics,303.58,19,Desktop,Bank Transfer,FALSE,9,TRUE,5,9,Premium,High,2
6180,31,Female,Rangpur,Electronics,863.58,33,Mobile,Bank Transfer,TRUE,9,TRUE,3,8,Trial,Medium,1
6181,42,Other,Rangpur,Clothing,214.41,6,Desktop,Credit Card,FALSE,4,TRUE,4,9,Free,Medium,1
6182,62,Female,Rangpur,Sports,497.9,40,Mobile,PayPal,TRUE,1,FALSE,5,8,Free,Medium,1
6183,54,Other,Mymensingh,Beauty,62.54,12,Mobile,Bank Transfer,TRUE,2,FALSE,3,8,Premium,Medium,1
6184,27,Other,Mymensingh,Beauty,604.53,57,Mobile,Credit Card,TRUE,8,TRUE,5,4,Trial,High,2
6185,18,Female,Rangpur,Clothing,390.56,31,Mobile,Credit Card,FALSE,9,FALSE,4,3,Free,Low,0
6186,57,Male,Khulna,Clothing,318.44,16,Mobile,PayPal,FALSE,9,FALSE,3,7,Trial,Low,0
6187,68,Other,Rajshahi,Clothing,330.56,48,Mobile,Bank Transfer,FALSE,3,TRUE,5,9,Trial,Low,0
6188,56,Male,Barisal,Beauty,881.58,54,Mobile,Credit Card,TRUE,5,FALSE,3,6,Premium,Low,0
6189,69,Male,Dhaka,Clothing,416.91,57,Desktop,Credit Card,FALSE,1,FALSE,2,13,Trial,High,2
6190,50,Male,Rajshahi,Beauty,176.76,24,Mobile,Bank Transfer,TRUE,2,TRUE,4,11,Free,Medium,1
6191,32,Male,Chittagong,Home,253.83,47,Desktop,Bank Transfer,TRUE,9,TRUE,1,10,Free,Medium,1
6192,53,Other,Dhaka,Toys,703.13,10,Desktop,Cash on Delivery,FALSE,1,TRUE,4,3,Premium,Medium,1
6193,54,Female,Khulna,Clothing,513.06,30,Mobile,Cash on Delivery,TRUE,7,FALSE,4,2,Trial,High,2
6194,60,Female,Chittagong,Clothing,83.35,50,Mobile,PayPal,TRUE,7,TRUE,5,4,Free,Medium,1
6195,26,Other,Dhaka,Books,625.95,49,Tablet,Credit Card,FALSE,5,FALSE,3,12,Premium,Low,0
6196,43,Male,Khulna,Sports,615.67,8,Desktop,Bank Transfer,TRUE,7,TRUE,2,11,Free,High,2
6197,55,Other,Rangpur,Sports,667.57,36,Desktop,PayPal,FALSE,3,TRUE,1,11,Trial,Medium,1
6198,49,Other,Mymensingh,Clothing,923.71,15,Tablet,Bank Transfer,FALSE,8,FALSE,2,10,Premium,Medium,1
6199,52,Male,Rajshahi,Electronics,510.7,22,Mobile,Credit Card,FALSE,5,TRUE,5,4,Free,Low,0
6200,60,Male,Rajshahi,Electronics,253.46,10,Tablet,PayPal,TRUE,5,TRUE,1,11,Trial,Low,0
6201,49,Male,Barisal,Sports,966.56,1,Desktop,Credit Card,FALSE,8,TRUE,5,13,Trial,High,2
6202,50,Female,Dhaka,Books,520.53,12,Tablet,Bank Transfer,FALSE,6,TRUE,5,8,Premium,Medium,1
6203,31,Other,Chittagong,Clothing,460.66,39,Tablet,Credit Card,TRUE,3,TRUE,5,8,Premium,Medium,1
6204,48,Other,Khulna,Groceries,85.33,16,Tablet,Bank Transfer,TRUE,1,FALSE,5,9,Trial,Low,0
6205,20,Female,Dhaka,Home,611.63,36,Desktop,PayPal,TRUE,8,FALSE,4,11,Trial,Medium,1
6206,58,Male,Mymensingh,Home,525.24,48,Mobile,Cash on Delivery,TRUE,7,TRUE,5,9,Trial,High,2
6207,47,Female,Khulna,Electronics,318.49,51,Mobile,Credit Card,TRUE,9,FALSE,2,11,Trial,Low,0
6208,64,Male,Chittagong,Clothing,719.4,18,Tablet,Bank Transfer,FALSE,2,FALSE,2,10,Trial,High,2
6209,42,Other,Rajshahi,Books,337.63,4,Mobile,PayPal,FALSE,9,FALSE,4,12,Free,Low,0
6210,34,Female,Chittagong,Books,633.44,38,Desktop,Cash on Delivery,FALSE,4,FALSE,2,9,Trial,Low,0
6211,61,Other,Mymensingh,Clothing,718.42,5,Mobile,Cash on Delivery,FALSE,5,FALSE,2,10,Premium,Low,0
6212,39,Other,Chittagong,Sports,590.31,5,Tablet,Cash on Delivery,FALSE,3,TRUE,3,10,Premium,Low,0
6213,60,Other,Rangpur,Sports,675.48,14,Mobile,Debit Card,FALSE,2,FALSE,4,1,Premium,Medium,1
6214,52,Male,Sylhet,Books,894.71,33,Mobile,Cash on Delivery,TRUE,8,FALSE,4,12,Premium,Medium,1
6215,62,Other,Khulna,Toys,659.44,24,Mobile,PayPal,TRUE,1,TRUE,3,12,Trial,Medium,1
6216,57,Other,Mymensingh,Home,559.23,22,Mobile,Debit Card,FALSE,1,FALSE,1,8,Premium,Medium,1
6217,32,Other,Rangpur,Clothing,135.08,8,Tablet,Credit Card,FALSE,3,TRUE,2,7,Premium,Medium,1
6218,37,Female,Khulna,Home,788.69,13,Desktop,Credit Card,FALSE,5,TRUE,3,6,Premium,Medium,1
6219,58,Other,Rajshahi,Home,71.92,31,Mobile,Cash on Delivery,TRUE,8,FALSE,3,5,Trial,Medium,1
6220,58,Male,Barisal,Books,44.98,54,Mobile,Credit Card,TRUE,9,FALSE,2,4,Free,Medium,1
6221,20,Female,Mymensingh,Electronics,328.21,31,Mobile,Bank Transfer,FALSE,4,FALSE,4,4,Trial,High,2
6222,68,Female,Rangpur,Home,619.5,18,Mobile,Credit Card,TRUE,6,FALSE,5,4,Free,Low,0
6223,31,Male,Rangpur,Electronics,676.76,44,Mobile,Debit Card,TRUE,6,TRUE,1,12,Premium,Low,0
6224,64,Female,Mymensingh,Groceries,229.34,5,Mobile,Cash on Delivery,FALSE,8,FALSE,3,1,Trial,Medium,1
6225,21,Other,Mymensingh,Books,254.78,36,Desktop,Cash on Delivery,TRUE,4,FALSE,2,1,Premium,Medium,1
6226,60,Other,Chittagong,Clothing,918.87,19,Desktop,Cash on Delivery,TRUE,8,FALSE,5,3,Premium,Low,0
6227,65,Other,Khulna,Beauty,954.05,56,Desktop,Debit Card,TRUE,3,TRUE,2,12,Trial,Low,0
6228,42,Male,Rajshahi,Electronics,15.07,42,Tablet,Debit Card,FALSE,6,TRUE,2,8,Premium,Medium,1
6229,54,Other,Barisal,Toys,268.68,39,Desktop,Credit Card,TRUE,8,TRUE,4,6,Premium,Medium,1
6230,48,Male,Sylhet,Electronics,282.34,2,Desktop,PayPal,TRUE,8,TRUE,2,10,Premium,High,2
6231,38,Male,Rangpur,Beauty,507.72,25,Tablet,Debit Card,FALSE,8,TRUE,5,8,Trial,Low,0
6232,35,Male,Mymensingh,Clothing,618.43,54,Tablet,Bank Transfer,FALSE,6,FALSE,2,4,Trial,Low,0
6233,22,Female,Rajshahi,Clothing,805.31,53,Tablet,Cash on Delivery,FALSE,1,FALSE,1,1,Free,Low,0
6234,45,Male,Sylhet,Beauty,210.07,19,Mobile,Cash on Delivery,TRUE,6,FALSE,3,7,Free,Medium,1
6235,50,Other,Chittagong,Clothing,279.84,58,Desktop,Bank Transfer,TRUE,9,TRUE,4,4,Premium,Medium,1
6236,54,Male,Dhaka,Toys,124.59,5,Tablet,Cash on Delivery,TRUE,2,TRUE,1,9,Trial,High,2
6237,62,Other,Chittagong,Home,475.84,39,Mobile,Cash on Delivery,FALSE,4,TRUE,4,1,Trial,High,2
6238,24,Male,Khulna,Beauty,384,59,Mobile,Bank Transfer,FALSE,4,FALSE,1,2,Free,High,2
6239,47,Other,Sylhet,Toys,787.63,26,Tablet,Cash on Delivery,TRUE,7,FALSE,4,1,Premium,High,2
6240,58,Female,Mymensingh,Groceries,11.46,17,Tablet,Bank Transfer,FALSE,8,TRUE,3,8,Premium,Low,0
6241,24,Other,Sylhet,Books,409.86,8,Mobile,Debit Card,TRUE,5,FALSE,3,4,Free,High,2
6242,63,Other,Mymensingh,Beauty,788.3,16,Desktop,PayPal,FALSE,9,TRUE,1,7,Free,Low,0
6243,48,Female,Rajshahi,Books,103.78,16,Tablet,Debit Card,TRUE,3,FALSE,1,13,Premium,Low,0
6244,64,Other,Chittagong,Toys,589.14,35,Mobile,Credit Card,TRUE,9,FALSE,4,5,Free,Low,0
6245,36,Male,Mymensingh,Toys,478.34,2,Mobile,Debit Card,FALSE,8,TRUE,5,7,Free,High,2
6246,53,Other,Mymensingh,Beauty,191.17,22,Tablet,Cash on Delivery,TRUE,6,FALSE,4,4,Premium,High,2
6247,35,Other,Dhaka,Electronics,434.4,44,Desktop,PayPal,FALSE,9,FALSE,4,3,Trial,Medium,1
6248,38,Female,Khulna,Toys,706.77,6,Mobile,PayPal,FALSE,7,FALSE,2,1,Free,High,2
6249,29,Male,Dhaka,Clothing,939.59,41,Mobile,Cash on Delivery,FALSE,8,FALSE,2,12,Premium,Medium,1
6250,20,Male,Rangpur,Groceries,100.23,53,Mobile,Debit Card,FALSE,5,FALSE,5,4,Trial,High,2
6251,59,Female,Rangpur,Clothing,386.65,55,Mobile,Cash on Delivery,TRUE,6,TRUE,3,2,Free,Medium,1
6252,28,Female,Sylhet,Groceries,727.74,27,Desktop,Cash on Delivery,TRUE,5,FALSE,5,5,Trial,Low,0
6253,42,Female,Rangpur,Home,44.25,21,Tablet,Bank Transfer,TRUE,6,TRUE,4,7,Trial,Medium,1
6254,60,Male,Khulna,Clothing,770.99,30,Desktop,Bank Transfer,TRUE,8,TRUE,2,12,Trial,Low,0
6255,54,Male,Rajshahi,Home,101.81,54,Desktop,Bank Transfer,TRUE,3,FALSE,1,2,Premium,Low,0
6256,57,Other,Chittagong,Sports,410.63,11,Mobile,Debit Card,TRUE,2,FALSE,4,13,Premium,High,2
6257,28,Female,Barisal,Groceries,799.93,36,Mobile,Debit Card,TRUE,7,FALSE,4,4,Free,Low,0
6258,26,Other,Chittagong,Sports,977.22,6,Mobile,Bank Transfer,FALSE,6,TRUE,4,12,Trial,High,2
6259,35,Male,Dhaka,Groceries,587.51,50,Mobile,Credit Card,TRUE,9,FALSE,4,7,Trial,Low,0
6260,40,Male,Rajshahi,Clothing,82.02,9,Mobile,Debit Card,TRUE,3,FALSE,5,13,Premium,Low,0
6261,40,Female,Khulna,Electronics,759,9,Desktop,Bank Transfer,FALSE,3,TRUE,4,11,Trial,High,2
6262,23,Male,Sylhet,Books,720.93,18,Tablet,Credit Card,TRUE,6,TRUE,1,4,Premium,Medium,1
6263,51,Female,Khulna,Books,802.19,58,Tablet,Bank Transfer,FALSE,7,FALSE,4,3,Premium,High,2
6264,31,Other,Barisal,Home,662.63,16,Tablet,Debit Card,FALSE,3,FALSE,2,2,Trial,Medium,1
6265,56,Male,Khulna,Books,419.9,48,Tablet,Credit Card,TRUE,6,TRUE,1,11,Trial,High,2
6266,20,Other,Barisal,Toys,418.7,22,Mobile,Cash on Delivery,TRUE,8,FALSE,2,5,Free,Medium,1
6267,45,Female,Sylhet,Clothing,458.04,6,Mobile,Credit Card,FALSE,2,FALSE,4,9,Premium,Medium,1
6268,51,Male,Chittagong,Clothing,614.38,24,Mobile,Cash on Delivery,TRUE,9,FALSE,1,7,Premium,Medium,1
6269,22,Female,Sylhet,Toys,159.39,28,Mobile,Cash on Delivery,TRUE,4,FALSE,3,2,Premium,Medium,1
6270,62,Other,Chittagong,Sports,864.64,9,Desktop,Bank Transfer,FALSE,5,FALSE,2,1,Free,High,2
6271,40,Female,Dhaka,Sports,565.21,11,Tablet,Credit Card,FALSE,3,FALSE,3,3,Free,High,2
6272,66,Female,Sylhet,Books,743.35,50,Desktop,Debit Card,FALSE,9,TRUE,4,7,Premium,High,2
6273,24,Other,Khulna,Toys,481.57,43,Mobile,Cash on Delivery,FALSE,6,TRUE,5,4,Trial,High,2
6274,35,Other,Khulna,Sports,811.54,29,Mobile,Bank Transfer,TRUE,6,FALSE,4,8,Trial,High,2
6275,29,Male,Rajshahi,Home,509.31,36,Tablet,Credit Card,FALSE,5,FALSE,5,7,Premium,High,2
6276,42,Other,Dhaka,Electronics,443.29,10,Mobile,Credit Card,TRUE,2,FALSE,2,2,Free,High,2
6277,64,Female,Mymensingh,Beauty,945.58,31,Tablet,Debit Card,TRUE,2,FALSE,1,4,Free,High,2
6278,62,Other,Rangpur,Electronics,513.28,34,Mobile,Cash on Delivery,TRUE,2,FALSE,4,4,Free,Low,0
6279,34,Female,Rangpur,Clothing,878.11,47,Desktop,Cash on Delivery,FALSE,4,TRUE,5,3,Free,Low,0
6280,28,Male,Khulna,Books,238.69,36,Tablet,Bank Transfer,TRUE,6,TRUE,1,2,Free,High,2
6281,23,Male,Barisal,Home,430.43,41,Desktop,Debit Card,FALSE,5,FALSE,3,3,Free,High,2
6282,41,Male,Sylhet,Books,929.61,28,Desktop,PayPal,TRUE,9,FALSE,2,10,Trial,Low,0
6283,45,Male,Mymensingh,Clothing,15.9,1,Mobile,Bank Transfer,FALSE,3,TRUE,3,9,Free,Medium,1
6284,26,Female,Sylhet,Clothing,371.12,57,Tablet,PayPal,TRUE,8,TRUE,4,3,Free,High,2
6285,54,Female,Rajshahi,Clothing,643.96,58,Mobile,Debit Card,TRUE,3,FALSE,5,3,Trial,High,2
6286,54,Female,Khulna,Home,694.31,24,Desktop,PayPal,TRUE,2,TRUE,2,9,Trial,High,2
6287,64,Male,Barisal,Sports,833.42,44,Tablet,Credit Card,FALSE,9,FALSE,1,4,Trial,High,2
6288,38,Female,Mymensingh,Groceries,246.23,32,Desktop,Debit Card,FALSE,5,TRUE,1,1,Free,Low,0
6289,35,Male,Rangpur,Home,785.97,47,Mobile,Debit Card,FALSE,3,TRUE,4,10,Trial,High,2
6290,66,Male,Dhaka,Home,598.19,1,Mobile,Debit Card,TRUE,7,FALSE,1,2,Free,Medium,1
6291,56,Other,Khulna,Toys,55.03,1,Tablet,Debit Card,TRUE,9,FALSE,1,7,Free,Medium,1
6292,57,Other,Rangpur,Books,479.33,7,Desktop,PayPal,TRUE,5,FALSE,4,2,Free,Low,0
6293,42,Male,Barisal,Electronics,853.75,17,Tablet,PayPal,TRUE,7,FALSE,4,1,Trial,High,2
6294,30,Female,Khulna,Toys,410.57,23,Desktop,Credit Card,TRUE,5,TRUE,4,11,Trial,Low,0
6295,63,Other,Mymensingh,Home,455.39,58,Mobile,Bank Transfer,FALSE,6,TRUE,5,9,Free,Low,0
6296,61,Other,Khulna,Books,146.7,45,Tablet,Cash on Delivery,TRUE,5,FALSE,5,2,Premium,High,2
6297,21,Other,Rangpur,Electronics,663.32,33,Mobile,PayPal,TRUE,2,FALSE,4,8,Trial,High,2
6298,23,Other,Rangpur,Clothing,445,58,Desktop,Credit Card,FALSE,1,TRUE,3,8,Trial,High,2
6299,22,Other,Rajshahi,Groceries,370.4,20,Tablet,PayPal,TRUE,6,FALSE,4,11,Premium,High,2
6300,62,Other,Chittagong,Toys,939.92,2,Desktop,Credit Card,TRUE,3,FALSE,4,8,Premium,High,2
6301,66,Other,Rangpur,Beauty,485.58,17,Tablet,PayPal,FALSE,2,FALSE,1,4,Trial,High,2
6302,44,Female,Mymensingh,Toys,546.48,33,Mobile,PayPal,TRUE,5,FALSE,2,9,Trial,High,2
6303,20,Female,Rajshahi,Beauty,22.67,13,Desktop,PayPal,FALSE,8,TRUE,4,11,Free,Medium,1
6304,42,Male,Rajshahi,Home,314.21,25,Mobile,Cash on Delivery,TRUE,5,FALSE,1,13,Premium,Medium,1
6305,46,Other,Rangpur,Home,39.66,19,Tablet,Credit Card,FALSE,1,FALSE,1,10,Premium,High,2
6306,18,Male,Sylhet,Electronics,944.95,14,Desktop,Cash on Delivery,FALSE,9,FALSE,2,10,Trial,Low,0
6307,50,Other,Barisal,Books,35.26,18,Mobile,Credit Card,FALSE,8,FALSE,1,2,Free,Medium,1
6308,55,Other,Dhaka,Home,289.49,15,Desktop,Debit Card,TRUE,1,TRUE,2,12,Premium,Medium,1
6309,61,Male,Mymensingh,Electronics,104.91,44,Tablet,Cash on Delivery,FALSE,2,FALSE,1,6,Premium,High,2
6310,60,Other,Rajshahi,Toys,198.52,50,Mobile,Credit Card,FALSE,9,TRUE,4,1,Premium,High,2
6311,41,Female,Rajshahi,Clothing,426.04,10,Desktop,PayPal,FALSE,1,TRUE,2,7,Premium,Medium,1
6312,34,Male,Rangpur,Electronics,575.5,35,Mobile,PayPal,FALSE,3,TRUE,2,6,Premium,High,2
6313,28,Male,Sylhet,Groceries,461.76,23,Tablet,Debit Card,FALSE,8,TRUE,2,5,Free,Medium,1
6314,50,Female,Barisal,Beauty,411.23,51,Tablet,Credit Card,FALSE,3,FALSE,4,6,Trial,High,2
6315,24,Other,Khulna,Clothing,255.71,27,Desktop,PayPal,FALSE,7,FALSE,4,10,Trial,High,2
6316,25,Other,Barisal,Clothing,258.89,35,Desktop,PayPal,TRUE,6,TRUE,4,8,Trial,Low,0
6317,67,Other,Chittagong,Books,535.07,26,Desktop,Credit Card,TRUE,4,FALSE,3,11,Premium,High,2
6318,55,Other,Rajshahi,Electronics,677.98,38,Mobile,PayPal,TRUE,7,TRUE,4,7,Free,Low,0
6319,20,Male,Sylhet,Beauty,106.24,6,Desktop,Debit Card,FALSE,3,TRUE,1,8,Free,High,2
6320,63,Other,Dhaka,Home,535.66,47,Desktop,Credit Card,FALSE,7,TRUE,4,5,Premium,Low,0
6321,33,Other,Rajshahi,Toys,346.9,51,Tablet,Debit Card,FALSE,5,FALSE,5,11,Trial,Low,0
6322,22,Male,Barisal,Clothing,305.77,1,Desktop,Bank Transfer,TRUE,9,TRUE,4,9,Trial,Low,0
6323,44,Male,Mymensingh,Electronics,229.41,1,Desktop,Bank Transfer,TRUE,6,FALSE,3,7,Free,Low,0
6324,31,Female,Rangpur,Electronics,804.94,44,Desktop,Cash on Delivery,TRUE,1,TRUE,5,2,Trial,Medium,1
6325,60,Other,Rangpur,Home,529.97,52,Tablet,Debit Card,TRUE,1,FALSE,5,10,Free,High,2
6326,24,Male,Rangpur,Beauty,127.36,57,Desktop,Debit Card,FALSE,4,FALSE,2,11,Free,High,2
6327,43,Other,Rajshahi,Home,131.21,56,Mobile,Credit Card,TRUE,6,TRUE,3,3,Trial,Medium,1
6328,39,Male,Khulna,Electronics,619.57,39,Desktop,Credit Card,TRUE,1,FALSE,2,3,Premium,High,2
6329,27,Other,Rangpur,Home,581.86,18,Tablet,PayPal,FALSE,9,FALSE,5,6,Free,Medium,1
6330,58,Male,Sylhet,Toys,166.34,46,Mobile,Debit Card,TRUE,5,FALSE,5,3,Trial,High,2
6331,65,Female,Mymensingh,Electronics,46.63,46,Tablet,Bank Transfer,FALSE,8,TRUE,5,11,Trial,Medium,1
6332,59,Male,Chittagong,Sports,481.19,4,Mobile,Cash on Delivery,FALSE,2,TRUE,3,13,Premium,High,2
6333,52,Female,Sylhet,Electronics,407.66,28,Mobile,Credit Card,TRUE,6,FALSE,1,5,Trial,High,2
6334,40,Female,Rangpur,Clothing,910.8,40,Tablet,Credit Card,FALSE,2,FALSE,3,6,Premium,Low,0
6335,30,Male,Khulna,Sports,865.42,1,Mobile,Debit Card,FALSE,4,FALSE,4,11,Trial,Medium,1
6336,62,Female,Chittagong,Electronics,496.67,57,Mobile,Credit Card,FALSE,8,TRUE,3,3,Premium,Low,0
6337,38,Other,Sylhet,Clothing,303.24,36,Mobile,Credit Card,TRUE,4,FALSE,3,8,Free,Low,0
6338,40,Other,Rajshahi,Sports,676.24,2,Mobile,Cash on Delivery,TRUE,1,TRUE,1,2,Premium,High,2
6339,33,Female,Rangpur,Groceries,247.9,41,Mobile,Credit Card,FALSE,5,FALSE,4,6,Premium,Medium,1
6340,45,Female,Rajshahi,Sports,165.82,52,Mobile,Cash on Delivery,FALSE,4,TRUE,1,12,Trial,Medium,1
6341,20,Male,Barisal,Groceries,660.92,24,Mobile,Cash on Delivery,TRUE,3,TRUE,4,5,Premium,Medium,1
6342,43,Female,Dhaka,Home,729.1,14,Desktop,PayPal,FALSE,6,FALSE,2,5,Trial,Medium,1
6343,51,Female,Barisal,Groceries,62.8,39,Mobile,Bank Transfer,TRUE,1,FALSE,1,10,Trial,Medium,1
6344,59,Male,Rangpur,Sports,738.78,54,Mobile,Credit Card,TRUE,1,FALSE,2,7,Free,High,2
6345,43,Other,Rangpur,Beauty,185.77,16,Desktop,PayPal,FALSE,3,TRUE,2,12,Trial,Medium,1
6346,35,Female,Mymensingh,Toys,893.46,6,Mobile,PayPal,FALSE,5,FALSE,1,13,Trial,High,2
6347,51,Other,Chittagong,Groceries,165.96,26,Desktop,Debit Card,FALSE,8,FALSE,3,8,Premium,High,2
6348,38,Male,Rajshahi,Electronics,107.98,40,Tablet,Cash on Delivery,TRUE,2,FALSE,1,1,Trial,Low,0
6349,48,Other,Barisal,Books,672.81,52,Mobile,Credit Card,TRUE,7,TRUE,1,4,Premium,High,2
6350,27,Other,Barisal,Sports,301.59,12,Desktop,Debit Card,TRUE,7,TRUE,2,1,Free,Medium,1
6351,62,Male,Mymensingh,Toys,691.38,45,Tablet,PayPal,FALSE,2,FALSE,1,3,Free,Low,0
6352,54,Female,Rajshahi,Clothing,968.95,36,Mobile,Credit Card,TRUE,3,FALSE,1,13,Trial,Medium,1
6353,59,Other,Rangpur,Books,537.14,21,Desktop,PayPal,TRUE,5,FALSE,4,3,Premium,Low,0
6354,62,Other,Barisal,Beauty,721.04,2,Mobile,Credit Card,FALSE,6,FALSE,3,2,Free,High,2
6355,32,Male,Khulna,Clothing,925.92,55,Tablet,Debit Card,TRUE,3,FALSE,1,1,Premium,Medium,1
6356,51,Other,Chittagong,Books,223.42,43,Desktop,Bank Transfer,TRUE,9,TRUE,4,1,Premium,Medium,1
6357,20,Female,Barisal,Home,645.51,58,Tablet,Bank Transfer,TRUE,2,TRUE,5,11,Trial,High,2
6358,41,Female,Rajshahi,Home,998.06,53,Desktop,Cash on Delivery,TRUE,6,FALSE,1,13,Trial,Medium,1
6359,29,Female,Barisal,Toys,231.35,11,Desktop,Bank Transfer,FALSE,8,FALSE,3,1,Trial,Medium,1
6360,36,Other,Chittagong,Beauty,311.34,56,Desktop,Cash on Delivery,FALSE,3,TRUE,1,4,Trial,High,2
6361,49,Other,Dhaka,Beauty,711.26,1,Mobile,Cash on Delivery,FALSE,5,TRUE,5,12,Trial,High,2
6362,41,Female,Rajshahi,Clothing,105.97,15,Mobile,Cash on Delivery,FALSE,7,FALSE,4,4,Free,High,2
6363,55,Female,Rangpur,Beauty,752.38,39,Desktop,Cash on Delivery,TRUE,2,TRUE,1,4,Trial,Medium,1
6364,26,Male,Rajshahi,Beauty,177.01,38,Mobile,Credit Card,FALSE,9,TRUE,1,4,Trial,Low,0
6365,62,Male,Rajshahi,Groceries,111.48,39,Mobile,Bank Transfer,TRUE,6,FALSE,1,8,Trial,High,2
6366,20,Male,Khulna,Toys,343.4,39,Tablet,Credit Card,FALSE,4,TRUE,4,11,Free,Medium,1
6367,64,Other,Khulna,Home,530.61,25,Desktop,PayPal,TRUE,8,FALSE,5,6,Premium,Low,0
6368,34,Female,Dhaka,Beauty,38.17,4,Tablet,Cash on Delivery,FALSE,1,TRUE,2,8,Trial,High,2
6369,20,Other,Khulna,Sports,672.44,54,Desktop,Credit Card,TRUE,4,TRUE,4,8,Trial,Medium,1
6370,47,Male,Chittagong,Books,101,21,Mobile,Bank Transfer,FALSE,2,TRUE,4,13,Trial,High,2
6371,28,Female,Rajshahi,Clothing,678.27,41,Tablet,Credit Card,TRUE,3,TRUE,4,8,Free,Medium,1
6372,56,Male,Barisal,Toys,521.26,35,Tablet,PayPal,TRUE,7,FALSE,4,5,Premium,High,2
6373,39,Male,Rajshahi,Groceries,637.69,29,Desktop,PayPal,TRUE,9,TRUE,5,10,Trial,High,2
6374,66,Female,Chittagong,Sports,804.25,52,Desktop,Debit Card,TRUE,2,FALSE,4,3,Trial,Medium,1
6375,37,Other,Khulna,Toys,632.93,57,Desktop,Debit Card,TRUE,1,FALSE,2,4,Trial,High,2
6376,53,Female,Dhaka,Books,318.49,29,Tablet,Bank Transfer,FALSE,6,FALSE,1,5,Free,Low,0
6377,43,Female,Rangpur,Sports,443.59,44,Mobile,Bank Transfer,TRUE,5,FALSE,1,2,Free,High,2
6378,69,Other,Barisal,Home,368.81,16,Mobile,Bank Transfer,TRUE,3,FALSE,2,2,Trial,Medium,1
6379,59,Other,Rajshahi,Home,261.05,23,Tablet,PayPal,TRUE,9,FALSE,1,10,Free,Medium,1
6380,62,Female,Dhaka,Toys,101.87,36,Mobile,Credit Card,TRUE,3,TRUE,2,6,Premium,Low,0
6381,56,Female,Rajshahi,Toys,45.71,53,Tablet,Debit Card,FALSE,7,FALSE,4,8,Premium,Low,0
6382,38,Male,Sylhet,Beauty,377.29,49,Mobile,PayPal,FALSE,2,FALSE,1,10,Premium,Low,0
6383,31,Other,Khulna,Clothing,931.52,22,Desktop,Debit Card,TRUE,2,TRUE,4,2,Free,Low,0
6384,51,Other,Rangpur,Beauty,124.18,25,Tablet,Bank Transfer,FALSE,6,FALSE,5,2,Free,High,2
6385,26,Female,Sylhet,Home,708.36,47,Desktop,Cash on Delivery,FALSE,1,TRUE,5,7,Premium,Medium,1
6386,36,Male,Chittagong,Home,986.36,58,Tablet,Bank Transfer,FALSE,7,TRUE,4,13,Free,Low,0
6387,51,Female,Sylhet,Toys,817.45,49,Tablet,Cash on Delivery,FALSE,5,FALSE,5,5,Free,Medium,1
6388,29,Female,Rajshahi,Clothing,279.03,17,Desktop,Debit Card,TRUE,6,FALSE,3,8,Free,High,2
6389,26,Other,Barisal,Books,792.75,16,Desktop,Bank Transfer,FALSE,2,FALSE,4,1,Premium,Medium,1
6390,29,Male,Sylhet,Beauty,350.31,54,Desktop,PayPal,FALSE,8,FALSE,1,8,Free,Medium,1
6391,21,Male,Chittagong,Electronics,477.76,5,Desktop,Debit Card,TRUE,2,FALSE,5,10,Premium,Medium,1
6392,21,Male,Mymensingh,Groceries,329.51,19,Desktop,Bank Transfer,TRUE,1,TRUE,3,1,Premium,Low,0
6393,18,Male,Dhaka,Clothing,702.28,42,Tablet,Cash on Delivery,TRUE,9,TRUE,5,8,Trial,High,2
6394,44,Other,Rajshahi,Clothing,848.97,1,Mobile,Bank Transfer,TRUE,2,FALSE,4,11,Trial,Low,0
6395,31,Male,Barisal,Beauty,402.49,23,Tablet,Cash on Delivery,FALSE,4,FALSE,5,6,Trial,Low,0
6396,23,Male,Mymensingh,Beauty,679.02,23,Mobile,Credit Card,TRUE,9,FALSE,2,8,Trial,Low,0
6397,61,Other,Chittagong,Beauty,579.61,51,Mobile,Bank Transfer,TRUE,3,TRUE,5,11,Premium,Low,0
6398,37,Female,Rangpur,Home,923.35,38,Mobile,PayPal,FALSE,4,TRUE,1,6,Free,Medium,1
6399,38,Female,Chittagong,Groceries,829.22,39,Mobile,Credit Card,TRUE,6,FALSE,1,1,Trial,High,2
6400,36,Female,Sylhet,Electronics,327.57,46,Mobile,Bank Transfer,TRUE,7,FALSE,1,13,Free,Medium,1
6401,45,Male,Khulna,Books,432.96,59,Tablet,Credit Card,FALSE,8,FALSE,4,7,Trial,Medium,1
6402,37,Female,Mymensingh,Toys,577.44,20,Desktop,Bank Transfer,FALSE,2,TRUE,2,4,Trial,Medium,1
6403,46,Female,Dhaka,Sports,153.48,38,Desktop,Debit Card,FALSE,5,FALSE,5,5,Free,Low,0
6404,57,Female,Rajshahi,Books,132.33,17,Tablet,Cash on Delivery,TRUE,1,FALSE,1,9,Premium,Low,0
6405,22,Female,Mymensingh,Electronics,86.41,4,Tablet,Cash on Delivery,TRUE,4,FALSE,5,8,Free,Medium,1
6406,26,Other,Rangpur,Toys,151.85,31,Mobile,Cash on Delivery,FALSE,7,TRUE,3,13,Premium,Low,0
6407,29,Other,Mymensingh,Books,266.74,39,Mobile,PayPal,TRUE,2,FALSE,3,5,Premium,Medium,1
6408,23,Other,Rangpur,Books,521.66,1,Tablet,PayPal,TRUE,6,TRUE,5,13,Free,High,2
6409,65,Other,Dhaka,Sports,602.31,9,Mobile,Cash on Delivery,FALSE,7,FALSE,1,11,Premium,Medium,1
6410,57,Female,Barisal,Sports,869.82,44,Mobile,PayPal,FALSE,8,FALSE,2,5,Premium,Medium,1
6411,62,Male,Khulna,Books,157.21,2,Mobile,Cash on Delivery,TRUE,9,FALSE,3,4,Free,High,2
6412,43,Other,Khulna,Toys,524.18,54,Desktop,Bank Transfer,TRUE,7,TRUE,4,1,Trial,Medium,1
6413,41,Female,Dhaka,Books,914.06,13,Desktop,Cash on Delivery,FALSE,8,FALSE,5,2,Trial,High,2
6414,38,Other,Barisal,Beauty,129.92,38,Mobile,PayPal,FALSE,8,FALSE,5,11,Premium,Low,0
6415,23,Male,Dhaka,Toys,376.36,27,Mobile,Cash on Delivery,FALSE,3,TRUE,3,10,Trial,High,2
6416,33,Female,Barisal,Clothing,863.55,14,Tablet,Bank Transfer,FALSE,3,TRUE,1,6,Trial,Low,0
6417,29,Female,Mymensingh,Sports,121.21,10,Desktop,Bank Transfer,FALSE,8,FALSE,4,5,Trial,Medium,1
6418,31,Male,Chittagong,Beauty,184.68,42,Mobile,Cash on Delivery,TRUE,8,TRUE,1,9,Premium,High,2
6419,50,Male,Rangpur,Clothing,960.42,2,Desktop,Bank Transfer,TRUE,5,TRUE,2,2,Premium,High,2
6420,66,Female,Sylhet,Beauty,167.9,55,Mobile,Bank Transfer,FALSE,8,TRUE,2,1,Premium,Medium,1
6421,34,Other,Khulna,Home,470.51,16,Desktop,Credit Card,FALSE,7,FALSE,2,5,Free,Medium,1
6422,48,Other,Rangpur,Groceries,861.16,8,Tablet,Debit Card,FALSE,8,TRUE,4,12,Premium,Medium,1
6423,44,Male,Dhaka,Sports,729.35,54,Desktop,Cash on Delivery,TRUE,3,FALSE,2,9,Free,Low,0
6424,65,Male,Chittagong,Toys,694.4,39,Mobile,Cash on Delivery,FALSE,8,FALSE,5,2,Free,High,2
6425,51,Other,Khulna,Clothing,479.49,10,Tablet,Debit Card,TRUE,7,TRUE,4,8,Free,Medium,1
6426,58,Other,Khulna,Groceries,493.09,59,Mobile,PayPal,FALSE,9,FALSE,1,3,Premium,Low,0
6427,51,Other,Chittagong,Electronics,125.56,5,Mobile,PayPal,TRUE,6,FALSE,3,1,Free,Low,0
6428,57,Female,Mymensingh,Home,539.06,29,Tablet,Cash on Delivery,TRUE,9,FALSE,5,13,Free,Low,0
6429,65,Male,Dhaka,Beauty,934,5,Mobile,Credit Card,TRUE,2,FALSE,1,3,Trial,High,2
6430,23,Female,Khulna,Electronics,948.65,11,Tablet,Bank Transfer,TRUE,2,TRUE,4,6,Trial,Medium,1
6431,38,Other,Mymensingh,Groceries,692.66,39,Desktop,Credit Card,FALSE,7,TRUE,5,7,Trial,Medium,1
6432,24,Other,Dhaka,Electronics,452.68,54,Mobile,PayPal,FALSE,1,FALSE,4,9,Free,Medium,1
6433,63,Female,Barisal,Sports,334.56,42,Mobile,Cash on Delivery,FALSE,5,FALSE,4,12,Trial,High,2
6434,27,Male,Barisal,Groceries,663.33,51,Tablet,Debit Card,TRUE,2,FALSE,3,6,Free,Medium,1
6435,35,Female,Barisal,Toys,82.11,5,Desktop,Credit Card,FALSE,3,FALSE,3,6,Trial,High,2
6436,59,Male,Rangpur,Home,26.18,19,Desktop,Bank Transfer,FALSE,2,TRUE,5,12,Premium,Medium,1
6437,45,Male,Barisal,Clothing,183.2,6,Tablet,Bank Transfer,TRUE,5,FALSE,1,11,Premium,Low,0
6438,21,Other,Dhaka,Home,345.27,13,Desktop,Credit Card,FALSE,7,TRUE,3,9,Trial,Medium,1
6439,32,Male,Mymensingh,Sports,363.77,57,Tablet,Cash on Delivery,FALSE,4,TRUE,1,11,Trial,High,2
6440,63,Female,Sylhet,Clothing,77.51,40,Tablet,Cash on Delivery,FALSE,5,TRUE,2,7,Trial,High,2
6441,58,Male,Rajshahi,Beauty,667.56,50,Desktop,Cash on Delivery,TRUE,6,FALSE,1,7,Free,High,2
6442,27,Male,Mymensingh,Home,185.3,41,Desktop,Credit Card,FALSE,5,TRUE,4,1,Free,Low,0
6443,28,Male,Dhaka,Sports,476.61,24,Mobile,Credit Card,TRUE,9,FALSE,4,4,Free,Low,0
6444,52,Other,Mymensingh,Groceries,970.77,31,Desktop,Credit Card,FALSE,6,FALSE,3,3,Free,Low,0
6445,23,Male,Sylhet,Clothing,161.15,13,Tablet,Cash on Delivery,TRUE,8,FALSE,1,11,Premium,Medium,1
6446,26,Female,Rangpur,Electronics,648.53,52,Tablet,Bank Transfer,TRUE,6,TRUE,4,2,Trial,Medium,1
6447,31,Female,Barisal,Toys,134.93,34,Desktop,Debit Card,TRUE,6,TRUE,5,1,Free,Low,0
6448,20,Female,Mymensingh,Groceries,124.45,23,Desktop,Debit Card,FALSE,3,FALSE,4,12,Trial,High,2
6449,38,Female,Rajshahi,Home,84.68,1,Desktop,Credit Card,FALSE,1,FALSE,2,9,Free,High,2
6450,18,Female,Khulna,Groceries,35.4,34,Desktop,Bank Transfer,TRUE,5,TRUE,4,13,Trial,High,2
6451,67,Female,Khulna,Sports,595.81,36,Desktop,Cash on Delivery,TRUE,5,FALSE,2,5,Trial,Medium,1
6452,30,Other,Mymensingh,Clothing,551.23,11,Tablet,Credit Card,FALSE,2,TRUE,4,4,Premium,Low,0
6453,48,Other,Dhaka,Groceries,79.51,17,Tablet,Credit Card,TRUE,5,FALSE,4,1,Trial,Medium,1
6454,36,Male,Rajshahi,Groceries,295.73,14,Desktop,PayPal,FALSE,4,TRUE,2,12,Trial,Low,0
6455,46,Male,Rajshahi,Home,626.2,59,Mobile,Bank Transfer,FALSE,4,TRUE,2,12,Trial,Medium,1
6456,29,Female,Rangpur,Home,811.96,49,Mobile,Cash on Delivery,TRUE,2,TRUE,1,10,Premium,Low,0
6457,45,Female,Rangpur,Toys,787.43,45,Tablet,PayPal,TRUE,2,TRUE,3,1,Trial,High,2
6458,26,Female,Khulna,Home,163.01,38,Mobile,Cash on Delivery,FALSE,9,FALSE,1,11,Premium,Low,0
6459,31,Male,Chittagong,Beauty,611.43,46,Mobile,Credit Card,FALSE,2,FALSE,3,3,Free,Medium,1
6460,57,Female,Khulna,Sports,272.94,50,Mobile,PayPal,FALSE,8,TRUE,4,12,Trial,High,2
6461,20,Female,Khulna,Electronics,401.69,3,Desktop,Cash on Delivery,FALSE,1,FALSE,4,7,Premium,High,2
6462,33,Other,Dhaka,Electronics,565.81,56,Mobile,Credit Card,FALSE,8,FALSE,2,12,Trial,Low,0
6463,48,Male,Dhaka,Clothing,834.74,16,Tablet,Debit Card,FALSE,1,FALSE,5,11,Trial,High,2
6464,34,Female,Chittagong,Groceries,889.03,17,Desktop,PayPal,FALSE,5,FALSE,1,2,Trial,High,2
6465,58,Female,Barisal,Beauty,16.48,56,Mobile,Bank Transfer,FALSE,6,FALSE,2,10,Premium,Medium,1
6466,62,Male,Sylhet,Home,822.42,12,Desktop,Debit Card,TRUE,7,TRUE,2,10,Trial,High,2
6467,43,Male,Chittagong,Toys,651.07,27,Mobile,Debit Card,FALSE,3,TRUE,3,8,Premium,Medium,1
6468,39,Other,Khulna,Clothing,435.74,44,Mobile,Bank Transfer,FALSE,6,FALSE,4,12,Trial,Low,0
6469,60,Other,Rajshahi,Toys,674.76,7,Tablet,Bank Transfer,TRUE,9,TRUE,5,4,Free,High,2
6470,56,Male,Rangpur,Books,946.37,33,Desktop,Bank Transfer,TRUE,4,TRUE,1,8,Free,Medium,1
6471,56,Female,Mymensingh,Clothing,53.97,27,Desktop,Bank Transfer,TRUE,4,TRUE,4,13,Free,High,2
6472,50,Male,Mymensingh,Clothing,445.42,29,Tablet,Bank Transfer,TRUE,6,FALSE,5,13,Premium,Low,0
6473,62,Male,Khulna,Groceries,440.18,48,Mobile,Bank Transfer,TRUE,5,TRUE,1,7,Trial,Medium,1
6474,46,Other,Rajshahi,Groceries,315.84,45,Desktop,Credit Card,TRUE,8,FALSE,3,10,Trial,Medium,1
6475,29,Male,Barisal,Home,196.04,28,Tablet,Credit Card,FALSE,7,FALSE,2,2,Premium,Low,0
6476,27,Female,Mymensingh,Electronics,334.35,6,Tablet,Credit Card,FALSE,7,FALSE,4,6,Trial,Low,0
6477,26,Male,Dhaka,Beauty,474.93,50,Tablet,Bank Transfer,FALSE,7,FALSE,4,8,Free,High,2
6478,40,Female,Khulna,Beauty,136.68,6,Tablet,Cash on Delivery,FALSE,5,TRUE,1,13,Free,High,2
6479,32,Male,Khulna,Home,358.37,4,Tablet,PayPal,FALSE,6,TRUE,2,1,Premium,Low,0
6480,56,Female,Dhaka,Beauty,36.9,7,Tablet,Credit Card,TRUE,8,TRUE,1,3,Trial,High,2
6481,32,Male,Rajshahi,Toys,599.51,1,Mobile,Credit Card,TRUE,5,FALSE,5,4,Free,Medium,1
6482,65,Female,Khulna,Groceries,775.31,12,Mobile,Credit Card,FALSE,9,FALSE,3,9,Free,Low,0
6483,20,Female,Mymensingh,Electronics,434.55,29,Tablet,Cash on Delivery,FALSE,6,FALSE,5,2,Premium,Low,0
6484,56,Male,Mymensingh,Clothing,726.39,47,Tablet,Debit Card,TRUE,3,TRUE,5,13,Free,Low,0
6485,30,Female,Rangpur,Clothing,398.68,4,Tablet,Bank Transfer,TRUE,9,FALSE,2,3,Trial,Low,0
6486,52,Male,Rangpur,Sports,62.5,13,Tablet,Debit Card,FALSE,1,TRUE,2,5,Premium,Low,0
6487,58,Other,Mymensingh,Books,792.78,45,Desktop,Cash on Delivery,TRUE,5,FALSE,1,5,Trial,Medium,1
6488,50,Other,Rajshahi,Groceries,206.07,22,Mobile,PayPal,TRUE,2,FALSE,5,5,Trial,High,2
6489,48,Male,Khulna,Books,882.89,31,Mobile,Bank Transfer,FALSE,7,TRUE,1,3,Free,Medium,1
6490,48,Female,Mymensingh,Clothing,685.34,25,Tablet,Cash on Delivery,FALSE,9,FALSE,4,8,Premium,Low,0
6491,63,Male,Mymensingh,Sports,940.93,7,Mobile,Cash on Delivery,TRUE,9,FALSE,4,5,Free,High,2
6492,27,Other,Dhaka,Home,852.8,56,Tablet,Cash on Delivery,TRUE,9,TRUE,3,7,Trial,Medium,1
6493,27,Female,Dhaka,Beauty,871.01,18,Tablet,Cash on Delivery,FALSE,5,FALSE,2,6,Trial,Medium,1
6494,34,Female,Chittagong,Clothing,451.63,27,Tablet,Credit Card,FALSE,4,TRUE,4,7,Free,High,2
6495,65,Female,Barisal,Books,403.68,49,Mobile,PayPal,FALSE,4,FALSE,1,5,Premium,Low,0
6496,24,Male,Dhaka,Electronics,373.1,51,Desktop,Debit Card,FALSE,8,TRUE,1,4,Trial,High,2
6497,42,Female,Rangpur,Groceries,658.04,29,Tablet,Credit Card,TRUE,4,FALSE,2,8,Free,Medium,1
6498,62,Male,Mymensingh,Clothing,375.77,53,Tablet,Debit Card,TRUE,7,FALSE,5,12,Trial,Medium,1
6499,36,Male,Rajshahi,Sports,873.77,13,Desktop,Bank Transfer,FALSE,1,FALSE,1,6,Premium,Medium,1
6500,53,Male,Barisal,Clothing,695.23,23,Mobile,Bank Transfer,FALSE,1,FALSE,5,10,Premium,Medium,1
6501,41,Male,Mymensingh,Groceries,819.57,3,Tablet,Credit Card,FALSE,6,TRUE,1,1,Premium,High,2
6502,67,Male,Rajshahi,Electronics,101.59,55,Tablet,Bank Transfer,FALSE,4,TRUE,5,11,Premium,Low,0
6503,68,Other,Barisal,Home,273.71,40,Desktop,Cash on Delivery,TRUE,9,FALSE,5,7,Free,Low,0
6504,53,Female,Dhaka,Books,219.12,14,Desktop,Bank Transfer,TRUE,1,FALSE,3,1,Trial,Low,0
6505,57,Female,Mymensingh,Beauty,153.94,48,Tablet,Bank Transfer,FALSE,3,FALSE,5,12,Free,Medium,1
6506,33,Female,Barisal,Groceries,805.39,20,Tablet,Cash on Delivery,TRUE,8,TRUE,1,6,Free,High,2
6507,45,Other,Khulna,Clothing,824.24,12,Desktop,Debit Card,FALSE,3,FALSE,1,8,Premium,High,2
6508,20,Female,Khulna,Beauty,381.2,38,Tablet,Debit Card,FALSE,9,TRUE,4,6,Trial,Low,0
6509,63,Other,Khulna,Home,113.56,58,Tablet,Credit Card,FALSE,4,FALSE,2,12,Free,High,2
6510,26,Female,Rajshahi,Toys,699.24,44,Tablet,Debit Card,FALSE,2,TRUE,4,6,Trial,High,2
6511,58,Female,Barisal,Clothing,429.27,20,Tablet,Debit Card,FALSE,6,TRUE,5,1,Free,Medium,1
6512,61,Other,Sylhet,Toys,610.65,40,Desktop,Bank Transfer,FALSE,5,FALSE,1,1,Trial,High,2
6513,27,Other,Rangpur,Books,42.35,34,Desktop,Credit Card,FALSE,2,FALSE,2,10,Free,Low,0
6514,45,Female,Rajshahi,Toys,504.78,27,Tablet,Credit Card,FALSE,8,FALSE,3,1,Trial,Medium,1
6515,57,Male,Barisal,Home,230.74,21,Tablet,Cash on Delivery,TRUE,9,TRUE,2,5,Premium,Medium,1
6516,27,Other,Chittagong,Beauty,308.97,13,Mobile,Cash on Delivery,FALSE,5,TRUE,4,12,Premium,Low,0
6517,22,Female,Dhaka,Home,454.31,31,Desktop,Bank Transfer,FALSE,9,TRUE,4,7,Premium,Low,0
6518,57,Male,Dhaka,Beauty,389.62,25,Tablet,Cash on Delivery,TRUE,8,FALSE,4,4,Free,Medium,1
6519,52,Female,Dhaka,Groceries,465.73,50,Mobile,Credit Card,TRUE,4,TRUE,1,9,Premium,Medium,1
6520,68,Other,Rangpur,Electronics,255.47,43,Desktop,PayPal,FALSE,6,TRUE,2,12,Trial,Medium,1
6521,21,Male,Mymensingh,Books,175.39,40,Tablet,Debit Card,FALSE,3,FALSE,2,6,Trial,Low,0
6522,45,Female,Khulna,Toys,504.97,36,Desktop,Credit Card,TRUE,7,TRUE,1,13,Free,Medium,1
6523,24,Female,Barisal,Home,253.32,21,Desktop,PayPal,TRUE,1,FALSE,4,1,Premium,Low,0
6524,44,Female,Mymensingh,Books,796.99,36,Desktop,Credit Card,TRUE,3,FALSE,5,4,Trial,High,2
6525,29,Female,Mymensingh,Toys,342.09,10,Tablet,Debit Card,TRUE,5,FALSE,5,8,Premium,Low,0
6526,37,Other,Dhaka,Clothing,888.28,30,Tablet,PayPal,TRUE,9,TRUE,5,2,Trial,Low,0
6527,41,Male,Rajshahi,Beauty,567.7,58,Tablet,Bank Transfer,FALSE,2,TRUE,2,11,Free,High,2
6528,50,Female,Mymensingh,Books,341.93,9,Desktop,PayPal,TRUE,1,TRUE,5,4,Trial,Medium,1
6529,24,Male,Barisal,Beauty,30.85,18,Mobile,Cash on Delivery,TRUE,2,TRUE,3,7,Trial,Low,0
6530,34,Female,Barisal,Clothing,754.42,25,Tablet,Cash on Delivery,FALSE,1,FALSE,3,2,Premium,Low,0
6531,68,Female,Rajshahi,Electronics,651.72,10,Mobile,Bank Transfer,TRUE,4,TRUE,4,11,Premium,Medium,1
6532,26,Other,Khulna,Books,629.77,27,Mobile,Credit Card,TRUE,8,FALSE,4,10,Free,Low,0
6533,29,Male,Barisal,Beauty,792.43,17,Mobile,Credit Card,FALSE,1,FALSE,3,7,Free,Medium,1
6534,66,Female,Rangpur,Electronics,457.9,30,Tablet,Credit Card,TRUE,6,TRUE,1,5,Free,Low,0
6535,32,Other,Khulna,Books,999.8,3,Tablet,Credit Card,FALSE,4,TRUE,1,12,Trial,Low,0
6536,56,Other,Khulna,Books,525.56,50,Mobile,PayPal,FALSE,4,TRUE,1,4,Premium,Medium,1
6537,22,Female,Barisal,Sports,244.01,26,Mobile,Bank Transfer,TRUE,4,FALSE,4,6,Free,Low,0
6538,53,Female,Barisal,Home,561.46,6,Desktop,Bank Transfer,TRUE,5,TRUE,3,11,Trial,Low,0
6539,29,Other,Dhaka,Beauty,207.32,51,Desktop,Cash on Delivery,TRUE,3,TRUE,2,6,Trial,Medium,1
6540,47,Other,Barisal,Toys,521.38,26,Mobile,Debit Card,FALSE,6,TRUE,4,2,Free,Low,0
6541,48,Female,Rangpur,Beauty,492.77,50,Desktop,Debit Card,FALSE,4,TRUE,4,5,Premium,Low,0
6542,35,Female,Barisal,Toys,772.78,7,Mobile,Debit Card,TRUE,9,TRUE,4,3,Trial,Medium,1
6543,59,Other,Barisal,Clothing,716.26,12,Desktop,Credit Card,FALSE,5,TRUE,5,9,Trial,High,2
6544,60,Other,Dhaka,Groceries,890.03,20,Mobile,PayPal,TRUE,8,TRUE,1,1,Premium,Medium,1
6545,58,Female,Sylhet,Books,219.81,12,Tablet,Debit Card,FALSE,1,TRUE,4,12,Free,Medium,1
6546,24,Female,Sylhet,Electronics,687.94,44,Tablet,Cash on Delivery,TRUE,7,FALSE,3,8,Trial,Medium,1
6547,35,Female,Sylhet,Home,962.03,32,Mobile,Bank Transfer,TRUE,2,TRUE,3,10,Premium,High,2
6548,31,Other,Dhaka,Books,492.27,3,Desktop,Cash on Delivery,TRUE,5,TRUE,2,4,Trial,High,2
6549,35,Male,Barisal,Toys,200.67,7,Desktop,Bank Transfer,TRUE,3,TRUE,4,9,Free,High,2
6550,30,Male,Rangpur,Clothing,944.98,19,Mobile,Debit Card,TRUE,8,FALSE,4,4,Free,Low,0
6551,59,Male,Mymensingh,Clothing,509.58,9,Tablet,PayPal,TRUE,1,TRUE,2,7,Trial,High,2
6552,62,Other,Khulna,Home,302.84,38,Tablet,Bank Transfer,FALSE,1,FALSE,2,7,Free,High,2
6553,24,Other,Chittagong,Toys,824.34,28,Mobile,Cash on Delivery,FALSE,7,FALSE,4,5,Trial,Low,0
6554,27,Other,Rangpur,Books,160.2,10,Desktop,Debit Card,FALSE,4,TRUE,3,2,Trial,Low,0
6555,21,Male,Chittagong,Books,717.8,10,Desktop,Cash on Delivery,FALSE,9,TRUE,1,11,Free,High,2
6556,69,Female,Rajshahi,Home,185.49,34,Desktop,Credit Card,FALSE,1,TRUE,3,3,Trial,High,2
6557,49,Other,Dhaka,Home,760.16,52,Desktop,Debit Card,FALSE,5,TRUE,4,2,Free,Medium,1
6558,24,Female,Rangpur,Toys,764.78,4,Desktop,Debit Card,TRUE,7,FALSE,1,10,Trial,Low,0
6559,31,Male,Sylhet,Toys,924.23,53,Desktop,PayPal,TRUE,1,FALSE,3,6,Free,Low,0
6560,38,Female,Rajshahi,Groceries,156.52,45,Mobile,Credit Card,FALSE,6,FALSE,4,13,Premium,Medium,1
6561,31,Female,Chittagong,Beauty,238.11,14,Desktop,Cash on Delivery,FALSE,9,FALSE,4,4,Free,High,2
6562,69,Female,Chittagong,Clothing,115.88,3,Tablet,Bank Transfer,TRUE,7,TRUE,3,11,Trial,Low,0
6563,48,Other,Barisal,Clothing,868.58,36,Tablet,PayPal,TRUE,4,FALSE,2,3,Free,Medium,1
6564,32,Male,Khulna,Beauty,974.4,16,Desktop,Cash on Delivery,FALSE,9,FALSE,1,3,Premium,Low,0
6565,45,Other,Khulna,Books,685.24,34,Desktop,Bank Transfer,FALSE,2,TRUE,5,6,Free,High,2
6566,32,Other,Rajshahi,Home,559.65,26,Mobile,PayPal,TRUE,4,TRUE,2,3,Premium,Medium,1
6567,64,Male,Rangpur,Groceries,259.72,47,Mobile,Cash on Delivery,FALSE,3,TRUE,1,13,Trial,High,2
6568,18,Male,Rangpur,Electronics,42.73,45,Mobile,Credit Card,FALSE,1,FALSE,2,8,Premium,High,2
6569,33,Male,Khulna,Home,841.8,43,Tablet,Cash on Delivery,FALSE,1,FALSE,1,6,Free,Low,0
6570,21,Female,Chittagong,Sports,153.19,2,Mobile,Cash on Delivery,FALSE,1,FALSE,1,2,Premium,Low,0
6571,25,Female,Rangpur,Electronics,511.72,27,Mobile,Bank Transfer,TRUE,4,FALSE,2,8,Premium,Low,0
6572,29,Female,Sylhet,Toys,357.21,43,Mobile,Bank Transfer,FALSE,1,TRUE,1,9,Free,Low,0
6573,49,Other,Rangpur,Clothing,462.67,25,Mobile,Credit Card,FALSE,3,TRUE,5,1,Free,Low,0
6574,35,Male,Barisal,Toys,256.63,46,Tablet,Debit Card,FALSE,3,TRUE,1,6,Free,High,2
6575,65,Other,Rajshahi,Home,864.55,13,Mobile,Debit Card,FALSE,2,FALSE,4,7,Free,Low,0
6576,22,Male,Sylhet,Groceries,152.09,2,Desktop,Bank Transfer,FALSE,1,TRUE,3,1,Free,Medium,1
6577,59,Male,Chittagong,Beauty,193.45,21,Mobile,Bank Transfer,TRUE,1,TRUE,3,9,Free,Low,0
6578,41,Female,Dhaka,Sports,47.68,16,Mobile,Cash on Delivery,TRUE,9,FALSE,1,5,Free,Medium,1
6579,26,Male,Khulna,Clothing,212.22,59,Mobile,Cash on Delivery,TRUE,3,TRUE,1,4,Trial,Low,0
6580,50,Female,Barisal,Beauty,346.3,44,Mobile,PayPal,TRUE,6,FALSE,2,13,Free,High,2
6581,39,Female,Mymensingh,Groceries,515.57,8,Desktop,Bank Transfer,FALSE,3,TRUE,1,1,Free,High,2
6582,66,Male,Mymensingh,Sports,425.88,46,Desktop,Bank Transfer,TRUE,2,FALSE,5,8,Premium,Medium,1
6583,40,Other,Barisal,Sports,622.83,10,Tablet,PayPal,TRUE,6,TRUE,2,9,Free,Medium,1
6584,23,Male,Rajshahi,Beauty,183.38,26,Desktop,PayPal,FALSE,9,FALSE,5,4,Free,Low,0
6585,22,Male,Sylhet,Toys,805.55,11,Mobile,Cash on Delivery,TRUE,4,TRUE,1,6,Trial,Low,0
6586,47,Female,Barisal,Clothing,259.47,25,Mobile,PayPal,FALSE,4,FALSE,2,9,Free,Low,0
6587,35,Female,Khulna,Groceries,105.55,6,Tablet,Credit Card,TRUE,9,FALSE,4,1,Free,Low,0
6588,55,Female,Mymensingh,Home,184.81,9,Desktop,Bank Transfer,TRUE,7,FALSE,2,11,Trial,Medium,1
6589,34,Female,Rangpur,Books,733.97,57,Mobile,Bank Transfer,TRUE,2,FALSE,3,2,Free,Medium,1
6590,24,Other,Khulna,Toys,339.9,49,Tablet,Cash on Delivery,FALSE,7,FALSE,2,3,Trial,Medium,1
6591,37,Male,Rajshahi,Electronics,721.14,31,Tablet,Debit Card,FALSE,3,FALSE,3,1,Premium,Low,0
6592,64,Other,Barisal,Groceries,144.74,19,Tablet,Bank Transfer,TRUE,3,TRUE,2,6,Trial,Medium,1
6593,64,Female,Rangpur,Clothing,72.61,2,Mobile,PayPal,FALSE,1,FALSE,1,7,Premium,Low,0
6594,58,Male,Khulna,Toys,507.8,20,Mobile,PayPal,TRUE,8,TRUE,2,3,Free,High,2
6595,49,Other,Barisal,Beauty,860.64,26,Tablet,Bank Transfer,TRUE,8,FALSE,5,6,Premium,High,2
6596,63,Male,Chittagong,Clothing,746.92,30,Tablet,Bank Transfer,FALSE,2,TRUE,5,4,Premium,High,2
6597,60,Female,Rangpur,Books,501.9,13,Mobile,Credit Card,TRUE,3,TRUE,2,4,Trial,High,2
6598,44,Male,Dhaka,Electronics,233.21,7,Desktop,Debit Card,TRUE,8,FALSE,4,7,Free,High,2
6599,64,Other,Dhaka,Clothing,256.05,4,Mobile,Debit Card,TRUE,4,FALSE,5,6,Premium,High,2
6600,23,Male,Dhaka,Electronics,66.19,19,Desktop,PayPal,FALSE,5,TRUE,4,3,Free,Low,0
6601,37,Other,Dhaka,Books,792.8,56,Desktop,PayPal,TRUE,7,TRUE,2,8,Trial,Medium,1
6602,44,Other,Chittagong,Beauty,388.86,50,Mobile,Credit Card,TRUE,9,TRUE,5,12,Trial,Medium,1
6603,29,Other,Barisal,Books,544.63,51,Desktop,PayPal,TRUE,4,FALSE,5,6,Premium,Medium,1
6604,46,Male,Sylhet,Electronics,219.06,20,Mobile,Credit Card,FALSE,3,TRUE,5,4,Premium,Medium,1
6605,39,Other,Rangpur,Electronics,703.6,30,Tablet,Bank Transfer,FALSE,8,TRUE,3,1,Trial,High,2
6606,47,Male,Rajshahi,Toys,446.71,2,Mobile,Bank Transfer,TRUE,1,FALSE,1,7,Trial,Medium,1
6607,30,Other,Dhaka,Books,812.01,6,Mobile,PayPal,FALSE,8,FALSE,5,6,Trial,Medium,1
6608,57,Other,Dhaka,Home,865.8,23,Mobile,PayPal,TRUE,3,FALSE,3,11,Free,Low,0
6609,31,Female,Sylhet,Beauty,480.95,52,Mobile,Cash on Delivery,FALSE,6,TRUE,5,2,Premium,High,2
6610,54,Male,Chittagong,Home,738.84,5,Tablet,Credit Card,FALSE,4,TRUE,1,7,Premium,High,2
6611,68,Male,Mymensingh,Clothing,246.41,4,Mobile,Debit Card,FALSE,5,FALSE,5,1,Free,Medium,1
6612,43,Other,Dhaka,Electronics,12.14,13,Desktop,Cash on Delivery,TRUE,6,FALSE,4,1,Free,Low,0
6613,58,Male,Rangpur,Clothing,838.01,14,Desktop,PayPal,TRUE,4,TRUE,2,2,Free,High,2
6614,53,Female,Chittagong,Groceries,244.04,59,Mobile,Bank Transfer,FALSE,2,TRUE,2,3,Free,Medium,1
6615,67,Other,Rajshahi,Beauty,266.45,29,Tablet,Credit Card,FALSE,3,FALSE,1,5,Premium,Low,0
6616,68,Female,Dhaka,Beauty,864.22,57,Tablet,PayPal,FALSE,6,FALSE,2,6,Free,Medium,1
6617,32,Other,Dhaka,Electronics,261.7,38,Tablet,Debit Card,TRUE,9,TRUE,3,10,Premium,Medium,1
6618,63,Other,Mymensingh,Groceries,330.04,49,Mobile,Credit Card,FALSE,2,TRUE,2,4,Trial,High,2
6619,29,Male,Sylhet,Groceries,415.86,50,Desktop,Cash on Delivery,FALSE,4,FALSE,1,2,Trial,Medium,1
6620,36,Other,Sylhet,Groceries,633.89,30,Desktop,Credit Card,FALSE,9,TRUE,1,10,Trial,Low,0
6621,43,Female,Barisal,Home,145.93,4,Mobile,Cash on Delivery,FALSE,3,FALSE,2,8,Trial,Medium,1
6622,61,Male,Rajshahi,Books,654.06,18,Tablet,Cash on Delivery,TRUE,3,TRUE,3,2,Trial,Medium,1
6623,62,Male,Mymensingh,Electronics,203.06,52,Desktop,Debit Card,TRUE,4,FALSE,4,9,Premium,Medium,1
6624,27,Other,Barisal,Books,387.74,14,Tablet,PayPal,TRUE,6,TRUE,3,9,Premium,High,2
6625,69,Other,Sylhet,Toys,560.83,51,Mobile,Debit Card,TRUE,2,TRUE,5,9,Trial,High,2
6626,64,Female,Barisal,Beauty,475.64,27,Desktop,Cash on Delivery,FALSE,5,TRUE,5,9,Premium,Medium,1
6627,56,Male,Rangpur,Sports,736.89,12,Tablet,Credit Card,FALSE,2,TRUE,3,12,Premium,Low,0
6628,27,Female,Sylhet,Toys,396.73,13,Tablet,Credit Card,TRUE,3,FALSE,4,3,Free,Low,0
6629,59,Other,Mymensingh,Toys,885.43,11,Desktop,Cash on Delivery,FALSE,6,FALSE,1,12,Premium,Low,0
6630,22,Other,Sylhet,Electronics,159.41,48,Mobile,Bank Transfer,FALSE,9,FALSE,1,2,Free,High,2
6631,49,Male,Khulna,Books,808.87,26,Mobile,Debit Card,FALSE,9,FALSE,4,3,Trial,Medium,1
6632,40,Female,Chittagong,Electronics,824.61,52,Tablet,Credit Card,FALSE,3,TRUE,2,12,Trial,Low,0
6633,21,Female,Chittagong,Electronics,962.91,23,Tablet,Cash on Delivery,FALSE,4,FALSE,4,1,Trial,Medium,1
6634,54,Other,Rajshahi,Toys,542.04,21,Desktop,PayPal,FALSE,2,TRUE,5,8,Premium,High,2
6635,53,Male,Mymensingh,Beauty,551.67,27,Tablet,Cash on Delivery,FALSE,6,TRUE,1,13,Premium,Low,0
6636,34,Other,Dhaka,Home,350.37,50,Mobile,Credit Card,FALSE,5,TRUE,4,2,Premium,Low,0
6637,34,Other,Chittagong,Sports,671.24,56,Tablet,Credit Card,TRUE,5,FALSE,1,9,Premium,Low,0
6638,27,Other,Rangpur,Home,361.5,5,Desktop,Cash on Delivery,TRUE,3,FALSE,5,10,Trial,High,2
6639,56,Female,Mymensingh,Beauty,513.16,1,Mobile,Bank Transfer,FALSE,4,FALSE,5,13,Free,Medium,1
6640,26,Female,Rajshahi,Beauty,873.77,49,Desktop,PayPal,TRUE,2,TRUE,1,4,Premium,Medium,1
6641,42,Other,Chittagong,Groceries,752.18,17,Desktop,PayPal,TRUE,2,FALSE,5,6,Free,Low,0
6642,34,Male,Sylhet,Electronics,196.16,14,Tablet,Debit Card,FALSE,6,FALSE,5,2,Free,Medium,1
6643,51,Other,Mymensingh,Home,364.62,22,Tablet,PayPal,FALSE,8,FALSE,1,12,Free,High,2
6644,66,Male,Sylhet,Beauty,37.29,39,Desktop,PayPal,FALSE,7,TRUE,3,6,Trial,High,2
6645,26,Female,Sylhet,Home,69.23,54,Desktop,Bank Transfer,TRUE,2,TRUE,4,9,Free,Medium,1
6646,45,Male,Sylhet,Sports,540.52,46,Desktop,Credit Card,FALSE,4,FALSE,2,2,Free,High,2
6647,49,Male,Barisal,Books,180.06,44,Desktop,Cash on Delivery,FALSE,7,FALSE,1,2,Premium,Medium,1
6648,66,Male,Mymensingh,Clothing,942.84,14,Tablet,Cash on Delivery,TRUE,5,TRUE,2,12,Trial,Low,0
6649,34,Other,Mymensingh,Home,516.47,30,Tablet,Cash on Delivery,FALSE,3,FALSE,3,13,Trial,Low,0
6650,30,Female,Mymensingh,Clothing,587.5,46,Desktop,Bank Transfer,FALSE,6,FALSE,1,13,Trial,Medium,1
6651,30,Female,Mymensingh,Groceries,378.27,8,Mobile,Credit Card,FALSE,5,FALSE,5,6,Premium,Medium,1
6652,33,Male,Rangpur,Clothing,781.51,50,Mobile,Debit Card,TRUE,6,FALSE,5,13,Trial,Medium,1
6653,41,Male,Rangpur,Beauty,394.48,13,Mobile,PayPal,FALSE,5,FALSE,4,10,Premium,Low,0
6654,54,Female,Barisal,Beauty,51.09,41,Mobile,Bank Transfer,TRUE,1,TRUE,3,4,Premium,Low,0
6655,62,Male,Dhaka,Clothing,502.53,9,Tablet,PayPal,FALSE,5,FALSE,1,5,Free,Medium,1
6656,33,Female,Chittagong,Clothing,96.78,20,Desktop,PayPal,TRUE,4,TRUE,4,8,Trial,Low,0
6657,51,Female,Khulna,Sports,868.79,16,Desktop,Cash on Delivery,FALSE,9,TRUE,5,2,Premium,Low,0
6658,62,Other,Mymensingh,Clothing,303.07,5,Desktop,Debit Card,FALSE,9,TRUE,5,10,Premium,High,2
6659,30,Male,Rajshahi,Clothing,151.6,2,Tablet,Credit Card,FALSE,7,FALSE,5,11,Trial,High,2
6660,31,Female,Rajshahi,Books,611.49,14,Mobile,Bank Transfer,TRUE,2,TRUE,5,11,Trial,Low,0
6661,48,Male,Barisal,Beauty,699.48,55,Mobile,Credit Card,FALSE,8,TRUE,5,8,Trial,High,2
6662,63,Other,Sylhet,Electronics,34.52,20,Desktop,Debit Card,FALSE,5,FALSE,4,10,Premium,Low,0
6663,67,Other,Mymensingh,Toys,931.05,15,Tablet,PayPal,FALSE,9,FALSE,5,4,Premium,High,2
6664,51,Male,Khulna,Clothing,629.62,26,Tablet,Credit Card,TRUE,7,TRUE,5,12,Trial,High,2
6665,40,Female,Rajshahi,Sports,267.04,24,Mobile,Bank Transfer,FALSE,9,TRUE,2,4,Premium,High,2
6666,35,Other,Dhaka,Groceries,167.64,24,Desktop,Cash on Delivery,FALSE,9,FALSE,3,10,Free,Low,0
6667,64,Female,Chittagong,Books,329.34,2,Tablet,Credit Card,TRUE,4,TRUE,1,8,Premium,Low,0
6668,20,Female,Chittagong,Toys,299.53,41,Mobile,Credit Card,TRUE,5,FALSE,3,8,Premium,Low,0
6669,48,Female,Rangpur,Books,557.68,56,Tablet,Credit Card,TRUE,3,TRUE,4,1,Free,High,2
6670,29,Other,Rajshahi,Electronics,608.64,22,Tablet,PayPal,FALSE,1,TRUE,3,3,Trial,High,2
6671,63,Other,Rangpur,Electronics,434.31,52,Mobile,Debit Card,TRUE,2,TRUE,4,13,Trial,Low,0
6672,56,Other,Mymensingh,Clothing,794.8,44,Mobile,PayPal,FALSE,4,FALSE,2,9,Trial,Low,0
6673,25,Other,Chittagong,Sports,481.62,39,Desktop,Bank Transfer,FALSE,5,FALSE,3,7,Free,High,2
6674,48,Male,Barisal,Electronics,771.3,43,Mobile,PayPal,FALSE,4,FALSE,3,6,Trial,Medium,1
6675,51,Male,Chittagong,Beauty,311,13,Desktop,Credit Card,FALSE,9,TRUE,1,2,Trial,Low,0
6676,48,Other,Mymensingh,Clothing,128.95,55,Mobile,Bank Transfer,TRUE,6,TRUE,4,12,Trial,Low,0
6677,35,Male,Dhaka,Toys,538.85,57,Mobile,Debit Card,TRUE,8,FALSE,2,6,Trial,High,2
6678,55,Other,Khulna,Toys,651.59,14,Desktop,Debit Card,FALSE,4,FALSE,2,1,Premium,Medium,1
6679,60,Female,Barisal,Books,721.79,51,Mobile,Bank Transfer,FALSE,2,TRUE,4,11,Trial,Low,0
6680,32,Female,Rajshahi,Sports,897.57,51,Desktop,Bank Transfer,TRUE,6,TRUE,3,9,Premium,High,2
6681,53,Other,Mymensingh,Beauty,460.85,4,Desktop,Debit Card,FALSE,5,TRUE,3,12,Free,Medium,1
6682,19,Other,Sylhet,Home,950.4,58,Mobile,Credit Card,TRUE,1,FALSE,4,7,Free,Medium,1
6683,66,Male,Rangpur,Electronics,545.77,51,Desktop,PayPal,TRUE,3,TRUE,4,5,Trial,Medium,1
6684,67,Other,Mymensingh,Books,103.58,23,Desktop,Debit Card,TRUE,2,FALSE,2,2,Premium,Low,0
6685,19,Female,Rajshahi,Beauty,620.35,59,Mobile,Credit Card,TRUE,5,FALSE,4,11,Trial,Low,0
6686,44,Other,Dhaka,Clothing,634.57,17,Mobile,Credit Card,FALSE,8,TRUE,1,7,Premium,Medium,1
6687,44,Male,Barisal,Home,234.25,23,Desktop,Credit Card,FALSE,2,TRUE,5,1,Free,High,2
6688,33,Other,Khulna,Beauty,5.34,30,Tablet,Debit Card,FALSE,7,TRUE,2,2,Premium,High,2
6689,54,Other,Dhaka,Sports,722.86,35,Desktop,PayPal,FALSE,4,FALSE,4,2,Trial,High,2
6690,35,Female,Dhaka,Clothing,715.36,52,Mobile,Debit Card,TRUE,8,TRUE,3,8,Free,Medium,1
6691,63,Other,Dhaka,Books,489.45,19,Tablet,Credit Card,TRUE,8,TRUE,2,5,Premium,High,2
6692,67,Male,Barisal,Electronics,409.65,58,Tablet,PayPal,TRUE,8,TRUE,5,5,Premium,High,2
6693,37,Other,Chittagong,Beauty,247.95,43,Desktop,PayPal,FALSE,9,TRUE,4,12,Trial,Medium,1
6694,24,Female,Sylhet,Sports,436.9,1,Mobile,Cash on Delivery,FALSE,4,TRUE,2,5,Premium,Low,0
6695,56,Other,Mymensingh,Toys,978.12,54,Tablet,Cash on Delivery,FALSE,9,FALSE,3,9,Free,Low,0
6696,31,Male,Rangpur,Groceries,785.21,27,Mobile,Bank Transfer,TRUE,9,FALSE,3,12,Trial,High,2
6697,53,Other,Khulna,Sports,610.13,5,Mobile,Cash on Delivery,FALSE,7,TRUE,4,6,Free,High,2
6698,48,Male,Rangpur,Beauty,343.24,10,Tablet,Cash on Delivery,TRUE,9,FALSE,2,10,Premium,High,2
6699,22,Other,Khulna,Home,168.86,4,Desktop,Cash on Delivery,FALSE,9,TRUE,4,7,Free,High,2
6700,46,Male,Chittagong,Groceries,303.43,12,Desktop,PayPal,TRUE,5,TRUE,2,5,Premium,Low,0
6701,48,Other,Sylhet,Electronics,510.4,6,Mobile,Bank Transfer,FALSE,5,FALSE,1,11,Trial,Low,0
6702,68,Female,Dhaka,Electronics,235.29,43,Desktop,Debit Card,TRUE,9,TRUE,4,4,Free,High,2
6703,32,Female,Barisal,Books,765.79,12,Tablet,Debit Card,FALSE,2,TRUE,2,6,Free,Medium,1
6704,57,Female,Mymensingh,Home,542.86,26,Desktop,Debit Card,TRUE,2,FALSE,5,8,Trial,High,2
6705,48,Female,Khulna,Sports,951.46,52,Desktop,Cash on Delivery,FALSE,8,FALSE,3,5,Free,High,2
6706,53,Female,Mymensingh,Toys,559.6,44,Mobile,Bank Transfer,TRUE,8,TRUE,4,11,Free,High,2
6707,39,Other,Khulna,Beauty,399,31,Tablet,Credit Card,FALSE,1,TRUE,2,4,Free,High,2
6708,63,Other,Rajshahi,Groceries,749.92,43,Tablet,Debit Card,FALSE,6,FALSE,2,3,Trial,High,2
6709,34,Female,Rajshahi,Groceries,180.76,55,Desktop,Debit Card,FALSE,2,FALSE,5,8,Free,Medium,1
6710,61,Male,Rajshahi,Home,588.39,9,Mobile,PayPal,FALSE,5,FALSE,1,3,Trial,High,2
6711,30,Other,Rajshahi,Clothing,833.84,21,Desktop,Debit Card,TRUE,2,TRUE,1,6,Premium,Low,0
6712,63,Female,Khulna,Books,524.83,37,Mobile,Bank Transfer,FALSE,1,TRUE,4,11,Premium,High,2
6713,40,Female,Chittagong,Beauty,449.31,17,Desktop,Cash on Delivery,FALSE,5,TRUE,4,2,Trial,High,2
6714,45,Male,Sylhet,Beauty,32.94,25,Mobile,Bank Transfer,TRUE,7,FALSE,4,9,Free,High,2
6715,62,Female,Khulna,Books,411.61,34,Tablet,Bank Transfer,TRUE,8,FALSE,4,12,Free,High,2
6716,29,Other,Rajshahi,Sports,636.7,58,Tablet,Credit Card,FALSE,3,FALSE,1,9,Premium,High,2
6717,61,Male,Dhaka,Clothing,268.94,23,Mobile,Cash on Delivery,TRUE,6,TRUE,5,13,Free,Medium,1
6718,58,Female,Rajshahi,Groceries,263.45,12,Desktop,Credit Card,TRUE,4,FALSE,3,12,Premium,Medium,1
6719,63,Other,Khulna,Toys,88.78,15,Desktop,Credit Card,TRUE,1,FALSE,2,5,Premium,Medium,1
6720,32,Female,Sylhet,Electronics,311.21,46,Desktop,Debit Card,FALSE,4,TRUE,5,10,Free,Low,0
6721,63,Female,Dhaka,Electronics,109.02,54,Mobile,PayPal,TRUE,3,FALSE,4,2,Trial,Medium,1
6722,30,Male,Mymensingh,Clothing,324.71,53,Desktop,Credit Card,FALSE,6,FALSE,3,7,Free,High,2
6723,34,Other,Rangpur,Beauty,600.8,33,Mobile,Bank Transfer,TRUE,4,TRUE,3,10,Free,Low,0
6724,56,Male,Chittagong,Clothing,882.17,39,Tablet,Bank Transfer,FALSE,1,TRUE,2,6,Free,Low,0
6725,20,Male,Mymensingh,Home,362.1,5,Desktop,PayPal,TRUE,5,TRUE,1,13,Trial,High,2
6726,41,Other,Dhaka,Groceries,999.86,46,Desktop,Credit Card,TRUE,7,FALSE,5,6,Trial,Medium,1
6727,55,Other,Khulna,Toys,780.61,22,Tablet,Cash on Delivery,FALSE,3,TRUE,4,11,Free,Medium,1
6728,54,Other,Dhaka,Home,681.76,50,Mobile,PayPal,FALSE,1,FALSE,4,4,Trial,Low,0
6729,50,Male,Mymensingh,Toys,507.63,19,Desktop,Debit Card,TRUE,5,TRUE,4,7,Trial,Medium,1
6730,45,Other,Dhaka,Home,614.83,25,Desktop,PayPal,FALSE,6,FALSE,4,6,Trial,High,2
6731,65,Female,Mymensingh,Groceries,365.67,47,Tablet,Credit Card,TRUE,1,FALSE,1,1,Free,Medium,1
6732,68,Female,Chittagong,Beauty,400.25,12,Desktop,Debit Card,TRUE,5,FALSE,4,12,Premium,High,2
6733,29,Male,Dhaka,Electronics,849.09,33,Desktop,Credit Card,FALSE,2,FALSE,2,13,Free,Low,0
6734,29,Female,Dhaka,Sports,697.28,55,Tablet,PayPal,TRUE,8,FALSE,3,3,Free,Low,0
6735,41,Female,Rangpur,Toys,646.17,53,Desktop,Debit Card,TRUE,1,TRUE,4,1,Premium,Medium,1
6736,52,Female,Rajshahi,Electronics,608.43,58,Mobile,Credit Card,TRUE,4,TRUE,3,1,Premium,Medium,1
6737,63,Male,Chittagong,Toys,323.2,18,Mobile,Debit Card,TRUE,1,FALSE,3,10,Premium,High,2
6738,28,Female,Rajshahi,Home,392.04,37,Desktop,Bank Transfer,FALSE,6,FALSE,2,10,Trial,Medium,1
6739,28,Male,Barisal,Beauty,561.61,35,Mobile,PayPal,FALSE,4,FALSE,3,8,Premium,Medium,1
6740,34,Male,Khulna,Toys,961.17,15,Mobile,Debit Card,TRUE,3,TRUE,4,3,Free,High,2
6741,31,Other,Dhaka,Beauty,153.31,40,Tablet,Credit Card,FALSE,8,FALSE,4,8,Trial,Medium,1
6742,30,Male,Rangpur,Sports,554,59,Tablet,Cash on Delivery,TRUE,9,TRUE,1,6,Trial,High,2
6743,54,Male,Sylhet,Sports,573.03,58,Mobile,PayPal,TRUE,6,TRUE,4,10,Trial,Low,0
6744,40,Female,Rangpur,Toys,338.23,4,Mobile,Debit Card,FALSE,2,TRUE,5,12,Free,Medium,1
6745,44,Male,Chittagong,Sports,925.81,10,Tablet,Bank Transfer,TRUE,2,TRUE,3,10,Premium,Low,0
6746,20,Male,Khulna,Groceries,261.48,51,Mobile,Debit Card,TRUE,3,FALSE,3,2,Free,Low,0
6747,66,Male,Barisal,Beauty,996.08,47,Tablet,Bank Transfer,FALSE,1,FALSE,5,6,Trial,High,2
6748,59,Female,Mymensingh,Sports,378.88,34,Tablet,Credit Card,TRUE,8,FALSE,3,13,Premium,Low,0
6749,40,Female,Dhaka,Clothing,373.65,34,Mobile,Credit Card,FALSE,2,FALSE,3,12,Premium,High,2
6750,40,Other,Khulna,Toys,847.31,23,Mobile,Bank Transfer,TRUE,7,FALSE,2,11,Free,Medium,1
6751,56,Other,Dhaka,Electronics,216.84,25,Mobile,Credit Card,FALSE,8,TRUE,5,1,Free,High,2
6752,47,Other,Rangpur,Books,695.2,46,Mobile,Bank Transfer,TRUE,5,FALSE,1,4,Free,High,2
6753,39,Male,Rajshahi,Clothing,711.06,38,Desktop,Bank Transfer,FALSE,5,FALSE,2,13,Premium,Low,0
6754,59,Female,Dhaka,Beauty,602.05,3,Desktop,Bank Transfer,TRUE,7,FALSE,5,12,Trial,Low,0
6755,37,Male,Rajshahi,Home,176.86,32,Desktop,Credit Card,FALSE,1,FALSE,2,11,Trial,Medium,1
6756,51,Other,Mymensingh,Groceries,941.09,51,Mobile,Bank Transfer,FALSE,5,FALSE,3,9,Premium,Medium,1
6757,60,Female,Chittagong,Home,23.58,20,Desktop,Bank Transfer,FALSE,1,FALSE,3,12,Trial,High,2
6758,35,Male,Barisal,Beauty,326.51,51,Desktop,Cash on Delivery,TRUE,7,TRUE,2,5,Trial,Medium,1
6759,62,Male,Mymensingh,Books,365.27,6,Mobile,PayPal,TRUE,9,TRUE,3,1,Trial,High,2
6760,24,Male,Mymensingh,Beauty,515.55,30,Tablet,Debit Card,TRUE,5,FALSE,1,2,Trial,Medium,1
6761,55,Female,Mymensingh,Sports,459.7,54,Desktop,Debit Card,TRUE,7,TRUE,1,13,Trial,Low,0
6762,21,Male,Barisal,Beauty,416.81,48,Desktop,Bank Transfer,FALSE,2,FALSE,4,3,Premium,Low,0
6763,69,Male,Mymensingh,Groceries,430.27,25,Tablet,Bank Transfer,TRUE,8,TRUE,4,10,Trial,Medium,1
6764,51,Other,Rajshahi,Toys,382.12,25,Desktop,PayPal,FALSE,9,TRUE,1,12,Premium,Medium,1
6765,55,Female,Barisal,Electronics,986.3,37,Tablet,Bank Transfer,FALSE,8,TRUE,5,3,Free,High,2
6766,44,Female,Khulna,Books,605.29,56,Desktop,Credit Card,TRUE,6,FALSE,5,1,Trial,Low,0
6767,64,Male,Barisal,Toys,515.8,43,Tablet,Bank Transfer,FALSE,7,TRUE,2,4,Trial,Medium,1
6768,64,Male,Dhaka,Beauty,290.46,1,Tablet,Cash on Delivery,TRUE,1,FALSE,3,8,Trial,Medium,1
6769,49,Female,Khulna,Books,150.64,29,Mobile,PayPal,TRUE,4,FALSE,3,5,Free,Low,0
6770,42,Other,Chittagong,Books,779.59,54,Desktop,PayPal,TRUE,8,TRUE,3,10,Premium,Medium,1
6771,56,Male,Rajshahi,Clothing,685.82,59,Tablet,Credit Card,FALSE,3,TRUE,4,11,Premium,Low,0
6772,60,Female,Barisal,Beauty,37.81,11,Desktop,Cash on Delivery,TRUE,7,TRUE,5,8,Free,Medium,1
6773,18,Male,Rajshahi,Electronics,891.2,8,Desktop,Credit Card,TRUE,3,FALSE,5,11,Free,Low,0
6774,68,Other,Khulna,Home,762.64,16,Tablet,Cash on Delivery,FALSE,3,TRUE,3,11,Trial,Medium,1
6775,66,Male,Rajshahi,Groceries,42.21,28,Tablet,PayPal,TRUE,9,TRUE,5,13,Trial,Medium,1
6776,37,Other,Barisal,Clothing,987.43,51,Tablet,Cash on Delivery,FALSE,7,FALSE,3,12,Trial,Medium,1
6777,23,Other,Rajshahi,Home,912.91,27,Mobile,Cash on Delivery,TRUE,7,TRUE,2,10,Trial,Low,0
6778,58,Female,Dhaka,Sports,697.19,2,Tablet,Debit Card,FALSE,8,TRUE,1,4,Trial,High,2
6779,32,Other,Khulna,Clothing,471.3,49,Tablet,Cash on Delivery,FALSE,7,FALSE,4,9,Free,High,2
6780,48,Male,Khulna,Electronics,830.34,8,Desktop,Bank Transfer,FALSE,2,FALSE,5,6,Trial,Medium,1
6781,32,Other,Dhaka,Toys,825.53,47,Desktop,PayPal,TRUE,1,TRUE,5,1,Trial,Medium,1
6782,38,Male,Rajshahi,Books,953.9,51,Mobile,Credit Card,TRUE,5,TRUE,4,13,Trial,High,2
6783,25,Male,Dhaka,Electronics,759.4,19,Desktop,Cash on Delivery,FALSE,2,TRUE,4,9,Premium,Medium,1
6784,32,Other,Barisal,Sports,346.66,44,Mobile,Bank Transfer,TRUE,5,FALSE,4,9,Free,High,2
6785,20,Male,Barisal,Beauty,589.23,28,Mobile,Credit Card,FALSE,2,TRUE,1,2,Trial,High,2
6786,26,Other,Barisal,Groceries,642.81,14,Desktop,Credit Card,TRUE,4,TRUE,4,4,Trial,Medium,1
6787,46,Other,Rangpur,Electronics,654.44,14,Mobile,Bank Transfer,FALSE,6,TRUE,3,8,Trial,Medium,1
6788,62,Female,Chittagong,Clothing,434.79,31,Tablet,Credit Card,TRUE,1,FALSE,5,4,Premium,High,2
6789,63,Male,Khulna,Toys,817.24,10,Tablet,PayPal,FALSE,1,TRUE,5,4,Premium,High,2
6790,27,Male,Sylhet,Books,422.12,22,Tablet,Debit Card,TRUE,4,TRUE,2,8,Free,Medium,1
6791,34,Female,Sylhet,Home,366.21,1,Mobile,Debit Card,FALSE,9,FALSE,2,3,Trial,Low,0
6792,51,Female,Barisal,Groceries,766.13,11,Desktop,Credit Card,TRUE,7,TRUE,1,11,Premium,Low,0
6793,58,Other,Chittagong,Electronics,47.28,19,Mobile,PayPal,FALSE,6,FALSE,1,7,Free,Medium,1
6794,65,Male,Dhaka,Groceries,784.3,57,Tablet,Credit Card,FALSE,7,TRUE,4,13,Free,High,2
6795,44,Female,Sylhet,Electronics,730.53,41,Desktop,Cash on Delivery,TRUE,2,TRUE,5,7,Free,Medium,1
6796,34,Male,Rajshahi,Groceries,339.94,33,Tablet,PayPal,TRUE,9,FALSE,3,10,Trial,Medium,1
6797,43,Male,Sylhet,Toys,432.23,49,Mobile,Debit Card,TRUE,3,FALSE,2,9,Trial,Medium,1
6798,67,Male,Rajshahi,Beauty,223.43,3,Tablet,PayPal,FALSE,2,TRUE,5,10,Trial,Medium,1
6799,26,Male,Dhaka,Electronics,740.37,13,Desktop,Bank Transfer,FALSE,1,TRUE,3,12,Premium,High,2
6800,18,Other,Barisal,Electronics,707.17,22,Mobile,Cash on Delivery,TRUE,9,TRUE,4,9,Premium,High,2
6801,65,Female,Dhaka,Toys,807.55,41,Mobile,Cash on Delivery,TRUE,5,FALSE,3,5,Trial,High,2
6802,45,Other,Khulna,Electronics,777.79,10,Mobile,Credit Card,FALSE,9,FALSE,4,1,Premium,Medium,1
6803,24,Female,Rajshahi,Electronics,196.68,8,Mobile,Cash on Delivery,TRUE,9,FALSE,1,8,Free,Low,0
6804,22,Female,Mymensingh,Home,567.21,2,Mobile,Cash on Delivery,FALSE,8,FALSE,3,13,Premium,Medium,1
6805,18,Female,Khulna,Home,186.84,42,Desktop,Credit Card,TRUE,9,FALSE,4,6,Premium,Low,0
6806,52,Other,Mymensingh,Toys,360.28,48,Tablet,Cash on Delivery,TRUE,4,FALSE,2,1,Trial,Low,0
6807,58,Female,Sylhet,Beauty,706.74,8,Mobile,Credit Card,FALSE,1,TRUE,3,11,Free,Medium,1
6808,60,Male,Dhaka,Clothing,381.12,58,Mobile,Debit Card,TRUE,5,FALSE,3,6,Trial,Low,0
6809,69,Other,Khulna,Toys,890.62,3,Mobile,Debit Card,TRUE,6,TRUE,1,13,Trial,High,2
6810,66,Other,Dhaka,Books,35.83,31,Desktop,Cash on Delivery,TRUE,2,TRUE,4,6,Premium,Medium,1
6811,49,Male,Mymensingh,Beauty,433.37,59,Tablet,Debit Card,FALSE,1,FALSE,5,10,Premium,Low,0
6812,21,Female,Rajshahi,Clothing,502.89,31,Mobile,PayPal,TRUE,2,TRUE,1,4,Free,Medium,1
6813,25,Other,Dhaka,Groceries,349.84,38,Mobile,Debit Card,TRUE,2,TRUE,3,11,Premium,High,2
6814,22,Male,Sylhet,Home,535.84,20,Desktop,Cash on Delivery,FALSE,6,FALSE,4,5,Trial,High,2
6815,23,Other,Mymensingh,Beauty,584.72,43,Mobile,Credit Card,TRUE,8,TRUE,3,13,Free,Low,0
6816,65,Other,Chittagong,Electronics,645.16,15,Desktop,Credit Card,TRUE,4,FALSE,1,1,Free,Low,0
6817,64,Male,Chittagong,Clothing,779.66,14,Desktop,Bank Transfer,FALSE,1,TRUE,4,13,Trial,Low,0
6818,60,Female,Rangpur,Groceries,24.28,12,Mobile,Bank Transfer,FALSE,3,FALSE,2,6,Premium,Medium,1
6819,53,Male,Dhaka,Home,276.57,12,Mobile,Debit Card,TRUE,1,FALSE,5,9,Premium,Medium,1
6820,65,Male,Rangpur,Home,399.31,14,Mobile,Debit Card,FALSE,9,FALSE,5,8,Premium,Medium,1
6821,59,Female,Rajshahi,Clothing,125.36,48,Desktop,PayPal,TRUE,7,FALSE,5,10,Free,Low,0
6822,43,Female,Khulna,Clothing,478.75,12,Mobile,Credit Card,TRUE,5,FALSE,3,1,Premium,High,2
6823,32,Female,Mymensingh,Books,897.58,52,Desktop,Debit Card,FALSE,4,TRUE,3,1,Trial,Low,0
6824,65,Male,Mymensingh,Sports,971.92,43,Mobile,Debit Card,TRUE,7,FALSE,1,9,Free,High,2
6825,38,Other,Sylhet,Clothing,342.41,39,Mobile,Debit Card,FALSE,3,TRUE,2,10,Trial,High,2
6826,23,Female,Chittagong,Beauty,898.57,43,Mobile,PayPal,TRUE,5,TRUE,1,3,Premium,High,2
6827,54,Other,Dhaka,Beauty,236.17,19,Tablet,PayPal,TRUE,5,TRUE,5,6,Premium,Low,0
6828,38,Male,Chittagong,Clothing,131.87,22,Tablet,Debit Card,TRUE,7,TRUE,3,12,Trial,Medium,1
6829,49,Other,Mymensingh,Home,632.87,59,Desktop,Debit Card,FALSE,9,FALSE,1,5,Premium,Low,0
6830,22,Other,Khulna,Electronics,580.4,54,Mobile,PayPal,FALSE,1,TRUE,2,7,Premium,Low,0
6831,66,Female,Khulna,Books,981.36,6,Desktop,PayPal,TRUE,1,TRUE,1,1,Free,Low,0
6832,25,Male,Chittagong,Home,837.07,51,Mobile,Cash on Delivery,FALSE,9,TRUE,2,6,Trial,Low,0
6833,61,Other,Dhaka,Books,205.6,38,Desktop,Bank Transfer,FALSE,5,TRUE,5,6,Premium,Low,0
6834,42,Male,Sylhet,Clothing,303.13,16,Tablet,Debit Card,FALSE,3,FALSE,4,8,Free,High,2
6835,35,Male,Dhaka,Electronics,570.19,4,Desktop,Debit Card,FALSE,6,FALSE,4,7,Free,Low,0
6836,28,Female,Khulna,Groceries,754.04,16,Mobile,Credit Card,FALSE,9,FALSE,5,3,Trial,High,2
6837,60,Male,Chittagong,Beauty,462.27,47,Mobile,Cash on Delivery,TRUE,9,FALSE,4,7,Free,Medium,1
6838,58,Male,Rangpur,Beauty,398.45,24,Mobile,Bank Transfer,TRUE,4,FALSE,3,12,Premium,High,2
6839,63,Male,Dhaka,Beauty,592.66,42,Tablet,Cash on Delivery,TRUE,8,FALSE,5,5,Free,Low,0
6840,46,Male,Barisal,Clothing,751.01,31,Tablet,Cash on Delivery,FALSE,1,TRUE,5,13,Free,Medium,1
6841,69,Female,Mymensingh,Home,925.36,59,Desktop,Cash on Delivery,FALSE,6,FALSE,1,5,Free,High,2
6842,54,Female,Mymensingh,Home,599.13,44,Tablet,Cash on Delivery,FALSE,5,FALSE,4,8,Premium,Medium,1
6843,46,Female,Sylhet,Electronics,225.44,48,Desktop,Credit Card,TRUE,1,TRUE,5,10,Free,Low,0
6844,55,Other,Barisal,Toys,382.1,34,Desktop,Credit Card,FALSE,3,TRUE,3,9,Trial,High,2
6845,66,Female,Barisal,Toys,230.9,58,Tablet,Credit Card,FALSE,6,FALSE,3,10,Premium,Low,0
6846,39,Female,Chittagong,Clothing,479.3,37,Desktop,Debit Card,TRUE,1,FALSE,5,7,Trial,High,2
6847,22,Male,Khulna,Toys,666.73,25,Mobile,Cash on Delivery,TRUE,2,FALSE,4,13,Trial,Low,0
6848,29,Male,Mymensingh,Groceries,777.56,46,Tablet,Cash on Delivery,TRUE,5,FALSE,5,8,Trial,High,2
6849,20,Other,Sylhet,Clothing,481.94,51,Mobile,Cash on Delivery,TRUE,1,FALSE,1,2,Trial,Medium,1
6850,68,Female,Dhaka,Toys,781.11,25,Mobile,PayPal,TRUE,2,FALSE,3,8,Premium,High,2
6851,53,Other,Mymensingh,Clothing,334.82,43,Mobile,PayPal,TRUE,7,FALSE,1,3,Premium,High,2
6852,26,Other,Mymensingh,Groceries,479.31,24,Mobile,Credit Card,FALSE,9,FALSE,5,10,Premium,High,2
6853,53,Other,Barisal,Toys,476.72,33,Desktop,Credit Card,FALSE,3,TRUE,1,13,Premium,High,2
6854,40,Other,Chittagong,Electronics,886.79,52,Mobile,Credit Card,TRUE,4,FALSE,5,3,Trial,Low,0
6855,50,Male,Mymensingh,Books,741.79,12,Desktop,Debit Card,FALSE,6,FALSE,4,5,Premium,Low,0
6856,54,Female,Dhaka,Sports,508.97,59,Mobile,Cash on Delivery,FALSE,5,TRUE,1,6,Free,Medium,1
6857,56,Female,Barisal,Toys,735.99,40,Mobile,Credit Card,TRUE,4,TRUE,1,10,Premium,Low,0
6858,30,Female,Rajshahi,Sports,677.19,44,Mobile,PayPal,TRUE,5,TRUE,3,3,Free,Low,0
6859,64,Other,Barisal,Groceries,368.99,41,Tablet,PayPal,FALSE,3,TRUE,2,2,Premium,Medium,1
6860,28,Other,Rajshahi,Toys,729.74,43,Tablet,Cash on Delivery,TRUE,6,TRUE,4,6,Trial,Low,0
6861,18,Male,Khulna,Groceries,262.24,29,Tablet,PayPal,TRUE,4,TRUE,5,1,Trial,Low,0
6862,23,Other,Khulna,Clothing,257.54,9,Tablet,Cash on Delivery,FALSE,4,FALSE,1,2,Trial,High,2
6863,28,Other,Dhaka,Toys,614.5,19,Tablet,PayPal,TRUE,3,FALSE,2,1,Free,Medium,1
6864,67,Male,Khulna,Electronics,853.21,59,Desktop,Bank Transfer,FALSE,2,TRUE,2,6,Trial,High,2
6865,65,Other,Barisal,Books,607.37,50,Tablet,PayPal,TRUE,7,TRUE,5,7,Free,Low,0
6866,57,Male,Rangpur,Home,319.78,40,Mobile,Cash on Delivery,FALSE,4,TRUE,2,12,Free,High,2
6867,55,Male,Dhaka,Electronics,610.43,26,Mobile,Credit Card,FALSE,7,FALSE,4,11,Trial,Medium,1
6868,19,Female,Rangpur,Groceries,47.57,5,Mobile,PayPal,FALSE,9,TRUE,5,13,Premium,Low,0
6869,33,Male,Chittagong,Toys,739.69,45,Mobile,Debit Card,FALSE,3,TRUE,1,10,Trial,Low,0
6870,60,Female,Sylhet,Beauty,491.71,53,Desktop,Cash on Delivery,FALSE,9,FALSE,1,9,Free,Medium,1
6871,42,Male,Rajshahi,Toys,649.44,23,Tablet,Bank Transfer,TRUE,7,TRUE,4,13,Free,Low,0
6872,24,Male,Mymensingh,Electronics,300.13,23,Tablet,Bank Transfer,TRUE,8,TRUE,3,2,Free,Low,0
6873,57,Female,Khulna,Toys,68.1,41,Desktop,Bank Transfer,FALSE,1,TRUE,2,2,Trial,High,2
6874,51,Female,Sylhet,Toys,835.41,30,Mobile,Debit Card,TRUE,7,TRUE,5,3,Free,Medium,1
6875,25,Male,Sylhet,Groceries,808.29,31,Desktop,Bank Transfer,TRUE,4,TRUE,2,13,Trial,Low,0
6876,38,Female,Dhaka,Home,608.92,42,Desktop,PayPal,TRUE,6,FALSE,5,6,Trial,High,2
6877,21,Other,Chittagong,Beauty,349.6,29,Desktop,Credit Card,TRUE,2,TRUE,5,3,Trial,Low,0
6878,39,Other,Dhaka,Beauty,986.16,14,Desktop,Bank Transfer,TRUE,3,TRUE,1,5,Premium,High,2
6879,67,Female,Mymensingh,Sports,278.49,28,Mobile,Credit Card,FALSE,3,TRUE,3,9,Free,Low,0
6880,33,Male,Sylhet,Toys,394.89,16,Mobile,Debit Card,FALSE,4,FALSE,4,7,Trial,High,2
6881,54,Male,Rajshahi,Sports,755.91,59,Tablet,PayPal,TRUE,7,FALSE,1,8,Free,Low,0
6882,36,Male,Sylhet,Electronics,181.77,42,Desktop,Debit Card,TRUE,9,TRUE,2,5,Free,High,2
6883,21,Male,Rangpur,Clothing,890.02,3,Tablet,Debit Card,FALSE,7,TRUE,1,9,Trial,High,2
6884,47,Other,Rajshahi,Electronics,849.27,53,Desktop,PayPal,TRUE,9,TRUE,2,11,Trial,Medium,1
6885,45,Male,Mymensingh,Books,998.1,56,Tablet,Bank Transfer,TRUE,9,FALSE,3,2,Premium,High,2
6886,60,Female,Barisal,Toys,338.55,38,Desktop,Debit Card,TRUE,6,TRUE,1,12,Premium,High,2
6887,61,Female,Dhaka,Clothing,813.96,36,Desktop,Bank Transfer,FALSE,9,TRUE,3,10,Free,High,2
6888,52,Other,Mymensingh,Clothing,379.48,54,Desktop,Cash on Delivery,FALSE,6,TRUE,4,5,Trial,High,2
6889,39,Male,Dhaka,Books,699.93,28,Tablet,Bank Transfer,TRUE,5,TRUE,5,13,Free,Low,0
6890,62,Male,Dhaka,Home,786.49,12,Tablet,Bank Transfer,TRUE,4,FALSE,1,6,Premium,Medium,1
6891,66,Other,Barisal,Toys,836.17,50,Tablet,Debit Card,FALSE,8,FALSE,5,12,Free,Medium,1
6892,39,Female,Khulna,Electronics,203.58,48,Desktop,Debit Card,TRUE,8,TRUE,1,4,Premium,Medium,1
6893,63,Other,Barisal,Beauty,546.65,31,Desktop,Cash on Delivery,TRUE,8,FALSE,4,3,Trial,High,2
6894,33,Male,Dhaka,Toys,861.11,8,Mobile,Cash on Delivery,FALSE,2,FALSE,3,6,Free,High,2
6895,63,Female,Barisal,Books,932.9,15,Mobile,Bank Transfer,TRUE,9,FALSE,1,3,Free,High,2
6896,29,Female,Sylhet,Groceries,95.79,46,Desktop,Credit Card,FALSE,9,FALSE,1,5,Free,Low,0
6897,62,Female,Mymensingh,Home,636.96,43,Mobile,Credit Card,FALSE,3,TRUE,2,8,Premium,Low,0
6898,51,Male,Khulna,Clothing,119.57,51,Mobile,Credit Card,TRUE,1,TRUE,3,12,Trial,High,2
6899,29,Male,Mymensingh,Beauty,248.95,3,Tablet,Bank Transfer,FALSE,9,FALSE,3,8,Premium,Medium,1
6900,21,Other,Chittagong,Electronics,731.79,53,Desktop,Credit Card,FALSE,5,TRUE,1,12,Trial,Low,0
6901,57,Female,Mymensingh,Home,449.24,58,Mobile,Cash on Delivery,TRUE,9,TRUE,5,12,Free,Medium,1
6902,55,Female,Rajshahi,Electronics,658.03,3,Mobile,Cash on Delivery,FALSE,3,TRUE,2,3,Trial,Low,0
6903,60,Female,Chittagong,Beauty,988.8,46,Desktop,PayPal,FALSE,5,FALSE,3,3,Free,Medium,1
6904,61,Female,Dhaka,Groceries,268.15,59,Desktop,Bank Transfer,FALSE,4,FALSE,2,4,Free,Low,0
6905,27,Male,Mymensingh,Electronics,896.05,4,Mobile,Cash on Delivery,TRUE,8,TRUE,1,13,Premium,Low,0
6906,62,Female,Chittagong,Clothing,851.01,10,Tablet,Cash on Delivery,FALSE,2,FALSE,2,13,Free,High,2
6907,47,Male,Sylhet,Home,770.88,31,Desktop,PayPal,TRUE,5,TRUE,4,12,Free,Low,0
6908,57,Other,Chittagong,Groceries,431.22,14,Tablet,Bank Transfer,TRUE,9,FALSE,2,11,Trial,High,2
6909,50,Male,Dhaka,Books,499,31,Mobile,PayPal,FALSE,6,FALSE,5,11,Free,Low,0
6910,36,Male,Mymensingh,Clothing,135.65,1,Mobile,Credit Card,FALSE,2,TRUE,3,4,Free,Medium,1
6911,27,Other,Khulna,Books,864.97,4,Tablet,PayPal,TRUE,1,TRUE,5,7,Premium,High,2
6912,58,Other,Khulna,Books,66.1,26,Tablet,Debit Card,TRUE,2,TRUE,2,10,Trial,Medium,1
6913,31,Female,Chittagong,Clothing,999.73,59,Desktop,Cash on Delivery,TRUE,7,TRUE,4,7,Free,Low,0
6914,63,Male,Dhaka,Groceries,662.71,14,Mobile,PayPal,TRUE,6,FALSE,1,6,Premium,High,2
6915,44,Female,Sylhet,Toys,547.09,47,Tablet,Bank Transfer,TRUE,4,FALSE,2,5,Trial,Low,0
6916,58,Male,Chittagong,Books,989.62,42,Desktop,Debit Card,TRUE,7,FALSE,2,3,Premium,High,2
6917,46,Male,Chittagong,Groceries,412.22,47,Mobile,PayPal,TRUE,4,TRUE,4,7,Free,Medium,1
6918,63,Female,Chittagong,Clothing,106.35,30,Tablet,Debit Card,FALSE,2,TRUE,3,5,Trial,High,2
6919,43,Female,Dhaka,Groceries,124.23,24,Tablet,Cash on Delivery,FALSE,6,TRUE,2,5,Premium,High,2
6920,23,Female,Barisal,Toys,434.74,19,Desktop,Bank Transfer,FALSE,6,TRUE,3,3,Premium,Low,0
6921,48,Female,Sylhet,Home,793.22,29,Mobile,Debit Card,TRUE,6,TRUE,5,1,Free,Medium,1
6922,68,Female,Khulna,Home,132.31,29,Mobile,PayPal,FALSE,2,TRUE,4,11,Premium,Medium,1
6923,41,Other,Rajshahi,Toys,92.25,23,Tablet,Credit Card,FALSE,2,FALSE,4,5,Premium,Medium,1
6924,61,Female,Dhaka,Clothing,43.11,57,Tablet,Cash on Delivery,TRUE,8,FALSE,1,13,Premium,Medium,1
6925,29,Female,Mymensingh,Home,651.86,19,Mobile,Cash on Delivery,TRUE,3,TRUE,3,4,Free,High,2
6926,28,Female,Mymensingh,Books,458.66,33,Desktop,Debit Card,TRUE,1,TRUE,1,13,Free,Medium,1
6927,41,Male,Khulna,Home,736.42,55,Mobile,Bank Transfer,TRUE,4,TRUE,2,5,Premium,Medium,1
6928,68,Other,Chittagong,Beauty,357.03,5,Mobile,Bank Transfer,TRUE,6,FALSE,2,10,Premium,Medium,1
6929,34,Other,Sylhet,Home,730.55,4,Desktop,Bank Transfer,FALSE,9,TRUE,5,8,Free,Low,0
6930,52,Female,Sylhet,Beauty,496.78,31,Mobile,Bank Transfer,TRUE,4,FALSE,3,1,Free,High,2
6931,34,Female,Dhaka,Electronics,530.64,56,Desktop,Debit Card,FALSE,9,TRUE,1,7,Free,High,2
6932,55,Female,Mymensingh,Clothing,299.9,36,Desktop,Credit Card,FALSE,6,FALSE,3,7,Trial,High,2
6933,20,Other,Khulna,Electronics,568.06,1,Mobile,Credit Card,FALSE,7,FALSE,4,5,Trial,High,2
6934,63,Other,Dhaka,Groceries,670.47,18,Desktop,PayPal,FALSE,6,TRUE,3,5,Premium,High,2
6935,34,Male,Sylhet,Clothing,27.16,54,Mobile,PayPal,TRUE,3,FALSE,3,3,Free,Low,0
6936,29,Female,Chittagong,Clothing,906.19,59,Tablet,Credit Card,FALSE,2,TRUE,2,5,Free,Low,0
6937,28,Other,Rajshahi,Electronics,511.39,31,Mobile,Cash on Delivery,FALSE,1,FALSE,2,12,Trial,High,2
6938,65,Male,Dhaka,Groceries,69.4,57,Tablet,Debit Card,TRUE,1,FALSE,3,4,Free,Low,0
6939,28,Female,Chittagong,Sports,621.12,8,Desktop,Debit Card,FALSE,9,TRUE,4,11,Trial,Low,0
6940,23,Other,Rangpur,Beauty,346.88,11,Tablet,Debit Card,FALSE,9,TRUE,1,7,Trial,Medium,1
6941,48,Male,Barisal,Books,949.16,38,Mobile,Cash on Delivery,TRUE,1,TRUE,4,6,Free,Medium,1
6942,19,Female,Rajshahi,Clothing,753.7,57,Tablet,Bank Transfer,FALSE,8,FALSE,3,5,Free,Low,0
6943,43,Other,Mymensingh,Books,672.03,19,Mobile,Debit Card,FALSE,8,TRUE,5,1,Free,High,2
6944,25,Other,Rangpur,Sports,753.68,1,Mobile,Debit Card,TRUE,9,FALSE,4,3,Free,High,2
6945,22,Male,Sylhet,Beauty,319.23,20,Tablet,Debit Card,FALSE,3,FALSE,3,9,Premium,High,2
6946,49,Male,Chittagong,Toys,538.47,9,Mobile,Credit Card,TRUE,9,TRUE,1,9,Free,Medium,1
6947,43,Male,Rajshahi,Electronics,163.92,59,Mobile,Debit Card,FALSE,8,FALSE,2,8,Premium,High,2
6948,41,Female,Sylhet,Groceries,278.97,1,Desktop,Bank Transfer,TRUE,6,TRUE,2,8,Trial,High,2
6949,18,Female,Barisal,Electronics,396.19,21,Mobile,Credit Card,TRUE,5,FALSE,4,12,Premium,Medium,1
6950,31,Male,Sylhet,Toys,646.39,3,Tablet,Cash on Delivery,TRUE,1,TRUE,5,4,Free,High,2
6951,62,Male,Sylhet,Books,950.67,5,Mobile,Debit Card,TRUE,9,FALSE,1,2,Premium,Medium,1
6952,18,Male,Khulna,Electronics,559.83,5,Tablet,PayPal,TRUE,2,TRUE,3,7,Free,Medium,1
6953,47,Male,Mymensingh,Toys,384.77,6,Mobile,Bank Transfer,FALSE,5,FALSE,2,8,Premium,Medium,1
6954,59,Female,Khulna,Clothing,893.73,38,Mobile,Cash on Delivery,TRUE,8,FALSE,1,1,Free,Medium,1
6955,62,Female,Dhaka,Clothing,930.17,29,Desktop,Bank Transfer,FALSE,7,FALSE,5,10,Free,Low,0
6956,54,Male,Mymensingh,Clothing,942.82,33,Tablet,PayPal,FALSE,6,FALSE,5,2,Free,Medium,1
6957,19,Female,Rajshahi,Beauty,663.12,12,Desktop,PayPal,TRUE,7,TRUE,2,10,Free,Medium,1
6958,37,Male,Rajshahi,Home,869.04,47,Mobile,Cash on Delivery,TRUE,1,TRUE,4,4,Premium,Medium,1
6959,64,Female,Rajshahi,Sports,174.49,9,Mobile,Debit Card,TRUE,2,TRUE,3,1,Trial,Low,0
6960,53,Male,Khulna,Beauty,170.68,59,Desktop,Cash on Delivery,TRUE,2,FALSE,3,5,Premium,Medium,1
6961,20,Other,Chittagong,Sports,20.29,42,Tablet,Bank Transfer,FALSE,8,FALSE,1,5,Free,Low,0
6962,44,Male,Sylhet,Home,67.71,11,Tablet,Cash on Delivery,TRUE,5,TRUE,3,5,Free,High,2
6963,68,Male,Barisal,Beauty,572.47,24,Mobile,Debit Card,FALSE,7,TRUE,5,11,Free,Low,0
6964,48,Male,Mymensingh,Clothing,793.99,52,Tablet,Cash on Delivery,TRUE,5,FALSE,2,2,Premium,High,2
6965,61,Female,Sylhet,Beauty,560.79,20,Tablet,Credit Card,FALSE,9,TRUE,5,9,Trial,High,2
6966,27,Male,Mymensingh,Books,287.59,19,Tablet,Credit Card,FALSE,4,TRUE,5,7,Premium,High,2
6967,30,Other,Rajshahi,Home,740.57,21,Desktop,Cash on Delivery,TRUE,4,FALSE,4,8,Trial,Medium,1
6968,35,Male,Dhaka,Books,698.75,4,Desktop,Bank Transfer,FALSE,7,TRUE,5,2,Free,Low,0
6969,51,Male,Khulna,Clothing,279.51,16,Mobile,Bank Transfer,TRUE,4,TRUE,4,10,Premium,Low,0
6970,18,Other,Rajshahi,Toys,477.95,30,Mobile,PayPal,FALSE,1,TRUE,2,12,Trial,High,2
6971,63,Female,Mymensingh,Beauty,502.04,55,Desktop,Cash on Delivery,TRUE,5,FALSE,4,5,Free,High,2
6972,32,Other,Mymensingh,Beauty,441.01,26,Desktop,Bank Transfer,TRUE,3,TRUE,3,12,Trial,Low,0
6973,18,Male,Barisal,Groceries,729.47,59,Mobile,Credit Card,TRUE,9,TRUE,1,12,Trial,Low,0
6974,57,Male,Barisal,Electronics,887.14,24,Tablet,Bank Transfer,FALSE,8,TRUE,3,9,Trial,Low,0
6975,31,Male,Barisal,Books,956.87,10,Desktop,Bank Transfer,FALSE,1,TRUE,4,13,Free,Low,0
6976,60,Female,Khulna,Groceries,715.8,9,Tablet,Credit Card,TRUE,1,FALSE,2,2,Free,Low,0
6977,64,Female,Rangpur,Clothing,603.2,48,Desktop,Cash on Delivery,TRUE,1,TRUE,4,5,Trial,Low,0
6978,38,Other,Rajshahi,Books,913.28,13,Desktop,Cash on Delivery,FALSE,7,FALSE,5,7,Free,Medium,1
6979,33,Female,Dhaka,Electronics,501.43,52,Mobile,PayPal,TRUE,6,FALSE,5,9,Trial,Low,0
6980,36,Other,Chittagong,Groceries,233.56,47,Tablet,Debit Card,FALSE,4,TRUE,2,2,Premium,High,2
6981,34,Female,Mymensingh,Clothing,997.66,32,Desktop,Bank Transfer,FALSE,8,TRUE,3,4,Free,High,2
6982,26,Other,Khulna,Home,902.12,46,Desktop,Bank Transfer,TRUE,1,TRUE,1,7,Free,Low,0
6983,56,Other,Mymensingh,Clothing,743.21,27,Mobile,Cash on Delivery,TRUE,1,FALSE,2,11,Free,High,2
6984,61,Other,Chittagong,Groceries,871.28,22,Tablet,Credit Card,FALSE,1,FALSE,5,5,Trial,High,2
6985,18,Male,Chittagong,Groceries,648.02,51,Mobile,Cash on Delivery,TRUE,7,FALSE,2,11,Free,Low,0
6986,25,Male,Khulna,Toys,427.46,30,Desktop,Credit Card,FALSE,5,TRUE,2,8,Premium,Medium,1
6987,50,Other,Sylhet,Clothing,809.44,9,Tablet,PayPal,TRUE,1,FALSE,5,4,Premium,Low,0
6988,23,Male,Rajshahi,Books,906.87,40,Tablet,Bank Transfer,TRUE,7,FALSE,3,3,Trial,Low,0
6989,51,Female,Rangpur,Sports,111.19,48,Desktop,Debit Card,TRUE,6,FALSE,3,13,Premium,High,2
6990,22,Female,Rangpur,Toys,533.64,1,Mobile,Bank Transfer,FALSE,2,TRUE,2,12,Premium,Low,0
6991,54,Female,Rajshahi,Toys,364.96,20,Tablet,Bank Transfer,TRUE,4,TRUE,4,6,Free,Medium,1
6992,28,Other,Khulna,Electronics,934.57,15,Mobile,Credit Card,TRUE,1,FALSE,1,12,Free,High,2
6993,50,Male,Chittagong,Books,786.53,3,Mobile,PayPal,FALSE,5,TRUE,3,10,Trial,Medium,1
6994,35,Female,Chittagong,Home,964.87,46,Mobile,Debit Card,FALSE,8,TRUE,1,2,Premium,Medium,1
6995,60,Female,Chittagong,Books,701.22,34,Desktop,Credit Card,FALSE,3,TRUE,4,5,Trial,High,2
6996,22,Female,Sylhet,Clothing,131.43,43,Mobile,Credit Card,TRUE,3,FALSE,5,3,Trial,Medium,1
6997,49,Male,Chittagong,Electronics,745.34,21,Mobile,Bank Transfer,TRUE,9,TRUE,5,13,Premium,High,2
6998,44,Other,Rajshahi,Electronics,142.99,34,Desktop,Debit Card,TRUE,7,FALSE,4,1,Free,High,2
6999,58,Male,Chittagong,Beauty,309.99,34,Tablet,Bank Transfer,TRUE,8,TRUE,1,9,Trial,Low,0
7000,54,Female,Khulna,Electronics,604.24,12,Tablet,Credit Card,TRUE,8,TRUE,2,1,Free,High,2
7001,64,Male,Mymensingh,Groceries,582.87,59,Tablet,Credit Card,TRUE,4,FALSE,3,13,Free,High,2
7002,44,Other,Rajshahi,Electronics,27.57,7,Mobile,Bank Transfer,TRUE,7,FALSE,5,6,Free,High,2
7003,31,Male,Khulna,Books,640.91,9,Desktop,Credit Card,FALSE,1,TRUE,2,2,Premium,Medium,1
7004,67,Female,Khulna,Electronics,517.13,17,Mobile,PayPal,TRUE,7,FALSE,4,10,Free,Low,0
7005,64,Male,Rangpur,Electronics,780.86,40,Tablet,Credit Card,FALSE,7,FALSE,1,11,Trial,Medium,1
7006,64,Other,Barisal,Beauty,648.33,3,Mobile,Cash on Delivery,FALSE,9,TRUE,3,10,Free,Low,0
7007,58,Male,Dhaka,Beauty,168.8,47,Mobile,Cash on Delivery,FALSE,6,TRUE,4,4,Trial,Medium,1
7008,62,Male,Rangpur,Sports,530.28,28,Mobile,Credit Card,FALSE,1,TRUE,2,6,Trial,Low,0
7009,40,Female,Dhaka,Electronics,357.33,19,Tablet,Cash on Delivery,TRUE,3,FALSE,2,13,Trial,High,2
7010,53,Other,Sylhet,Toys,763.18,23,Desktop,Credit Card,FALSE,7,TRUE,3,13,Free,High,2
7011,32,Female,Sylhet,Electronics,368.3,12,Mobile,Bank Transfer,TRUE,8,FALSE,5,11,Trial,High,2
7012,28,Other,Rangpur,Toys,686.16,26,Desktop,Cash on Delivery,FALSE,2,TRUE,4,13,Trial,Medium,1
7013,45,Male,Barisal,Beauty,728.53,49,Desktop,Credit Card,FALSE,2,TRUE,3,5,Trial,Low,0
7014,64,Male,Dhaka,Books,553,15,Tablet,Bank Transfer,FALSE,4,TRUE,1,4,Premium,Medium,1
7015,32,Female,Khulna,Groceries,156.59,19,Tablet,Credit Card,FALSE,8,FALSE,5,2,Premium,Low,0
7016,31,Other,Rangpur,Books,90.53,34,Tablet,Credit Card,FALSE,9,TRUE,2,7,Trial,Low,0
7017,53,Female,Sylhet,Toys,19.25,15,Mobile,Cash on Delivery,FALSE,9,TRUE,3,11,Trial,High,2
7018,21,Female,Sylhet,Sports,652.24,55,Desktop,Credit Card,TRUE,6,FALSE,1,7,Trial,Low,0
7019,37,Female,Sylhet,Groceries,212.65,32,Desktop,Credit Card,FALSE,6,FALSE,1,7,Premium,Medium,1
7020,51,Male,Rajshahi,Groceries,940.17,14,Tablet,PayPal,TRUE,1,FALSE,4,12,Trial,Medium,1
7021,37,Male,Rangpur,Clothing,133.31,19,Mobile,PayPal,TRUE,7,TRUE,4,3,Free,Low,0
7022,27,Other,Rangpur,Clothing,58.06,35,Mobile,Bank Transfer,TRUE,2,FALSE,3,8,Premium,Medium,1
7023,49,Male,Rangpur,Electronics,451.51,18,Tablet,Bank Transfer,TRUE,9,TRUE,1,5,Premium,Low,0
7024,21,Female,Rangpur,Sports,522.93,25,Tablet,PayPal,FALSE,8,FALSE,3,12,Trial,Low,0
7025,20,Male,Mymensingh,Clothing,618.87,39,Tablet,Debit Card,TRUE,6,FALSE,3,6,Premium,Medium,1
7026,42,Male,Rajshahi,Sports,168.93,49,Desktop,Bank Transfer,FALSE,3,FALSE,1,13,Premium,Medium,1
7027,40,Female,Sylhet,Toys,293.32,49,Desktop,Credit Card,TRUE,6,FALSE,1,11,Trial,Low,0
7028,44,Male,Sylhet,Electronics,773.26,50,Desktop,Credit Card,FALSE,5,FALSE,3,13,Premium,Low,0
7029,65,Female,Rajshahi,Electronics,575.95,39,Tablet,Bank Transfer,FALSE,5,FALSE,1,12,Trial,Medium,1
7030,69,Male,Barisal,Electronics,707.77,44,Mobile,Bank Transfer,TRUE,3,FALSE,3,4,Trial,Medium,1
7031,62,Female,Rajshahi,Books,164.11,27,Mobile,Cash on Delivery,FALSE,2,FALSE,2,8,Free,Low,0
7032,58,Other,Rajshahi,Groceries,850.54,49,Mobile,Bank Transfer,TRUE,5,FALSE,2,10,Premium,Medium,1
7033,56,Male,Dhaka,Beauty,153.47,44,Mobile,Debit Card,FALSE,3,FALSE,5,1,Premium,Medium,1
7034,60,Other,Khulna,Books,448,40,Mobile,Cash on Delivery,FALSE,7,FALSE,1,5,Premium,Low,0
7035,59,Other,Khulna,Sports,968.06,27,Mobile,Cash on Delivery,TRUE,7,FALSE,1,7,Free,Low,0
7036,47,Male,Barisal,Clothing,629.81,41,Tablet,Credit Card,FALSE,9,TRUE,3,5,Trial,Medium,1
7037,31,Other,Chittagong,Books,144.24,20,Desktop,PayPal,FALSE,8,FALSE,5,5,Free,High,2
7038,42,Female,Chittagong,Home,48.99,35,Mobile,PayPal,FALSE,3,FALSE,1,11,Free,High,2
7039,47,Female,Rangpur,Electronics,550.2,34,Mobile,PayPal,TRUE,4,FALSE,5,1,Premium,High,2
7040,34,Other,Chittagong,Home,952.91,21,Mobile,PayPal,FALSE,8,FALSE,1,11,Trial,High,2
7041,18,Female,Sylhet,Home,394.01,4,Tablet,Debit Card,FALSE,4,FALSE,5,7,Premium,Medium,1
7042,68,Male,Mymensingh,Groceries,579.59,53,Desktop,Credit Card,FALSE,8,TRUE,2,3,Free,Low,0
7043,65,Other,Sylhet,Electronics,965.64,18,Tablet,Bank Transfer,FALSE,1,TRUE,2,6,Premium,Low,0
7044,65,Other,Rangpur,Home,809.16,36,Desktop,Bank Transfer,FALSE,1,FALSE,5,11,Trial,Low,0
7045,30,Male,Mymensingh,Toys,216.6,33,Desktop,Bank Transfer,TRUE,3,FALSE,2,5,Free,High,2
7046,64,Other,Rajshahi,Toys,351.18,48,Tablet,Debit Card,TRUE,2,TRUE,4,12,Trial,Low,0
7047,58,Other,Khulna,Home,340.88,9,Desktop,Debit Card,FALSE,7,FALSE,2,8,Free,High,2
7048,35,Female,Barisal,Electronics,489.04,36,Tablet,PayPal,TRUE,3,TRUE,5,4,Premium,High,2
7049,36,Male,Barisal,Beauty,619.91,21,Mobile,Bank Transfer,TRUE,4,FALSE,3,13,Trial,Low,0
7050,54,Female,Chittagong,Sports,972.25,27,Desktop,PayPal,FALSE,7,FALSE,4,4,Free,High,2
7051,59,Female,Dhaka,Electronics,668.2,27,Tablet,Bank Transfer,TRUE,7,TRUE,4,12,Trial,High,2
7052,52,Other,Barisal,Sports,576.76,55,Tablet,Debit Card,FALSE,2,TRUE,4,9,Trial,Medium,1
7053,32,Female,Chittagong,Beauty,644.26,38,Desktop,Credit Card,FALSE,7,TRUE,1,1,Free,Medium,1
7054,29,Female,Sylhet,Beauty,528.13,21,Mobile,Cash on Delivery,TRUE,8,FALSE,1,9,Premium,Low,0
7055,46,Other,Rangpur,Clothing,996.6,21,Desktop,Credit Card,FALSE,1,FALSE,2,9,Free,Medium,1
7056,56,Other,Khulna,Toys,418.78,20,Desktop,Debit Card,TRUE,8,TRUE,5,10,Premium,High,2
7057,22,Other,Chittagong,Electronics,270.2,42,Desktop,Cash on Delivery,TRUE,1,TRUE,3,11,Free,High,2
7058,63,Other,Mymensingh,Clothing,665.67,39,Mobile,Credit Card,TRUE,7,TRUE,3,5,Trial,Medium,1
7059,52,Female,Khulna,Clothing,962.09,8,Mobile,Bank Transfer,FALSE,8,FALSE,4,11,Free,Low,0
7060,49,Other,Barisal,Groceries,227.42,23,Desktop,Cash on Delivery,FALSE,1,FALSE,1,6,Trial,Medium,1
7061,22,Other,Rangpur,Clothing,371.15,3,Desktop,PayPal,FALSE,9,TRUE,4,4,Free,High,2
7062,43,Female,Rangpur,Toys,665.53,30,Mobile,Credit Card,FALSE,4,FALSE,5,8,Free,High,2
7063,56,Male,Rajshahi,Toys,379.55,22,Tablet,Bank Transfer,FALSE,5,TRUE,5,13,Premium,High,2
7064,44,Male,Khulna,Clothing,35.92,13,Desktop,Credit Card,TRUE,6,TRUE,2,5,Trial,High,2
7065,23,Female,Dhaka,Beauty,308.51,55,Mobile,Cash on Delivery,TRUE,5,FALSE,4,8,Premium,Low,0
7066,38,Other,Dhaka,Sports,10.56,5,Tablet,Debit Card,FALSE,4,FALSE,1,4,Premium,Medium,1
7067,34,Other,Barisal,Home,742.62,10,Desktop,Bank Transfer,TRUE,8,TRUE,5,6,Free,Medium,1
7068,50,Other,Khulna,Toys,905.43,29,Tablet,Credit Card,TRUE,2,FALSE,5,8,Trial,Medium,1
7069,61,Female,Barisal,Sports,734.79,30,Tablet,Bank Transfer,TRUE,8,FALSE,2,5,Free,Medium,1
7070,26,Male,Rangpur,Groceries,76.2,26,Desktop,Debit Card,TRUE,4,FALSE,4,11,Premium,High,2
7071,58,Other,Dhaka,Groceries,762.16,38,Tablet,Credit Card,FALSE,4,TRUE,3,7,Free,High,2
7072,32,Female,Barisal,Beauty,777.11,40,Tablet,Debit Card,TRUE,9,FALSE,5,11,Premium,High,2
7073,65,Male,Mymensingh,Books,606.06,26,Tablet,Bank Transfer,TRUE,2,TRUE,1,6,Free,Medium,1
7074,19,Male,Mymensingh,Beauty,906.81,4,Tablet,Bank Transfer,FALSE,5,TRUE,3,11,Trial,Medium,1
7075,33,Female,Rangpur,Electronics,443.82,25,Desktop,PayPal,FALSE,1,FALSE,5,6,Premium,High,2
7076,58,Male,Rajshahi,Electronics,291.16,18,Tablet,Debit Card,TRUE,7,FALSE,4,10,Free,Medium,1
7077,31,Female,Rangpur,Home,629.93,38,Desktop,Credit Card,FALSE,9,FALSE,3,5,Trial,Low,0
7078,19,Other,Sylhet,Beauty,45.42,39,Tablet,Cash on Delivery,FALSE,3,FALSE,3,4,Free,High,2
7079,53,Other,Rajshahi,Toys,278.97,4,Mobile,Debit Card,FALSE,3,TRUE,4,12,Premium,High,2
7080,60,Female,Rajshahi,Toys,629.02,50,Tablet,Credit Card,FALSE,3,FALSE,3,13,Free,Medium,1
7081,69,Male,Rangpur,Home,392.92,17,Tablet,Debit Card,TRUE,5,FALSE,1,7,Trial,Low,0
7082,53,Female,Rajshahi,Sports,777.15,3,Mobile,Debit Card,FALSE,4,FALSE,4,10,Trial,Medium,1
7083,19,Female,Sylhet,Books,576.84,25,Mobile,Cash on Delivery,FALSE,1,FALSE,1,12,Trial,High,2
7084,31,Female,Rajshahi,Sports,83.61,13,Desktop,PayPal,TRUE,2,TRUE,1,9,Trial,Medium,1
7085,18,Other,Mymensingh,Beauty,633.68,48,Desktop,Cash on Delivery,TRUE,7,TRUE,1,5,Premium,Low,0
7086,59,Female,Rangpur,Clothing,826.95,25,Mobile,Cash on Delivery,TRUE,3,FALSE,4,13,Trial,High,2
7087,46,Female,Rajshahi,Sports,99.3,1,Mobile,PayPal,TRUE,1,TRUE,2,9,Free,Low,0
7088,43,Female,Dhaka,Home,941.44,42,Mobile,Bank Transfer,FALSE,8,FALSE,4,2,Premium,Medium,1
7089,55,Female,Khulna,Groceries,173.74,53,Mobile,Bank Transfer,TRUE,5,TRUE,3,5,Premium,Low,0
7090,41,Male,Khulna,Home,388.28,48,Mobile,Bank Transfer,TRUE,2,FALSE,2,2,Trial,High,2
7091,54,Female,Mymensingh,Home,872.82,4,Tablet,Cash on Delivery,TRUE,8,FALSE,2,8,Trial,High,2
7092,19,Female,Dhaka,Home,738.26,41,Desktop,Credit Card,TRUE,7,TRUE,4,8,Premium,Low,0
7093,65,Female,Sylhet,Beauty,853.63,7,Desktop,Debit Card,TRUE,8,FALSE,4,12,Free,High,2
7094,28,Other,Barisal,Toys,68.54,47,Mobile,Debit Card,FALSE,6,FALSE,2,10,Trial,Low,0
7095,20,Male,Khulna,Beauty,190.61,26,Tablet,Cash on Delivery,TRUE,7,FALSE,2,8,Free,High,2
7096,44,Female,Chittagong,Home,401.96,50,Tablet,PayPal,TRUE,4,TRUE,1,13,Trial,Medium,1
7097,60,Female,Chittagong,Clothing,140.63,24,Tablet,Cash on Delivery,TRUE,8,TRUE,2,6,Premium,High,2
7098,57,Other,Barisal,Books,398,39,Desktop,Bank Transfer,FALSE,8,TRUE,5,2,Trial,Low,0
7099,57,Female,Rangpur,Home,319.14,23,Mobile,PayPal,FALSE,7,FALSE,4,12,Free,Low,0
7100,63,Other,Khulna,Books,777.17,55,Mobile,Bank Transfer,FALSE,8,FALSE,2,4,Trial,High,2
7101,53,Male,Dhaka,Toys,793.07,37,Tablet,Debit Card,TRUE,7,FALSE,2,6,Premium,Low,0
7102,30,Female,Barisal,Electronics,437.44,34,Tablet,Cash on Delivery,FALSE,6,TRUE,3,7,Trial,Low,0
7103,48,Female,Khulna,Books,824.42,35,Tablet,Bank Transfer,TRUE,7,TRUE,5,13,Free,High,2
7104,44,Female,Khulna,Groceries,540.44,14,Mobile,Credit Card,FALSE,1,FALSE,1,10,Trial,High,2
7105,35,Other,Sylhet,Books,705.17,31,Desktop,Cash on Delivery,TRUE,2,TRUE,1,3,Premium,High,2
7106,21,Male,Barisal,Groceries,38.92,46,Mobile,Debit Card,TRUE,6,FALSE,5,6,Premium,Low,0
7107,35,Female,Sylhet,Books,145.91,7,Mobile,PayPal,FALSE,1,FALSE,1,3,Premium,Low,0
7108,61,Female,Chittagong,Groceries,733.11,46,Tablet,Bank Transfer,FALSE,4,FALSE,2,10,Premium,Medium,1
7109,49,Male,Mymensingh,Books,185.67,59,Mobile,Credit Card,TRUE,8,FALSE,3,12,Premium,Low,0
7110,47,Other,Barisal,Toys,320.73,15,Desktop,Credit Card,TRUE,3,TRUE,2,8,Trial,Low,0
7111,21,Other,Chittagong,Electronics,156.9,2,Desktop,Debit Card,FALSE,6,FALSE,3,7,Free,Medium,1
7112,26,Female,Rangpur,Toys,747.18,47,Mobile,Debit Card,FALSE,3,TRUE,1,1,Premium,Medium,1
7113,37,Male,Rangpur,Home,851.69,5,Tablet,Credit Card,TRUE,5,FALSE,3,1,Premium,Low,0
7114,69,Other,Rangpur,Home,243.07,10,Mobile,Cash on Delivery,TRUE,1,TRUE,4,2,Trial,High,2
7115,42,Other,Rangpur,Clothing,26.17,51,Desktop,PayPal,FALSE,7,FALSE,4,6,Free,Low,0
7116,56,Male,Barisal,Books,530.83,3,Mobile,Credit Card,TRUE,5,FALSE,2,13,Premium,Medium,1
7117,32,Female,Chittagong,Toys,862.75,47,Mobile,Credit Card,TRUE,4,FALSE,2,3,Free,Low,0
7118,57,Female,Chittagong,Clothing,256.39,33,Desktop,Debit Card,TRUE,7,TRUE,1,3,Premium,Low,0
7119,50,Male,Khulna,Books,640.87,25,Tablet,Bank Transfer,FALSE,2,TRUE,5,12,Free,Low,0
7120,38,Female,Dhaka,Books,999.23,48,Mobile,Debit Card,FALSE,8,TRUE,1,11,Trial,Low,0
7121,29,Male,Mymensingh,Books,296.09,22,Desktop,Cash on Delivery,TRUE,5,FALSE,2,4,Free,Low,0
7122,30,Male,Rajshahi,Toys,370.29,58,Desktop,Cash on Delivery,FALSE,8,TRUE,5,9,Trial,Low,0
7123,61,Male,Barisal,Sports,629,37,Tablet,Cash on Delivery,FALSE,6,TRUE,1,7,Trial,Low,0
7124,40,Other,Sylhet,Beauty,255.13,21,Mobile,PayPal,FALSE,6,TRUE,3,5,Trial,Low,0
7125,38,Female,Chittagong,Beauty,856.95,55,Desktop,PayPal,FALSE,6,TRUE,3,2,Trial,Medium,1
7126,65,Female,Khulna,Books,51.75,39,Mobile,Credit Card,TRUE,9,TRUE,1,6,Premium,Low,0
7127,63,Male,Dhaka,Toys,321.67,2,Tablet,Debit Card,TRUE,2,TRUE,1,4,Trial,High,2
7128,37,Male,Dhaka,Sports,116,51,Desktop,PayPal,FALSE,6,TRUE,1,7,Free,Medium,1
7129,66,Male,Chittagong,Groceries,894.57,14,Tablet,Credit Card,TRUE,1,FALSE,5,7,Premium,Low,0
7130,58,Female,Rajshahi,Beauty,113.12,38,Desktop,Credit Card,FALSE,8,TRUE,1,8,Trial,Medium,1
7131,53,Female,Sylhet,Books,678.23,19,Mobile,Debit Card,TRUE,7,TRUE,2,1,Premium,Medium,1
7132,41,Male,Chittagong,Electronics,744.24,2,Mobile,Bank Transfer,FALSE,8,TRUE,3,1,Trial,Low,0
7133,20,Other,Barisal,Electronics,355.17,31,Mobile,Credit Card,TRUE,5,TRUE,1,13,Trial,High,2
7134,43,Other,Chittagong,Toys,391.11,11,Tablet,Cash on Delivery,FALSE,5,FALSE,4,9,Trial,High,2
7135,62,Other,Rajshahi,Groceries,724.2,7,Tablet,Debit Card,TRUE,9,FALSE,2,9,Trial,High,2
7136,26,Other,Mymensingh,Books,296.78,14,Tablet,PayPal,FALSE,3,TRUE,2,10,Free,Low,0
7137,56,Female,Sylhet,Clothing,262.98,5,Mobile,Debit Card,TRUE,3,FALSE,4,9,Premium,Low,0
7138,28,Male,Barisal,Books,844.23,17,Tablet,Credit Card,TRUE,4,FALSE,1,13,Premium,Low,0
7139,52,Female,Rangpur,Toys,698.78,45,Mobile,PayPal,TRUE,7,FALSE,4,8,Premium,Medium,1
7140,32,Male,Sylhet,Electronics,179.36,44,Mobile,PayPal,TRUE,9,FALSE,2,6,Premium,Medium,1
7141,51,Other,Sylhet,Sports,243.61,26,Tablet,Debit Card,TRUE,8,FALSE,5,9,Trial,Medium,1
7142,62,Female,Khulna,Sports,300.46,59,Desktop,Credit Card,TRUE,1,TRUE,1,11,Free,Medium,1
7143,27,Male,Sylhet,Toys,155.32,4,Tablet,Bank Transfer,TRUE,9,TRUE,3,5,Premium,High,2
7144,62,Other,Chittagong,Electronics,863.88,4,Tablet,PayPal,FALSE,3,TRUE,2,11,Premium,Medium,1
7145,24,Female,Khulna,Clothing,662.17,23,Tablet,Credit Card,TRUE,4,FALSE,2,12,Free,Low,0
7146,31,Male,Khulna,Books,424.14,57,Mobile,Credit Card,FALSE,3,FALSE,1,13,Free,Low,0
7147,46,Female,Dhaka,Home,283.41,49,Mobile,Bank Transfer,FALSE,8,FALSE,1,5,Premium,High,2
7148,62,Male,Chittagong,Toys,245.66,18,Tablet,Bank Transfer,FALSE,2,FALSE,3,2,Free,Medium,1
7149,49,Female,Chittagong,Home,602.76,49,Mobile,Bank Transfer,FALSE,2,TRUE,4,13,Trial,Medium,1
7150,28,Male,Khulna,Beauty,810.72,6,Mobile,Debit Card,FALSE,8,FALSE,4,7,Free,Medium,1
7151,58,Other,Khulna,Home,287.85,26,Desktop,PayPal,FALSE,7,TRUE,1,1,Trial,High,2
7152,27,Male,Khulna,Groceries,117.21,57,Tablet,Credit Card,FALSE,4,FALSE,4,5,Premium,Low,0
7153,67,Other,Rangpur,Home,330.5,57,Mobile,PayPal,FALSE,2,TRUE,4,12,Free,Low,0
7154,18,Male,Rajshahi,Home,161.28,41,Tablet,Cash on Delivery,TRUE,4,FALSE,3,1,Premium,Medium,1
7155,56,Male,Chittagong,Sports,897.45,20,Mobile,PayPal,TRUE,2,TRUE,2,13,Premium,Medium,1
7156,21,Female,Dhaka,Toys,86.54,46,Desktop,Bank Transfer,FALSE,8,FALSE,2,12,Free,Low,0
7157,30,Other,Mymensingh,Beauty,427.67,7,Tablet,Bank Transfer,TRUE,4,FALSE,3,9,Premium,High,2
7158,59,Male,Sylhet,Groceries,299.22,6,Mobile,PayPal,FALSE,6,FALSE,5,5,Free,Low,0
7159,57,Female,Rajshahi,Sports,958.76,18,Tablet,Cash on Delivery,FALSE,5,TRUE,3,6,Free,High,2
7160,50,Male,Chittagong,Sports,13.43,22,Tablet,Credit Card,FALSE,1,TRUE,3,4,Trial,High,2
7161,51,Other,Chittagong,Home,329.64,7,Tablet,Cash on Delivery,FALSE,5,TRUE,4,8,Premium,Low,0
7162,64,Female,Barisal,Toys,629.99,11,Desktop,PayPal,TRUE,5,TRUE,1,2,Premium,Medium,1
7163,64,Female,Chittagong,Groceries,283.34,17,Tablet,Credit Card,TRUE,7,TRUE,3,4,Premium,High,2
7164,33,Male,Khulna,Electronics,450.45,58,Desktop,Credit Card,FALSE,5,TRUE,5,8,Trial,High,2
7165,24,Male,Khulna,Groceries,240.77,47,Mobile,Credit Card,TRUE,4,TRUE,1,10,Trial,Low,0
7166,34,Male,Rajshahi,Electronics,783.16,14,Mobile,Credit Card,FALSE,2,FALSE,4,9,Trial,High,2
7167,49,Female,Mymensingh,Beauty,769.82,12,Tablet,Credit Card,FALSE,4,TRUE,3,10,Trial,Low,0
7168,25,Female,Dhaka,Electronics,325.03,50,Mobile,PayPal,FALSE,6,FALSE,4,10,Premium,High,2
7169,19,Male,Rajshahi,Books,137.42,56,Desktop,Cash on Delivery,FALSE,8,TRUE,1,8,Trial,High,2
7170,24,Male,Chittagong,Beauty,385.72,44,Desktop,Credit Card,FALSE,2,FALSE,2,5,Premium,High,2
7171,28,Male,Mymensingh,Home,792.55,29,Mobile,PayPal,FALSE,2,TRUE,1,8,Premium,Low,0
7172,57,Male,Sylhet,Books,769.73,2,Mobile,Bank Transfer,TRUE,6,TRUE,4,6,Trial,Low,0
7173,33,Male,Mymensingh,Sports,482.05,23,Desktop,Bank Transfer,FALSE,5,FALSE,5,8,Premium,High,2
7174,38,Other,Barisal,Electronics,822.18,35,Mobile,Debit Card,FALSE,6,FALSE,4,2,Trial,Medium,1
7175,35,Male,Barisal,Sports,79.23,28,Tablet,Cash on Delivery,FALSE,9,TRUE,5,11,Trial,High,2
7176,33,Male,Mymensingh,Electronics,607.36,3,Mobile,Credit Card,FALSE,5,TRUE,5,8,Premium,Medium,1
7177,67,Other,Mymensingh,Books,487.1,17,Mobile,Bank Transfer,TRUE,2,FALSE,4,7,Free,Medium,1
7178,41,Male,Mymensingh,Books,653.1,43,Desktop,Debit Card,TRUE,7,FALSE,4,3,Free,High,2
7179,59,Male,Khulna,Electronics,225.08,42,Mobile,Cash on Delivery,TRUE,5,TRUE,4,10,Free,Medium,1
7180,42,Female,Dhaka,Clothing,665.26,38,Tablet,Bank Transfer,FALSE,7,FALSE,2,4,Premium,High,2
7181,50,Male,Rangpur,Clothing,857.14,29,Mobile,Credit Card,TRUE,7,FALSE,4,3,Premium,High,2
7182,18,Female,Rangpur,Clothing,656.24,44,Tablet,Credit Card,TRUE,9,TRUE,3,10,Trial,High,2
7183,69,Female,Chittagong,Clothing,61.9,42,Tablet,Debit Card,TRUE,6,FALSE,3,1,Premium,Low,0
7184,60,Male,Rajshahi,Books,565.66,51,Desktop,Cash on Delivery,FALSE,9,FALSE,5,5,Free,Medium,1
7185,25,Female,Mymensingh,Books,291.26,40,Mobile,Cash on Delivery,TRUE,8,FALSE,2,1,Premium,Low,0
7186,21,Other,Mymensingh,Clothing,740.54,25,Mobile,Cash on Delivery,FALSE,3,FALSE,3,12,Trial,High,2
7187,49,Other,Mymensingh,Electronics,233.68,22,Desktop,Bank Transfer,TRUE,4,TRUE,1,13,Premium,High,2
7188,62,Other,Rajshahi,Electronics,343.55,35,Mobile,PayPal,TRUE,5,FALSE,3,8,Free,Low,0
7189,67,Other,Rangpur,Electronics,666,46,Tablet,Cash on Delivery,TRUE,1,FALSE,1,13,Free,High,2
7190,55,Male,Rangpur,Groceries,251.1,33,Desktop,Debit Card,FALSE,4,TRUE,2,3,Free,High,2
7191,24,Other,Rajshahi,Clothing,94.63,33,Mobile,Cash on Delivery,TRUE,8,TRUE,4,7,Free,High,2
7192,58,Male,Mymensingh,Books,764.05,12,Desktop,PayPal,FALSE,7,TRUE,5,9,Premium,Medium,1
7193,30,Other,Sylhet,Electronics,387.84,5,Desktop,Bank Transfer,FALSE,9,TRUE,3,3,Premium,High,2
7194,68,Male,Barisal,Sports,143.42,25,Desktop,Cash on Delivery,TRUE,3,TRUE,4,11,Trial,Medium,1
7195,57,Other,Rangpur,Groceries,273.44,53,Mobile,PayPal,FALSE,5,FALSE,2,10,Premium,Medium,1
7196,20,Female,Barisal,Books,328.04,42,Desktop,Bank Transfer,TRUE,3,FALSE,4,3,Premium,Medium,1
7197,66,Male,Mymensingh,Toys,449.97,9,Desktop,Bank Transfer,FALSE,2,FALSE,5,8,Premium,Medium,1
7198,52,Other,Rajshahi,Groceries,710.71,30,Desktop,PayPal,TRUE,4,TRUE,5,5,Premium,Medium,1
7199,29,Other,Dhaka,Sports,326,44,Mobile,PayPal,TRUE,2,FALSE,5,7,Trial,Medium,1
7200,54,Male,Barisal,Home,704.72,41,Tablet,PayPal,TRUE,9,TRUE,2,5,Trial,Low,0
7201,69,Male,Rajshahi,Home,386.15,21,Mobile,Bank Transfer,FALSE,5,TRUE,3,4,Free,Medium,1
7202,57,Female,Mymensingh,Toys,910.19,5,Mobile,Debit Card,TRUE,3,TRUE,2,10,Free,Medium,1
7203,32,Female,Rangpur,Books,283.57,24,Desktop,PayPal,TRUE,5,FALSE,1,1,Free,Medium,1
7204,25,Male,Barisal,Clothing,620.08,17,Desktop,PayPal,FALSE,9,TRUE,4,7,Premium,High,2
7205,25,Male,Mymensingh,Books,604.39,21,Tablet,PayPal,TRUE,6,TRUE,4,5,Trial,Low,0
7206,63,Other,Rangpur,Beauty,400.52,22,Desktop,Credit Card,TRUE,9,TRUE,5,4,Premium,High,2
7207,37,Female,Chittagong,Home,55.77,10,Mobile,Credit Card,TRUE,8,TRUE,5,13,Premium,Medium,1
7208,24,Female,Rangpur,Books,414.69,39,Tablet,Bank Transfer,FALSE,3,FALSE,3,1,Trial,Low,0
7209,46,Female,Rangpur,Home,233,32,Desktop,Credit Card,TRUE,3,TRUE,2,2,Free,High,2
7210,23,Male,Barisal,Home,45.91,5,Desktop,Bank Transfer,FALSE,4,FALSE,1,7,Free,Low,0
7211,61,Other,Rangpur,Toys,312.35,29,Mobile,Debit Card,FALSE,9,FALSE,2,11,Premium,High,2
7212,66,Male,Barisal,Home,201.81,13,Tablet,Credit Card,TRUE,3,FALSE,5,3,Free,Low,0
7213,64,Female,Rajshahi,Clothing,244.35,15,Desktop,Debit Card,FALSE,7,FALSE,2,12,Trial,High,2
7214,58,Other,Barisal,Electronics,804.25,50,Desktop,Credit Card,FALSE,7,FALSE,1,6,Trial,High,2
7215,61,Female,Mymensingh,Groceries,167.58,10,Desktop,Cash on Delivery,FALSE,4,TRUE,2,1,Free,Low,0
7216,36,Female,Dhaka,Clothing,286.57,35,Desktop,Credit Card,FALSE,4,TRUE,2,7,Free,High,2
7217,34,Male,Rangpur,Electronics,617.77,30,Desktop,Debit Card,FALSE,3,FALSE,4,8,Free,Low,0
7218,48,Female,Sylhet,Clothing,291.07,24,Tablet,Debit Card,FALSE,1,FALSE,1,4,Trial,High,2
7219,33,Female,Dhaka,Toys,569.25,27,Mobile,Bank Transfer,TRUE,7,TRUE,1,1,Trial,Low,0
7220,62,Other,Sylhet,Toys,112.89,38,Mobile,Cash on Delivery,FALSE,4,FALSE,1,2,Premium,High,2
7221,18,Male,Barisal,Books,813.6,20,Mobile,Bank Transfer,TRUE,9,FALSE,1,2,Free,High,2
7222,47,Other,Mymensingh,Electronics,62.26,24,Mobile,Bank Transfer,FALSE,3,FALSE,4,11,Trial,Medium,1
7223,26,Other,Rangpur,Groceries,534.44,31,Mobile,Cash on Delivery,FALSE,2,FALSE,3,5,Free,High,2
7224,21,Female,Chittagong,Clothing,202.81,43,Desktop,Debit Card,FALSE,9,TRUE,5,9,Premium,High,2
7225,54,Other,Chittagong,Clothing,911.78,40,Mobile,Credit Card,TRUE,5,FALSE,2,12,Free,High,2
7226,31,Male,Rajshahi,Home,54.94,44,Tablet,PayPal,FALSE,3,FALSE,4,4,Premium,High,2
7227,58,Other,Dhaka,Sports,413.99,46,Desktop,PayPal,TRUE,9,FALSE,5,5,Premium,Low,0
7228,22,Male,Sylhet,Electronics,670.24,32,Mobile,PayPal,FALSE,3,FALSE,3,5,Free,Low,0
7229,39,Other,Dhaka,Toys,113.86,59,Desktop,Debit Card,TRUE,7,FALSE,5,2,Premium,High,2
7230,38,Female,Rangpur,Toys,481.82,27,Tablet,PayPal,TRUE,6,FALSE,5,12,Premium,Medium,1
7231,60,Other,Khulna,Sports,164.66,32,Mobile,Bank Transfer,FALSE,1,FALSE,1,8,Trial,Low,0
7232,33,Male,Dhaka,Beauty,529.25,2,Mobile,Bank Transfer,FALSE,4,FALSE,5,7,Free,High,2
7233,31,Female,Rajshahi,Groceries,806.68,23,Mobile,Debit Card,TRUE,4,FALSE,3,13,Premium,Medium,1
7234,36,Female,Mymensingh,Home,189.53,12,Tablet,Debit Card,TRUE,3,FALSE,1,13,Trial,High,2
7235,27,Other,Dhaka,Beauty,164.8,38,Mobile,PayPal,FALSE,1,FALSE,3,5,Free,Medium,1
7236,18,Other,Rangpur,Groceries,387.69,30,Tablet,Debit Card,FALSE,9,TRUE,2,7,Trial,High,2
7237,50,Other,Rajshahi,Clothing,280.22,43,Mobile,Cash on Delivery,TRUE,5,FALSE,5,13,Free,Low,0
7238,68,Other,Rajshahi,Toys,64.26,30,Tablet,Debit Card,FALSE,8,FALSE,2,8,Trial,Medium,1
7239,31,Other,Rangpur,Toys,125.59,46,Mobile,Cash on Delivery,TRUE,3,TRUE,3,1,Free,Medium,1
7240,64,Other,Rajshahi,Books,490.08,30,Mobile,PayPal,TRUE,5,FALSE,5,3,Premium,High,2
7241,49,Other,Rajshahi,Home,759.05,15,Tablet,Debit Card,TRUE,1,TRUE,5,12,Premium,Low,0
7242,67,Male,Barisal,Electronics,757.05,25,Tablet,Bank Transfer,TRUE,1,FALSE,1,8,Free,High,2
7243,19,Other,Barisal,Home,923.34,56,Mobile,PayPal,TRUE,8,FALSE,3,13,Premium,High,2
7244,54,Male,Rangpur,Toys,554.12,56,Tablet,Debit Card,FALSE,1,FALSE,1,9,Free,Low,0
7245,53,Female,Chittagong,Home,593.24,58,Tablet,Bank Transfer,TRUE,7,TRUE,3,4,Premium,Medium,1
7246,44,Female,Sylhet,Books,354.38,54,Desktop,Bank Transfer,FALSE,9,TRUE,1,5,Free,Low,0
7247,47,Female,Chittagong,Sports,456.94,20,Mobile,Bank Transfer,TRUE,5,FALSE,3,13,Trial,Low,0
7248,56,Male,Barisal,Books,616.57,7,Desktop,Cash on Delivery,TRUE,9,FALSE,5,1,Premium,Low,0
7249,61,Other,Mymensingh,Electronics,86.26,39,Desktop,Credit Card,FALSE,4,TRUE,2,1,Premium,High,2
7250,40,Female,Khulna,Books,12.72,35,Tablet,Debit Card,TRUE,6,TRUE,5,2,Free,Low,0
7251,61,Other,Dhaka,Groceries,192.79,43,Tablet,Bank Transfer,TRUE,9,TRUE,3,12,Free,Medium,1
7252,23,Other,Chittagong,Home,629.78,49,Desktop,Credit Card,TRUE,5,FALSE,1,4,Trial,High,2
7253,67,Male,Khulna,Beauty,553.93,15,Mobile,Debit Card,FALSE,2,TRUE,1,8,Trial,Low,0
7254,59,Male,Barisal,Toys,551.8,45,Desktop,Bank Transfer,TRUE,8,TRUE,2,4,Premium,Medium,1
7255,41,Male,Dhaka,Beauty,694.48,32,Mobile,Cash on Delivery,TRUE,1,FALSE,5,11,Free,Low,0
7256,22,Other,Mymensingh,Clothing,155.86,13,Tablet,Debit Card,FALSE,7,TRUE,5,4,Trial,High,2
7257,33,Male,Mymensingh,Clothing,735.43,30,Tablet,Credit Card,TRUE,1,TRUE,3,8,Premium,High,2
7258,41,Female,Rangpur,Books,32.25,41,Mobile,Debit Card,FALSE,2,FALSE,5,13,Trial,High,2
7259,20,Other,Chittagong,Books,881.93,57,Tablet,Debit Card,FALSE,1,FALSE,2,1,Premium,Medium,1
7260,22,Female,Khulna,Electronics,252.71,24,Desktop,Bank Transfer,TRUE,2,FALSE,2,9,Trial,High,2
7261,44,Female,Rajshahi,Books,524.84,39,Tablet,Bank Transfer,FALSE,4,TRUE,4,10,Free,Medium,1
7262,53,Male,Dhaka,Sports,190,58,Tablet,Cash on Delivery,FALSE,9,FALSE,3,12,Free,High,2
7263,61,Female,Barisal,Sports,943.39,55,Desktop,Debit Card,TRUE,3,FALSE,4,5,Premium,High,2
7264,55,Male,Mymensingh,Toys,804.8,45,Tablet,Cash on Delivery,FALSE,7,FALSE,2,10,Trial,High,2
7265,39,Female,Mymensingh,Toys,194.92,15,Tablet,Credit Card,TRUE,6,FALSE,1,9,Free,High,2
7266,43,Female,Dhaka,Home,766.73,7,Mobile,Cash on Delivery,TRUE,3,TRUE,3,8,Trial,Medium,1
7267,52,Female,Rajshahi,Beauty,824.28,9,Tablet,Cash on Delivery,TRUE,8,FALSE,1,12,Free,High,2
7268,43,Female,Dhaka,Toys,813.72,15,Desktop,PayPal,FALSE,7,TRUE,3,10,Premium,Medium,1
7269,35,Female,Chittagong,Clothing,463.48,14,Mobile,Credit Card,TRUE,4,TRUE,3,8,Trial,High,2
7270,38,Female,Dhaka,Books,919.44,5,Tablet,Cash on Delivery,TRUE,5,TRUE,2,6,Trial,High,2
7271,49,Male,Khulna,Groceries,556.85,43,Mobile,Cash on Delivery,TRUE,9,FALSE,5,10,Free,Low,0
7272,63,Male,Barisal,Electronics,788.31,2,Tablet,Debit Card,TRUE,8,FALSE,4,11,Free,High,2
7273,67,Other,Dhaka,Clothing,559.61,46,Tablet,Debit Card,TRUE,1,FALSE,1,9,Free,Low,0
7274,51,Male,Chittagong,Electronics,566.55,45,Tablet,Credit Card,FALSE,9,TRUE,5,9,Trial,High,2
7275,55,Female,Rajshahi,Clothing,526.56,46,Desktop,Cash on Delivery,TRUE,5,TRUE,5,4,Trial,High,2
7276,61,Other,Barisal,Sports,924.23,12,Mobile,Credit Card,FALSE,7,TRUE,5,12,Free,Medium,1
7277,45,Other,Rajshahi,Books,933.37,54,Desktop,Bank Transfer,TRUE,7,TRUE,5,11,Premium,High,2
7278,68,Male,Sylhet,Electronics,532.42,59,Mobile,Cash on Delivery,TRUE,8,FALSE,5,8,Free,Medium,1
7279,66,Male,Chittagong,Sports,209.03,21,Mobile,Bank Transfer,TRUE,6,FALSE,1,3,Trial,High,2
7280,19,Other,Dhaka,Toys,782.43,26,Tablet,Bank Transfer,TRUE,8,TRUE,1,8,Trial,Low,0
7281,55,Other,Rangpur,Home,897.27,46,Mobile,Bank Transfer,TRUE,2,FALSE,2,2,Premium,Medium,1
7282,60,Female,Khulna,Books,650.26,21,Tablet,PayPal,FALSE,3,TRUE,4,10,Free,Medium,1
7283,18,Male,Barisal,Books,523.06,31,Desktop,Debit Card,FALSE,8,TRUE,1,4,Trial,High,2
7284,54,Other,Rajshahi,Groceries,428.11,57,Mobile,Credit Card,TRUE,7,TRUE,1,12,Premium,Low,0
7285,65,Female,Khulna,Electronics,471.08,10,Desktop,Debit Card,FALSE,3,FALSE,2,10,Trial,Medium,1
7286,30,Other,Khulna,Clothing,310.44,13,Tablet,Debit Card,TRUE,5,TRUE,4,1,Free,Low,0
7287,47,Female,Chittagong,Sports,13.58,17,Desktop,Bank Transfer,FALSE,7,TRUE,5,7,Free,High,2
7288,59,Female,Sylhet,Toys,931.44,20,Tablet,Debit Card,FALSE,3,FALSE,4,3,Free,Low,0
7289,36,Other,Sylhet,Clothing,160.3,39,Tablet,Debit Card,TRUE,8,TRUE,4,6,Trial,High,2
7290,22,Female,Sylhet,Home,204.46,16,Tablet,PayPal,FALSE,6,TRUE,5,11,Free,High,2
7291,39,Other,Khulna,Groceries,785.27,6,Desktop,PayPal,TRUE,7,TRUE,4,1,Trial,Medium,1
7292,32,Other,Mymensingh,Toys,943.34,56,Desktop,Debit Card,FALSE,8,TRUE,4,11,Premium,High,2
7293,57,Female,Dhaka,Books,746.32,41,Mobile,Credit Card,TRUE,3,FALSE,1,5,Premium,Low,0
7294,39,Male,Khulna,Beauty,867.65,54,Tablet,PayPal,TRUE,9,FALSE,2,9,Free,Low,0
7295,43,Female,Mymensingh,Electronics,359.58,34,Tablet,PayPal,FALSE,5,FALSE,5,4,Free,Medium,1
7296,25,Male,Barisal,Groceries,65.11,35,Tablet,Cash on Delivery,FALSE,4,FALSE,1,1,Trial,Low,0
7297,46,Female,Chittagong,Electronics,536.08,32,Desktop,Credit Card,TRUE,1,FALSE,3,11,Premium,Medium,1
7298,45,Other,Barisal,Electronics,602.9,22,Tablet,Credit Card,FALSE,2,TRUE,4,8,Free,Medium,1
7299,59,Female,Barisal,Books,945.33,58,Tablet,Debit Card,TRUE,1,FALSE,1,7,Premium,High,2
7300,44,Other,Barisal,Sports,933.57,5,Desktop,Debit Card,FALSE,4,FALSE,5,13,Free,High,2
7301,59,Other,Sylhet,Groceries,854.58,4,Desktop,Debit Card,FALSE,1,TRUE,5,2,Trial,High,2
7302,32,Male,Rajshahi,Home,252.43,20,Mobile,Bank Transfer,TRUE,8,FALSE,3,11,Premium,Medium,1
7303,19,Male,Chittagong,Toys,565.51,23,Mobile,Cash on Delivery,FALSE,4,TRUE,1,2,Free,Medium,1
7304,19,Other,Rangpur,Toys,811.06,12,Tablet,Debit Card,FALSE,5,FALSE,2,10,Premium,Medium,1
7305,47,Other,Rajshahi,Electronics,365.91,13,Mobile,Debit Card,TRUE,5,TRUE,2,6,Premium,Medium,1
7306,26,Male,Rangpur,Home,749.84,47,Tablet,Bank Transfer,FALSE,1,FALSE,5,9,Trial,High,2
7307,29,Male,Rajshahi,Electronics,50.97,53,Tablet,Cash on Delivery,TRUE,6,TRUE,3,8,Trial,Medium,1
7308,39,Female,Rajshahi,Sports,208.3,52,Desktop,PayPal,FALSE,9,TRUE,4,8,Premium,Low,0
7309,46,Female,Khulna,Groceries,272.57,52,Mobile,PayPal,TRUE,2,FALSE,2,10,Free,Low,0
7310,51,Male,Barisal,Sports,399.87,59,Mobile,Credit Card,FALSE,3,FALSE,4,5,Free,High,2
7311,18,Female,Sylhet,Toys,190.71,38,Mobile,Debit Card,TRUE,4,TRUE,5,6,Free,Medium,1
7312,57,Male,Khulna,Books,511.22,19,Tablet,Credit Card,FALSE,2,FALSE,3,8,Free,Low,0
7313,29,Female,Barisal,Clothing,678.75,25,Desktop,Debit Card,TRUE,6,FALSE,3,8,Trial,Low,0
7314,44,Female,Rajshahi,Beauty,950.09,51,Tablet,Credit Card,TRUE,4,TRUE,5,9,Trial,Medium,1
7315,55,Other,Barisal,Sports,538.11,49,Tablet,PayPal,TRUE,3,TRUE,3,13,Trial,Low,0
7316,21,Other,Dhaka,Clothing,641.12,25,Desktop,Debit Card,FALSE,9,FALSE,2,10,Free,Low,0
7317,22,Female,Khulna,Home,249.21,33,Mobile,Credit Card,FALSE,1,FALSE,5,3,Premium,High,2
7318,38,Other,Chittagong,Clothing,550.87,49,Tablet,Credit Card,FALSE,4,FALSE,4,5,Trial,Low,0
7319,40,Other,Barisal,Home,725.72,8,Desktop,PayPal,FALSE,4,FALSE,3,8,Free,Low,0
7320,26,Female,Sylhet,Beauty,959.73,29,Tablet,Bank Transfer,TRUE,6,FALSE,5,7,Premium,Medium,1
7321,46,Other,Sylhet,Groceries,806.71,44,Mobile,Bank Transfer,TRUE,4,FALSE,2,2,Trial,Low,0
7322,51,Other,Khulna,Clothing,210.64,58,Tablet,Cash on Delivery,FALSE,2,TRUE,2,2,Free,High,2
7323,60,Other,Mymensingh,Toys,608.26,47,Desktop,Bank Transfer,FALSE,2,TRUE,2,13,Trial,High,2
7324,42,Female,Sylhet,Groceries,732.26,16,Desktop,Credit Card,FALSE,8,TRUE,1,10,Free,Low,0
7325,64,Other,Chittagong,Sports,504.1,23,Tablet,PayPal,TRUE,2,FALSE,1,7,Premium,Low,0
7326,59,Female,Dhaka,Books,330.76,51,Tablet,Credit Card,FALSE,5,TRUE,1,7,Trial,Low,0
7327,31,Male,Mymensingh,Beauty,695.07,42,Tablet,Cash on Delivery,FALSE,4,FALSE,1,3,Trial,Low,0
7328,31,Other,Mymensingh,Groceries,564.05,32,Tablet,Cash on Delivery,TRUE,8,TRUE,5,8,Free,Medium,1
7329,56,Other,Mymensingh,Books,170.8,44,Mobile,Cash on Delivery,TRUE,8,TRUE,4,11,Trial,High,2
7330,42,Female,Rajshahi,Electronics,794.91,11,Desktop,Debit Card,TRUE,3,FALSE,2,11,Free,High,2
7331,49,Other,Chittagong,Beauty,949.14,11,Desktop,PayPal,FALSE,5,TRUE,1,4,Trial,Medium,1
7332,55,Other,Mymensingh,Toys,638.99,2,Mobile,Cash on Delivery,FALSE,4,FALSE,5,12,Trial,Low,0
7333,47,Female,Dhaka,Beauty,639.56,47,Desktop,PayPal,TRUE,7,FALSE,1,4,Trial,Low,0
7334,48,Male,Chittagong,Groceries,345.68,50,Desktop,Debit Card,TRUE,4,TRUE,4,9,Trial,Low,0
7335,24,Other,Khulna,Electronics,529.35,29,Mobile,Bank Transfer,TRUE,1,TRUE,2,7,Trial,High,2
7336,36,Other,Barisal,Books,367.54,38,Desktop,Bank Transfer,FALSE,8,FALSE,1,10,Trial,High,2
7337,65,Other,Rajshahi,Toys,750.96,3,Mobile,Cash on Delivery,TRUE,6,TRUE,3,10,Premium,Medium,1
7338,26,Other,Dhaka,Home,183.11,37,Desktop,Credit Card,FALSE,6,FALSE,1,6,Free,Medium,1
7339,65,Male,Dhaka,Clothing,140.83,1,Desktop,Bank Transfer,FALSE,6,TRUE,2,10,Premium,Medium,1
7340,49,Other,Khulna,Electronics,816.41,44,Tablet,PayPal,TRUE,7,TRUE,5,7,Free,High,2
7341,27,Other,Chittagong,Toys,965.96,16,Desktop,Debit Card,FALSE,1,FALSE,2,2,Premium,High,2
7342,42,Male,Chittagong,Groceries,599.71,47,Tablet,PayPal,FALSE,4,FALSE,1,1,Premium,Medium,1
7343,44,Male,Sylhet,Groceries,62.6,30,Tablet,Credit Card,FALSE,6,FALSE,2,5,Trial,Low,0
7344,26,Female,Rajshahi,Clothing,595.98,13,Tablet,PayPal,FALSE,7,FALSE,4,2,Premium,Medium,1
7345,44,Female,Khulna,Clothing,645.54,35,Tablet,Bank Transfer,TRUE,2,FALSE,5,5,Free,High,2
7346,34,Male,Mymensingh,Electronics,364.11,29,Mobile,Debit Card,FALSE,1,FALSE,4,4,Trial,High,2
7347,43,Female,Mymensingh,Books,125.9,36,Mobile,Credit Card,FALSE,1,FALSE,2,2,Free,Low,0
7348,42,Male,Rajshahi,Clothing,144.8,16,Mobile,Cash on Delivery,TRUE,3,TRUE,3,13,Premium,Medium,1
7349,44,Male,Dhaka,Sports,281.33,8,Mobile,Debit Card,TRUE,7,TRUE,1,2,Trial,Low,0
7350,56,Female,Chittagong,Toys,510.5,56,Mobile,Cash on Delivery,FALSE,6,TRUE,1,2,Premium,Medium,1
7351,46,Female,Khulna,Clothing,809.99,59,Desktop,Cash on Delivery,FALSE,4,TRUE,2,5,Free,Low,0
7352,65,Other,Sylhet,Home,249.15,58,Desktop,Credit Card,TRUE,1,TRUE,2,10,Premium,Medium,1
7353,22,Other,Mymensingh,Beauty,293.11,11,Desktop,Credit Card,TRUE,8,TRUE,5,4,Free,Medium,1
7354,46,Male,Mymensingh,Home,102.77,43,Mobile,Credit Card,FALSE,7,FALSE,3,8,Trial,Low,0
7355,60,Other,Barisal,Beauty,460.73,18,Desktop,Debit Card,TRUE,5,FALSE,4,11,Trial,Medium,1
7356,27,Other,Dhaka,Groceries,843.96,25,Tablet,PayPal,FALSE,3,FALSE,1,5,Free,High,2
7357,33,Male,Sylhet,Clothing,380.84,35,Tablet,Cash on Delivery,FALSE,8,FALSE,4,2,Free,Low,0
7358,49,Other,Barisal,Clothing,186.46,34,Desktop,Cash on Delivery,TRUE,6,TRUE,4,4,Premium,Low,0
7359,58,Other,Dhaka,Books,121.41,10,Desktop,Cash on Delivery,FALSE,4,FALSE,2,8,Free,Low,0
7360,34,Male,Khulna,Beauty,72.6,15,Tablet,Credit Card,TRUE,6,FALSE,2,10,Trial,Low,0
7361,62,Male,Mymensingh,Beauty,914.41,8,Tablet,Credit Card,TRUE,3,FALSE,2,11,Trial,Medium,1
7362,45,Other,Mymensingh,Beauty,720.3,41,Tablet,PayPal,FALSE,1,TRUE,5,10,Premium,High,2
7363,46,Other,Chittagong,Electronics,482.8,49,Desktop,Bank Transfer,TRUE,6,FALSE,3,9,Premium,Medium,1
7364,66,Other,Barisal,Toys,53.45,49,Tablet,Cash on Delivery,TRUE,4,FALSE,5,10,Trial,Medium,1
7365,55,Other,Dhaka,Clothing,526,9,Tablet,Debit Card,TRUE,5,TRUE,3,7,Premium,High,2
7366,41,Female,Mymensingh,Books,486.91,20,Desktop,Debit Card,FALSE,5,FALSE,1,12,Trial,Medium,1
7367,45,Male,Chittagong,Groceries,76.63,12,Tablet,Credit Card,TRUE,2,FALSE,5,12,Trial,High,2
7368,64,Other,Dhaka,Beauty,359.63,36,Desktop,PayPal,TRUE,6,FALSE,3,12,Trial,Medium,1
7369,30,Male,Dhaka,Home,373.39,17,Desktop,Bank Transfer,FALSE,7,TRUE,2,6,Trial,High,2
7370,62,Female,Khulna,Books,546.88,52,Desktop,Credit Card,FALSE,5,TRUE,5,2,Trial,Medium,1
7371,51,Male,Barisal,Electronics,925.33,34,Tablet,Debit Card,FALSE,3,FALSE,4,6,Free,Low,0
7372,42,Other,Mymensingh,Clothing,902.07,49,Mobile,PayPal,TRUE,8,TRUE,2,3,Trial,Low,0
7373,34,Female,Rangpur,Groceries,992.5,16,Mobile,Credit Card,TRUE,7,TRUE,3,13,Premium,High,2
7374,42,Female,Sylhet,Home,96.81,48,Desktop,PayPal,FALSE,1,FALSE,4,6,Trial,High,2
7375,36,Other,Barisal,Clothing,412.95,45,Mobile,PayPal,FALSE,5,FALSE,1,9,Free,Low,0
7376,55,Other,Chittagong,Toys,525.5,7,Desktop,Bank Transfer,FALSE,7,TRUE,5,7,Free,Medium,1
7377,57,Female,Rangpur,Toys,274.58,2,Mobile,Bank Transfer,FALSE,8,TRUE,3,9,Free,High,2
7378,30,Male,Sylhet,Toys,358.47,33,Tablet,PayPal,FALSE,5,TRUE,3,5,Free,High,2
7379,33,Other,Mymensingh,Electronics,289.92,54,Desktop,Cash on Delivery,TRUE,7,TRUE,4,5,Free,Medium,1
7380,36,Male,Sylhet,Electronics,175.22,58,Desktop,Credit Card,FALSE,4,FALSE,1,8,Free,Medium,1
7381,63,Other,Sylhet,Electronics,173.89,20,Mobile,Credit Card,FALSE,6,TRUE,3,3,Trial,Low,0
7382,28,Male,Khulna,Toys,225.66,22,Mobile,Bank Transfer,TRUE,2,TRUE,3,11,Trial,High,2
7383,18,Female,Barisal,Groceries,917.58,41,Tablet,Credit Card,TRUE,3,FALSE,2,2,Premium,Low,0
7384,41,Female,Dhaka,Books,998.08,41,Mobile,Debit Card,TRUE,8,FALSE,3,1,Premium,Medium,1
7385,26,Other,Khulna,Clothing,453.39,51,Desktop,PayPal,FALSE,1,FALSE,3,10,Premium,Low,0
7386,64,Female,Rangpur,Books,48.85,33,Mobile,Cash on Delivery,FALSE,9,FALSE,5,2,Free,Medium,1
7387,25,Other,Barisal,Home,467.32,14,Desktop,Bank Transfer,TRUE,8,TRUE,3,6,Free,Low,0
7388,32,Female,Rajshahi,Beauty,921.36,45,Tablet,Debit Card,FALSE,5,FALSE,5,8,Premium,Low,0
7389,61,Female,Rajshahi,Home,607.33,24,Desktop,Debit Card,FALSE,9,TRUE,2,4,Trial,Low,0
7390,63,Female,Rangpur,Groceries,160.65,15,Mobile,Debit Card,TRUE,9,TRUE,1,12,Premium,High,2
7391,40,Other,Mymensingh,Toys,644.13,11,Tablet,Bank Transfer,FALSE,7,FALSE,5,7,Premium,Low,0
7392,33,Other,Khulna,Books,991.23,41,Mobile,PayPal,FALSE,6,FALSE,1,9,Trial,High,2
7393,41,Other,Dhaka,Beauty,397.69,54,Mobile,Bank Transfer,FALSE,4,TRUE,4,12,Trial,Low,0
7394,59,Female,Chittagong,Clothing,763.3,26,Tablet,Cash on Delivery,FALSE,5,FALSE,3,3,Trial,High,2
7395,19,Female,Chittagong,Groceries,556.61,47,Mobile,Cash on Delivery,TRUE,5,TRUE,4,13,Premium,High,2
7396,61,Other,Rajshahi,Toys,404.86,42,Tablet,Cash on Delivery,TRUE,5,TRUE,3,7,Trial,Low,0
7397,54,Other,Mymensingh,Sports,365.67,26,Desktop,Debit Card,TRUE,7,TRUE,3,3,Free,Medium,1
7398,53,Other,Rangpur,Electronics,283.28,59,Desktop,Cash on Delivery,FALSE,3,FALSE,2,6,Trial,Low,0
7399,50,Female,Khulna,Home,267.83,2,Mobile,PayPal,TRUE,9,FALSE,4,5,Premium,Low,0
7400,37,Male,Chittagong,Clothing,173.64,41,Tablet,PayPal,TRUE,9,TRUE,2,3,Free,Medium,1
7401,21,Other,Khulna,Clothing,983.24,20,Tablet,Cash on Delivery,TRUE,6,FALSE,2,4,Trial,High,2
7402,39,Other,Chittagong,Beauty,223.6,58,Mobile,Bank Transfer,FALSE,1,FALSE,4,7,Free,High,2
7403,50,Male,Mymensingh,Toys,927.9,31,Tablet,Bank Transfer,TRUE,1,TRUE,2,5,Trial,Low,0
7404,42,Other,Dhaka,Sports,331.44,7,Tablet,Credit Card,FALSE,3,TRUE,4,7,Free,Low,0
7405,63,Other,Sylhet,Clothing,159.72,59,Mobile,Bank Transfer,FALSE,3,TRUE,2,4,Free,Low,0
7406,47,Other,Rangpur,Home,474.26,2,Desktop,Cash on Delivery,FALSE,2,TRUE,3,10,Free,Medium,1
7407,68,Female,Sylhet,Sports,32.57,39,Desktop,Cash on Delivery,TRUE,3,FALSE,4,13,Trial,Medium,1
7408,32,Female,Dhaka,Home,107,20,Desktop,Credit Card,FALSE,2,FALSE,4,2,Trial,High,2
7409,24,Female,Khulna,Sports,712.25,48,Desktop,Cash on Delivery,TRUE,8,FALSE,5,13,Premium,Medium,1
7410,51,Female,Barisal,Groceries,796.35,35,Desktop,PayPal,TRUE,1,FALSE,3,13,Premium,Medium,1
7411,36,Other,Sylhet,Electronics,382.04,12,Desktop,Credit Card,TRUE,8,FALSE,2,2,Premium,Low,0
7412,34,Other,Chittagong,Books,794.18,44,Mobile,PayPal,FALSE,7,FALSE,2,11,Premium,Low,0
7413,29,Male,Chittagong,Groceries,895.51,27,Tablet,PayPal,FALSE,3,TRUE,1,12,Premium,Medium,1
7414,35,Other,Rajshahi,Home,377.59,10,Desktop,Bank Transfer,FALSE,7,TRUE,3,12,Premium,Medium,1
7415,67,Female,Chittagong,Clothing,267.19,55,Mobile,Credit Card,TRUE,7,FALSE,1,11,Free,Low,0
7416,49,Other,Barisal,Groceries,79.95,19,Desktop,PayPal,FALSE,5,TRUE,1,5,Free,High,2
7417,38,Female,Khulna,Clothing,164.74,31,Desktop,PayPal,FALSE,9,FALSE,4,6,Free,Low,0
7418,24,Female,Barisal,Groceries,595.85,57,Mobile,Credit Card,FALSE,1,TRUE,2,9,Free,High,2
7419,54,Male,Rangpur,Clothing,484.78,19,Tablet,Bank Transfer,FALSE,8,FALSE,1,8,Free,High,2
7420,28,Other,Khulna,Home,707.28,14,Desktop,Cash on Delivery,TRUE,3,FALSE,3,9,Trial,High,2
7421,26,Male,Barisal,Clothing,139.63,2,Mobile,Debit Card,FALSE,9,FALSE,2,13,Premium,Medium,1
7422,63,Male,Rangpur,Groceries,960.85,27,Mobile,Credit Card,FALSE,2,FALSE,1,3,Trial,High,2
7423,33,Female,Sylhet,Clothing,290.04,11,Tablet,Debit Card,TRUE,2,TRUE,1,10,Free,High,2
7424,35,Female,Rangpur,Sports,899.35,23,Tablet,Bank Transfer,TRUE,7,TRUE,3,2,Trial,Low,0
7425,50,Other,Barisal,Toys,8.7,22,Mobile,Credit Card,TRUE,4,FALSE,2,3,Premium,High,2
7426,59,Male,Khulna,Clothing,200.36,50,Tablet,PayPal,TRUE,6,TRUE,1,8,Trial,Low,0
7427,50,Male,Sylhet,Toys,939.48,1,Tablet,Cash on Delivery,TRUE,9,FALSE,2,7,Trial,Low,0
7428,49,Male,Chittagong,Groceries,829.48,11,Mobile,Debit Card,TRUE,4,TRUE,2,9,Premium,Medium,1
7429,64,Female,Barisal,Beauty,490.59,10,Mobile,Cash on Delivery,TRUE,7,FALSE,4,10,Free,Low,0
7430,25,Other,Dhaka,Books,578.27,49,Tablet,PayPal,TRUE,4,TRUE,1,6,Free,Low,0
7431,23,Other,Mymensingh,Home,237.2,24,Mobile,PayPal,FALSE,8,FALSE,2,11,Trial,Medium,1
7432,65,Male,Khulna,Sports,434,33,Tablet,Bank Transfer,FALSE,8,FALSE,4,10,Free,High,2
7433,42,Female,Dhaka,Clothing,358.61,23,Mobile,Credit Card,FALSE,9,FALSE,2,12,Free,High,2
7434,65,Other,Khulna,Electronics,857.73,18,Desktop,Bank Transfer,FALSE,9,FALSE,1,2,Free,High,2
7435,42,Other,Barisal,Electronics,250.93,2,Mobile,Debit Card,TRUE,6,FALSE,3,4,Free,Low,0
7436,61,Female,Sylhet,Home,367.59,50,Desktop,Credit Card,FALSE,8,FALSE,5,6,Trial,Medium,1
7437,55,Male,Rajshahi,Books,205.99,32,Desktop,Cash on Delivery,TRUE,6,TRUE,1,8,Premium,Low,0
7438,23,Female,Khulna,Groceries,594.03,21,Desktop,PayPal,FALSE,9,TRUE,3,1,Free,Low,0
7439,33,Other,Barisal,Home,906.53,30,Mobile,Debit Card,FALSE,1,FALSE,1,2,Trial,High,2
7440,24,Male,Khulna,Toys,834.03,26,Tablet,PayPal,FALSE,1,TRUE,4,10,Premium,Low,0
7441,44,Other,Mymensingh,Groceries,990.39,28,Mobile,Bank Transfer,FALSE,5,FALSE,4,3,Free,Medium,1
7442,60,Male,Barisal,Books,703.77,36,Mobile,Debit Card,FALSE,4,TRUE,3,8,Trial,Low,0
7443,22,Other,Chittagong,Beauty,547.73,22,Mobile,Debit Card,TRUE,1,FALSE,2,8,Free,Low,0
7444,62,Female,Rajshahi,Groceries,519.79,28,Tablet,Bank Transfer,TRUE,2,TRUE,1,2,Premium,Medium,1
7445,32,Female,Sylhet,Sports,950.8,51,Desktop,PayPal,FALSE,7,FALSE,5,1,Free,Medium,1
7446,47,Female,Mymensingh,Electronics,134.55,3,Tablet,Cash on Delivery,TRUE,2,TRUE,3,2,Free,High,2
7447,43,Male,Rangpur,Clothing,647.3,13,Tablet,Credit Card,TRUE,5,TRUE,5,12,Free,Low,0
7448,41,Other,Rangpur,Clothing,604.83,29,Desktop,Bank Transfer,FALSE,1,TRUE,5,8,Trial,Low,0
7449,53,Male,Khulna,Electronics,395.4,41,Desktop,Debit Card,TRUE,2,TRUE,4,4,Premium,Medium,1
7450,68,Other,Rajshahi,Electronics,653.43,5,Tablet,Debit Card,FALSE,3,FALSE,5,8,Free,Low,0
7451,32,Other,Rangpur,Electronics,56.16,10,Desktop,Bank Transfer,TRUE,6,FALSE,2,8,Trial,Low,0
7452,40,Other,Dhaka,Clothing,575.11,31,Mobile,PayPal,TRUE,4,FALSE,5,12,Premium,High,2
7453,19,Other,Barisal,Books,373.08,40,Desktop,Bank Transfer,TRUE,6,FALSE,1,12,Premium,Medium,1
7454,34,Female,Chittagong,Clothing,944.97,1,Desktop,Bank Transfer,FALSE,7,FALSE,5,11,Premium,Medium,1
7455,40,Other,Khulna,Books,552.14,13,Tablet,Bank Transfer,TRUE,6,FALSE,5,9,Trial,Medium,1
7456,58,Other,Rangpur,Home,774.68,30,Desktop,Bank Transfer,TRUE,7,FALSE,2,7,Trial,Low,0
7457,27,Female,Sylhet,Beauty,873.8,39,Desktop,Cash on Delivery,TRUE,9,TRUE,4,2,Free,Medium,1
7458,26,Other,Dhaka,Groceries,926.56,37,Mobile,PayPal,FALSE,1,TRUE,1,12,Free,High,2
7459,52,Other,Khulna,Clothing,421.62,58,Tablet,Debit Card,TRUE,4,FALSE,4,6,Free,Medium,1
7460,66,Other,Mymensingh,Electronics,443.39,5,Desktop,Bank Transfer,TRUE,1,TRUE,4,9,Trial,Low,0
7461,56,Male,Khulna,Home,379.35,10,Desktop,PayPal,TRUE,5,TRUE,4,4,Free,Low,0
7462,19,Female,Rajshahi,Beauty,846.25,50,Tablet,PayPal,FALSE,9,TRUE,3,6,Trial,High,2
7463,37,Female,Sylhet,Beauty,127.39,53,Tablet,Credit Card,FALSE,6,FALSE,2,5,Trial,High,2
7464,36,Other,Rajshahi,Beauty,263.32,41,Tablet,PayPal,FALSE,1,FALSE,4,3,Premium,High,2
7465,65,Female,Mymensingh,Clothing,205.87,31,Mobile,PayPal,FALSE,4,FALSE,4,9,Free,High,2
7466,46,Female,Sylhet,Electronics,406.92,46,Desktop,Credit Card,FALSE,6,TRUE,2,8,Trial,Medium,1
7467,41,Male,Khulna,Beauty,318.56,18,Tablet,Bank Transfer,TRUE,8,TRUE,1,8,Premium,Medium,1
7468,23,Other,Dhaka,Groceries,202.56,7,Tablet,PayPal,FALSE,6,TRUE,4,13,Premium,High,2
7469,62,Female,Chittagong,Sports,233.33,4,Desktop,PayPal,FALSE,6,TRUE,2,4,Trial,High,2
7470,62,Female,Sylhet,Toys,425.57,48,Desktop,Bank Transfer,TRUE,6,TRUE,1,9,Free,High,2
7471,46,Male,Sylhet,Sports,923.27,56,Tablet,Bank Transfer,TRUE,1,FALSE,5,1,Premium,High,2
7472,28,Other,Rangpur,Books,476.57,49,Mobile,Bank Transfer,TRUE,3,TRUE,5,12,Premium,Low,0
7473,45,Male,Barisal,Beauty,335.79,6,Tablet,Debit Card,TRUE,4,FALSE,1,9,Free,High,2
7474,49,Male,Khulna,Sports,106.41,42,Mobile,Credit Card,TRUE,3,FALSE,1,9,Free,Medium,1
7475,26,Female,Sylhet,Groceries,607.53,8,Tablet,PayPal,FALSE,3,TRUE,3,6,Trial,High,2
7476,21,Other,Chittagong,Beauty,241.8,20,Tablet,Bank Transfer,TRUE,9,TRUE,5,4,Trial,High,2
7477,33,Male,Sylhet,Clothing,922.06,25,Mobile,Debit Card,TRUE,6,TRUE,4,1,Premium,Medium,1
7478,45,Female,Barisal,Sports,454.03,56,Desktop,Debit Card,TRUE,7,FALSE,3,11,Free,High,2
7479,19,Male,Rajshahi,Electronics,430.31,8,Tablet,Bank Transfer,FALSE,7,FALSE,3,1,Trial,High,2
7480,44,Female,Barisal,Sports,772.13,34,Desktop,Bank Transfer,TRUE,1,FALSE,5,10,Free,Low,0
7481,44,Male,Khulna,Clothing,803.04,25,Mobile,PayPal,TRUE,9,TRUE,1,1,Free,Medium,1
7482,24,Female,Khulna,Electronics,919.81,40,Desktop,Credit Card,FALSE,5,TRUE,5,10,Premium,Medium,1
7483,21,Male,Chittagong,Beauty,781.04,33,Tablet,Debit Card,FALSE,8,TRUE,1,12,Trial,High,2
7484,45,Other,Mymensingh,Beauty,407.59,32,Desktop,Cash on Delivery,FALSE,9,FALSE,2,2,Premium,Medium,1
7485,50,Other,Sylhet,Groceries,219.89,53,Mobile,Cash on Delivery,FALSE,4,TRUE,1,10,Premium,High,2
7486,31,Female,Dhaka,Books,621.22,16,Tablet,Bank Transfer,FALSE,5,FALSE,3,8,Trial,Low,0
7487,35,Other,Mymensingh,Groceries,172.41,46,Mobile,Bank Transfer,TRUE,8,TRUE,4,2,Premium,High,2
7488,27,Male,Khulna,Clothing,147.61,24,Desktop,Debit Card,FALSE,8,FALSE,5,11,Trial,Medium,1
7489,30,Other,Sylhet,Clothing,272.7,39,Tablet,Cash on Delivery,TRUE,4,FALSE,5,13,Trial,Low,0
7490,24,Female,Dhaka,Clothing,475.64,7,Desktop,Credit Card,FALSE,3,TRUE,1,12,Premium,Medium,1
7491,53,Other,Dhaka,Clothing,148.2,28,Tablet,Bank Transfer,TRUE,6,FALSE,4,2,Trial,Low,0
7492,34,Male,Rajshahi,Sports,297.28,57,Mobile,Bank Transfer,FALSE,7,TRUE,2,1,Free,Low,0
7493,63,Female,Barisal,Home,527.91,23,Desktop,Cash on Delivery,TRUE,4,TRUE,5,6,Trial,Low,0
7494,19,Male,Khulna,Electronics,61.37,18,Mobile,Cash on Delivery,TRUE,2,TRUE,3,5,Premium,High,2
7495,58,Other,Khulna,Home,746.41,10,Mobile,Debit Card,TRUE,6,FALSE,3,8,Trial,High,2
7496,19,Male,Chittagong,Beauty,322.24,4,Mobile,Credit Card,FALSE,8,FALSE,5,2,Premium,Low,0
7497,43,Female,Sylhet,Sports,592.7,31,Tablet,Cash on Delivery,FALSE,5,TRUE,2,9,Trial,High,2
7498,19,Female,Dhaka,Books,321.93,36,Tablet,Bank Transfer,TRUE,7,TRUE,4,8,Free,Low,0
7499,24,Female,Rangpur,Clothing,101.28,33,Desktop,Bank Transfer,TRUE,8,TRUE,5,7,Free,Medium,1
7500,65,Male,Mymensingh,Groceries,827.17,46,Mobile,PayPal,FALSE,1,TRUE,1,1,Trial,Medium,1
7501,19,Female,Rajshahi,Books,74.54,6,Mobile,Credit Card,TRUE,6,FALSE,4,13,Free,Low,0
7502,43,Male,Sylhet,Clothing,254.65,31,Tablet,Debit Card,FALSE,4,TRUE,4,4,Premium,Medium,1
7503,35,Female,Sylhet,Clothing,38.78,34,Desktop,Cash on Delivery,FALSE,1,TRUE,2,2,Free,High,2
7504,39,Other,Mymensingh,Home,903.53,17,Mobile,Bank Transfer,TRUE,7,TRUE,1,9,Trial,High,2
7505,31,Male,Barisal,Toys,732.08,33,Desktop,Bank Transfer,TRUE,1,FALSE,3,5,Free,Medium,1
7506,67,Other,Khulna,Electronics,91.06,7,Mobile,PayPal,FALSE,6,TRUE,2,2,Premium,Medium,1
7507,52,Female,Rangpur,Clothing,53.79,25,Mobile,PayPal,FALSE,4,TRUE,2,10,Premium,Low,0
7508,52,Other,Dhaka,Beauty,507.89,51,Desktop,PayPal,FALSE,8,TRUE,5,2,Premium,High,2
7509,54,Male,Khulna,Electronics,460.26,23,Mobile,Debit Card,TRUE,7,FALSE,1,4,Premium,High,2
7510,26,Female,Barisal,Toys,574.41,5,Desktop,PayPal,TRUE,6,FALSE,5,8,Free,Low,0
7511,68,Male,Chittagong,Clothing,774.84,45,Tablet,Cash on Delivery,TRUE,4,TRUE,2,10,Free,Medium,1
7512,61,Female,Dhaka,Groceries,190.31,23,Desktop,Bank Transfer,TRUE,9,FALSE,1,11,Premium,High,2
7513,65,Male,Barisal,Home,825.25,49,Desktop,PayPal,TRUE,8,TRUE,5,9,Premium,Medium,1
7514,32,Male,Mymensingh,Beauty,814.87,21,Mobile,Cash on Delivery,FALSE,2,TRUE,5,2,Premium,High,2
7515,20,Male,Chittagong,Beauty,874.89,6,Mobile,Debit Card,TRUE,2,TRUE,3,6,Premium,High,2
7516,27,Other,Mymensingh,Groceries,801.44,3,Tablet,Debit Card,FALSE,4,FALSE,4,8,Free,Medium,1
7517,53,Female,Sylhet,Toys,27.24,15,Tablet,PayPal,FALSE,1,FALSE,5,1,Trial,Medium,1
7518,46,Female,Mymensingh,Beauty,986.65,28,Desktop,PayPal,TRUE,1,FALSE,5,8,Free,Medium,1
7519,64,Female,Khulna,Sports,877.6,42,Mobile,Bank Transfer,FALSE,6,FALSE,4,2,Free,Medium,1
7520,39,Other,Khulna,Sports,10.67,41,Tablet,Debit Card,FALSE,5,FALSE,5,8,Premium,Low,0
7521,67,Male,Chittagong,Books,447.13,4,Mobile,PayPal,FALSE,8,FALSE,2,11,Free,Low,0
7522,64,Other,Rangpur,Books,597.42,51,Tablet,PayPal,TRUE,8,FALSE,3,8,Free,High,2
7523,67,Female,Dhaka,Groceries,411.73,46,Mobile,Bank Transfer,FALSE,3,FALSE,3,4,Trial,Low,0
7524,65,Female,Rangpur,Home,172.58,54,Mobile,Credit Card,TRUE,1,FALSE,1,8,Trial,Medium,1
7525,55,Female,Sylhet,Electronics,523.87,58,Mobile,Cash on Delivery,FALSE,5,FALSE,2,4,Trial,Low,0
7526,51,Female,Chittagong,Home,972.36,8,Mobile,Credit Card,FALSE,8,FALSE,1,7,Trial,High,2
7527,45,Male,Rajshahi,Toys,460.58,18,Tablet,Credit Card,TRUE,9,TRUE,2,3,Free,Medium,1
7528,32,Other,Chittagong,Groceries,541.4,25,Tablet,Bank Transfer,TRUE,7,TRUE,4,6,Premium,High,2
7529,65,Male,Mymensingh,Home,142.46,15,Mobile,Cash on Delivery,FALSE,6,TRUE,3,9,Free,Medium,1
7530,32,Male,Sylhet,Electronics,712.22,35,Desktop,Credit Card,FALSE,9,FALSE,2,12,Trial,Low,0
7531,50,Male,Mymensingh,Clothing,52.42,43,Tablet,Credit Card,TRUE,2,TRUE,1,9,Trial,High,2
7532,19,Female,Rajshahi,Clothing,215.26,31,Tablet,Credit Card,TRUE,4,FALSE,2,2,Trial,Low,0
7533,52,Male,Barisal,Books,528.94,33,Tablet,Cash on Delivery,TRUE,3,TRUE,2,3,Premium,Low,0
7534,33,Female,Mymensingh,Electronics,159.18,23,Desktop,PayPal,TRUE,5,FALSE,4,6,Trial,Low,0
7535,51,Male,Mymensingh,Electronics,624.26,19,Desktop,Bank Transfer,FALSE,6,TRUE,4,2,Trial,Medium,1
7536,64,Other,Khulna,Electronics,886.33,16,Mobile,Cash on Delivery,TRUE,1,TRUE,1,10,Free,High,2
7537,65,Other,Sylhet,Electronics,849.29,18,Mobile,Bank Transfer,TRUE,4,TRUE,1,10,Free,Medium,1
7538,58,Female,Barisal,Groceries,873.34,58,Tablet,PayPal,FALSE,7,FALSE,1,10,Free,Low,0
7539,41,Male,Khulna,Clothing,598.69,12,Desktop,Bank Transfer,TRUE,5,TRUE,4,7,Trial,Medium,1
7540,68,Other,Mymensingh,Books,527.19,45,Mobile,Credit Card,TRUE,9,TRUE,1,11,Premium,Medium,1
7541,35,Other,Chittagong,Electronics,289.03,21,Desktop,Bank Transfer,TRUE,1,TRUE,2,13,Premium,High,2
7542,49,Male,Chittagong,Groceries,534.65,28,Desktop,Debit Card,TRUE,3,TRUE,5,5,Premium,High,2
7543,57,Male,Sylhet,Groceries,536.11,17,Mobile,Cash on Delivery,TRUE,3,FALSE,5,6,Free,High,2
7544,26,Male,Rangpur,Sports,338.95,54,Tablet,Bank Transfer,TRUE,8,TRUE,1,4,Trial,Medium,1
7545,46,Male,Barisal,Sports,508.75,40,Mobile,Cash on Delivery,TRUE,3,TRUE,3,11,Trial,Medium,1
7546,34,Female,Mymensingh,Toys,876.5,34,Tablet,Credit Card,TRUE,7,FALSE,2,3,Premium,Low,0
7547,64,Female,Barisal,Home,727.25,4,Desktop,PayPal,FALSE,1,FALSE,3,7,Free,High,2
7548,47,Female,Sylhet,Beauty,235.2,36,Desktop,Debit Card,FALSE,1,TRUE,3,10,Premium,Low,0
7549,43,Female,Rajshahi,Electronics,762.83,19,Tablet,Cash on Delivery,FALSE,9,FALSE,4,9,Premium,Low,0
7550,39,Female,Barisal,Sports,435.52,13,Desktop,Debit Card,TRUE,1,FALSE,2,4,Free,Medium,1
7551,36,Male,Chittagong,Home,940.44,38,Mobile,Debit Card,TRUE,9,TRUE,5,8,Premium,High,2
7552,29,Other,Sylhet,Home,33.99,30,Desktop,PayPal,TRUE,2,FALSE,5,9,Free,Low,0
7553,53,Male,Chittagong,Sports,807.56,41,Mobile,Bank Transfer,FALSE,5,TRUE,2,11,Free,Medium,1
7554,51,Female,Mymensingh,Toys,751.39,8,Tablet,Bank Transfer,TRUE,4,FALSE,4,2,Trial,Medium,1
7555,51,Male,Sylhet,Electronics,578.87,11,Mobile,PayPal,TRUE,4,TRUE,1,1,Free,High,2
7556,56,Female,Rangpur,Groceries,344.08,29,Desktop,PayPal,FALSE,2,FALSE,1,11,Premium,Low,0
7557,19,Other,Dhaka,Groceries,929.72,30,Mobile,Bank Transfer,TRUE,2,TRUE,3,13,Trial,High,2
7558,56,Male,Barisal,Books,609.67,24,Desktop,PayPal,FALSE,4,FALSE,4,13,Free,High,2
7559,59,Female,Rajshahi,Beauty,407.33,11,Mobile,Bank Transfer,FALSE,9,FALSE,2,13,Premium,High,2
7560,26,Other,Mymensingh,Beauty,930.39,40,Mobile,Cash on Delivery,TRUE,1,FALSE,5,12,Free,Medium,1
7561,34,Female,Khulna,Beauty,803.2,5,Tablet,Cash on Delivery,TRUE,7,TRUE,3,4,Premium,High,2
7562,32,Female,Sylhet,Books,210.24,49,Desktop,Debit Card,TRUE,2,FALSE,5,12,Free,High,2
7563,21,Male,Khulna,Books,12.17,59,Mobile,Cash on Delivery,FALSE,1,TRUE,2,7,Free,Low,0
7564,44,Male,Mymensingh,Electronics,854.56,37,Mobile,Bank Transfer,TRUE,6,FALSE,1,12,Free,Low,0
7565,31,Female,Rangpur,Sports,902.06,16,Tablet,Cash on Delivery,FALSE,9,FALSE,1,2,Free,High,2
7566,55,Other,Dhaka,Home,934.78,12,Desktop,Debit Card,TRUE,6,TRUE,4,3,Trial,High,2
7567,62,Female,Mymensingh,Beauty,656.15,31,Mobile,Bank Transfer,FALSE,8,FALSE,1,4,Trial,High,2
7568,58,Female,Mymensingh,Beauty,198.79,42,Desktop,Credit Card,FALSE,7,FALSE,2,4,Premium,Low,0
7569,60,Female,Rajshahi,Beauty,304.95,46,Tablet,Cash on Delivery,TRUE,1,FALSE,3,2,Premium,High,2
7570,20,Male,Rangpur,Clothing,118.9,31,Mobile,Bank Transfer,TRUE,5,FALSE,5,13,Free,Low,0
7571,69,Other,Rajshahi,Sports,272.01,46,Tablet,Bank Transfer,FALSE,4,FALSE,4,5,Trial,Low,0
7572,60,Other,Dhaka,Electronics,260.97,7,Tablet,Bank Transfer,TRUE,2,FALSE,1,9,Free,Low,0
7573,24,Male,Sylhet,Clothing,779.45,40,Mobile,Bank Transfer,TRUE,1,FALSE,1,1,Premium,High,2
7574,68,Male,Rajshahi,Toys,237.9,55,Desktop,Debit Card,FALSE,6,FALSE,1,4,Free,High,2
7575,68,Male,Chittagong,Clothing,952.7,6,Desktop,Bank Transfer,FALSE,5,FALSE,5,12,Trial,Low,0
7576,38,Female,Mymensingh,Beauty,723.45,6,Tablet,PayPal,TRUE,4,TRUE,5,7,Trial,Low,0
7577,41,Male,Sylhet,Books,971.39,51,Mobile,Cash on Delivery,FALSE,4,TRUE,5,4,Free,Medium,1
7578,47,Male,Mymensingh,Beauty,370.43,24,Mobile,Cash on Delivery,FALSE,3,FALSE,3,12,Free,Medium,1
7579,41,Other,Dhaka,Home,349.57,25,Desktop,Credit Card,TRUE,9,TRUE,5,10,Premium,Low,0
7580,48,Other,Rajshahi,Books,782.61,43,Tablet,Credit Card,FALSE,8,TRUE,1,5,Free,High,2
7581,43,Other,Barisal,Sports,91.26,26,Desktop,Debit Card,TRUE,8,FALSE,2,3,Trial,Medium,1
7582,38,Female,Sylhet,Home,402.4,58,Tablet,Cash on Delivery,TRUE,7,FALSE,5,13,Free,Medium,1
7583,61,Female,Chittagong,Toys,444.83,14,Mobile,Bank Transfer,TRUE,2,FALSE,3,7,Trial,Medium,1
7584,51,Other,Rajshahi,Clothing,882.23,23,Desktop,Debit Card,TRUE,2,TRUE,5,2,Free,High,2
7585,46,Other,Khulna,Clothing,295.57,21,Desktop,Credit Card,FALSE,5,TRUE,5,7,Trial,High,2
7586,28,Other,Rangpur,Sports,994.63,20,Tablet,Debit Card,TRUE,6,TRUE,5,12,Free,Low,0
7587,69,Female,Rangpur,Toys,747.81,42,Tablet,Bank Transfer,TRUE,8,FALSE,2,10,Premium,Medium,1
7588,40,Other,Barisal,Sports,875.58,17,Desktop,Credit Card,FALSE,4,TRUE,3,11,Premium,Medium,1
7589,49,Male,Chittagong,Beauty,209.39,5,Desktop,Bank Transfer,FALSE,7,FALSE,5,8,Premium,High,2
7590,21,Female,Rangpur,Electronics,478.46,41,Desktop,Credit Card,FALSE,2,TRUE,1,9,Premium,Medium,1
7591,67,Male,Chittagong,Electronics,232.93,52,Desktop,Cash on Delivery,TRUE,4,FALSE,1,10,Premium,Medium,1
7592,46,Male,Dhaka,Sports,762.05,6,Desktop,Debit Card,FALSE,4,TRUE,4,2,Trial,Medium,1
7593,33,Male,Khulna,Clothing,722.34,1,Desktop,Cash on Delivery,FALSE,5,TRUE,3,7,Free,High,2
7594,58,Other,Rajshahi,Beauty,35.06,56,Tablet,Bank Transfer,FALSE,1,TRUE,3,5,Trial,Medium,1
7595,59,Male,Chittagong,Beauty,782.47,30,Desktop,Cash on Delivery,FALSE,5,TRUE,3,10,Free,Low,0
7596,55,Male,Sylhet,Sports,193.19,59,Tablet,Bank Transfer,TRUE,5,FALSE,3,11,Free,High,2
7597,39,Other,Khulna,Electronics,632.9,29,Mobile,Credit Card,FALSE,7,FALSE,4,8,Free,High,2
7598,22,Male,Dhaka,Electronics,41.4,39,Mobile,Credit Card,TRUE,8,FALSE,3,3,Premium,Medium,1
7599,29,Male,Dhaka,Electronics,982.7,43,Tablet,Debit Card,TRUE,1,TRUE,1,13,Premium,High,2
7600,33,Male,Khulna,Books,621.81,46,Mobile,PayPal,FALSE,7,FALSE,1,10,Free,Low,0
7601,42,Male,Mymensingh,Books,816.98,5,Desktop,Bank Transfer,TRUE,1,FALSE,3,13,Free,Low,0
7602,39,Other,Barisal,Beauty,868.4,25,Desktop,Bank Transfer,FALSE,1,FALSE,2,7,Free,High,2
7603,34,Other,Rajshahi,Beauty,460.49,57,Mobile,PayPal,FALSE,6,TRUE,5,12,Premium,Low,0
7604,36,Other,Chittagong,Home,626.67,21,Desktop,Cash on Delivery,TRUE,7,FALSE,4,3,Trial,Low,0
7605,61,Female,Rajshahi,Home,171.73,34,Tablet,Cash on Delivery,TRUE,9,FALSE,3,2,Trial,Low,0
7606,44,Female,Sylhet,Toys,869.2,26,Tablet,PayPal,FALSE,1,TRUE,4,7,Premium,Low,0
7607,24,Other,Barisal,Beauty,196.4,36,Desktop,Bank Transfer,TRUE,7,TRUE,4,10,Free,High,2
7608,63,Female,Mymensingh,Clothing,896.44,6,Mobile,PayPal,TRUE,9,TRUE,4,3,Trial,High,2
7609,36,Other,Sylhet,Groceries,485.28,44,Mobile,PayPal,TRUE,8,TRUE,2,11,Trial,Medium,1
7610,20,Male,Rangpur,Beauty,562.4,53,Tablet,Cash on Delivery,TRUE,2,FALSE,2,1,Trial,Low,0
7611,60,Other,Khulna,Sports,503.55,43,Desktop,PayPal,TRUE,1,FALSE,5,6,Premium,Medium,1
7612,23,Male,Rangpur,Home,65.74,16,Tablet,Debit Card,FALSE,9,FALSE,4,12,Free,High,2
7613,20,Male,Sylhet,Sports,96.77,41,Desktop,Credit Card,TRUE,5,FALSE,3,5,Trial,High,2
7614,18,Other,Rangpur,Electronics,955.29,12,Tablet,Credit Card,TRUE,7,FALSE,1,2,Trial,Low,0
7615,48,Male,Sylhet,Books,623.41,56,Desktop,PayPal,FALSE,3,TRUE,3,6,Premium,Medium,1
7616,34,Other,Dhaka,Sports,436.42,31,Mobile,Bank Transfer,TRUE,2,TRUE,3,8,Trial,High,2
7617,69,Female,Chittagong,Electronics,693.6,10,Tablet,PayPal,TRUE,9,TRUE,4,1,Trial,High,2
7618,68,Female,Khulna,Home,831.48,13,Desktop,Debit Card,TRUE,3,FALSE,1,5,Trial,High,2
7619,34,Male,Sylhet,Toys,893.59,26,Tablet,Cash on Delivery,FALSE,5,TRUE,1,12,Free,High,2
7620,20,Other,Dhaka,Books,229.95,51,Mobile,Cash on Delivery,TRUE,3,FALSE,3,1,Premium,High,2
7621,29,Female,Barisal,Clothing,751.08,9,Desktop,Debit Card,TRUE,1,FALSE,1,11,Trial,Medium,1
7622,40,Female,Mymensingh,Books,961.02,2,Mobile,Cash on Delivery,TRUE,3,FALSE,4,11,Premium,High,2
7623,68,Female,Khulna,Home,15.92,33,Mobile,Cash on Delivery,TRUE,3,TRUE,3,10,Premium,Medium,1
7624,31,Other,Mymensingh,Electronics,580.49,12,Tablet,Bank Transfer,TRUE,7,FALSE,3,11,Free,Medium,1
7625,42,Male,Rangpur,Sports,125.07,11,Mobile,Bank Transfer,FALSE,3,FALSE,3,5,Free,Medium,1
7626,68,Male,Dhaka,Electronics,550.44,23,Desktop,Cash on Delivery,TRUE,9,TRUE,4,4,Premium,Low,0
7627,42,Other,Khulna,Groceries,763.85,2,Desktop,Debit Card,TRUE,2,FALSE,4,13,Premium,Medium,1
7628,22,Male,Dhaka,Groceries,131.06,11,Tablet,Debit Card,FALSE,6,TRUE,4,2,Trial,Low,0
7629,46,Female,Rangpur,Books,708.79,49,Tablet,Credit Card,FALSE,2,TRUE,4,1,Premium,High,2
7630,56,Female,Rangpur,Groceries,304.45,29,Tablet,Cash on Delivery,FALSE,5,TRUE,4,7,Free,Medium,1
7631,33,Male,Sylhet,Home,380.45,8,Mobile,Credit Card,FALSE,2,TRUE,3,12,Free,High,2
7632,58,Female,Sylhet,Toys,832.11,41,Mobile,Debit Card,TRUE,4,TRUE,3,10,Premium,Medium,1
7633,21,Other,Barisal,Beauty,935.86,2,Mobile,Credit Card,TRUE,7,TRUE,1,8,Premium,Low,0
7634,63,Female,Rangpur,Books,306.34,36,Mobile,Bank Transfer,TRUE,8,TRUE,1,13,Trial,High,2
7635,62,Female,Khulna,Sports,112.04,29,Tablet,PayPal,TRUE,5,FALSE,5,5,Premium,High,2
7636,48,Female,Barisal,Home,124.98,53,Tablet,PayPal,TRUE,5,FALSE,5,2,Premium,High,2
7637,50,Female,Mymensingh,Sports,449.78,11,Desktop,Bank Transfer,FALSE,7,FALSE,2,8,Trial,Medium,1
7638,22,Other,Rangpur,Toys,541.5,35,Desktop,Credit Card,TRUE,3,FALSE,2,5,Free,Low,0
7639,62,Other,Khulna,Clothing,446.91,16,Desktop,PayPal,FALSE,8,FALSE,3,11,Premium,Medium,1
7640,55,Female,Sylhet,Clothing,162.11,17,Mobile,Cash on Delivery,FALSE,2,TRUE,2,13,Premium,High,2
7641,41,Female,Rangpur,Books,450,39,Mobile,PayPal,TRUE,7,FALSE,3,11,Free,Low,0
7642,57,Other,Mymensingh,Home,253.64,23,Mobile,Debit Card,TRUE,5,TRUE,5,5,Trial,High,2
7643,32,Male,Khulna,Groceries,630.76,19,Desktop,Debit Card,FALSE,9,TRUE,1,3,Trial,Medium,1
7644,31,Other,Chittagong,Toys,651.94,45,Tablet,Cash on Delivery,FALSE,9,FALSE,2,3,Trial,Low,0
7645,33,Male,Mymensingh,Electronics,671.22,8,Mobile,Credit Card,TRUE,8,FALSE,4,4,Free,High,2
7646,19,Female,Mymensingh,Clothing,341.49,31,Desktop,Debit Card,TRUE,7,TRUE,5,2,Free,Low,0
7647,53,Other,Rangpur,Electronics,582.29,12,Tablet,Bank Transfer,FALSE,9,TRUE,4,6,Free,Medium,1
7648,45,Male,Khulna,Sports,616.47,23,Mobile,Debit Card,FALSE,5,TRUE,3,5,Free,High,2
7649,29,Female,Mymensingh,Home,52.26,2,Desktop,Cash on Delivery,TRUE,2,TRUE,1,4,Premium,Low,0
7650,37,Male,Rangpur,Home,770.92,51,Desktop,Debit Card,FALSE,3,TRUE,2,11,Premium,High,2
7651,61,Other,Khulna,Home,460.06,27,Mobile,Cash on Delivery,TRUE,9,FALSE,4,6,Free,Medium,1
7652,37,Other,Barisal,Home,98.08,22,Tablet,Debit Card,FALSE,7,FALSE,5,5,Premium,Low,0
7653,28,Other,Sylhet,Books,200.7,42,Mobile,PayPal,FALSE,2,TRUE,1,13,Premium,Medium,1
7654,23,Male,Khulna,Toys,641.38,22,Mobile,Debit Card,TRUE,9,TRUE,4,6,Trial,Low,0
7655,23,Female,Chittagong,Home,532.82,39,Desktop,Credit Card,FALSE,9,FALSE,2,12,Trial,Low,0
7656,57,Female,Rangpur,Toys,215.4,33,Tablet,Credit Card,FALSE,3,TRUE,4,2,Trial,Low,0
7657,28,Female,Mymensingh,Groceries,675.36,15,Tablet,PayPal,TRUE,1,TRUE,2,2,Premium,Medium,1
7658,35,Female,Sylhet,Beauty,227.63,22,Mobile,Bank Transfer,TRUE,9,FALSE,4,11,Free,High,2
7659,35,Female,Chittagong,Toys,457.88,24,Tablet,Bank Transfer,FALSE,3,FALSE,3,3,Trial,Medium,1
7660,33,Other,Dhaka,Electronics,924.39,37,Desktop,PayPal,FALSE,7,TRUE,5,1,Trial,Medium,1
7661,65,Female,Barisal,Home,484.23,3,Tablet,PayPal,FALSE,9,TRUE,4,8,Premium,High,2
7662,69,Male,Barisal,Clothing,621.63,30,Mobile,Credit Card,FALSE,7,FALSE,4,1,Premium,High,2
7663,31,Other,Sylhet,Beauty,675.94,24,Tablet,Bank Transfer,TRUE,6,FALSE,1,12,Trial,Low,0
7664,24,Male,Chittagong,Home,11.95,32,Tablet,Debit Card,TRUE,2,FALSE,1,13,Trial,Low,0
7665,43,Male,Rangpur,Books,835.85,30,Desktop,PayPal,FALSE,7,TRUE,5,8,Trial,Low,0
7666,52,Female,Khulna,Beauty,609.3,34,Desktop,Cash on Delivery,TRUE,4,FALSE,3,11,Premium,Low,0
7667,56,Other,Rajshahi,Sports,615.02,5,Tablet,Bank Transfer,FALSE,9,FALSE,2,10,Premium,Low,0
7668,67,Other,Rangpur,Home,351.19,27,Desktop,Credit Card,TRUE,7,FALSE,1,12,Premium,Low,0
7669,37,Female,Dhaka,Toys,870.56,43,Mobile,Bank Transfer,TRUE,7,TRUE,1,5,Trial,Low,0
7670,33,Male,Mymensingh,Groceries,547.4,28,Mobile,Cash on Delivery,FALSE,6,TRUE,2,10,Premium,Low,0
7671,43,Other,Barisal,Home,233.64,16,Desktop,Debit Card,FALSE,4,FALSE,2,9,Free,High,2
7672,68,Male,Rangpur,Groceries,300.07,42,Mobile,Debit Card,TRUE,4,TRUE,5,7,Trial,Low,0
7673,69,Other,Rangpur,Home,16.38,21,Mobile,Bank Transfer,TRUE,4,FALSE,1,6,Trial,Low,0
7674,35,Male,Rajshahi,Clothing,295.26,35,Mobile,PayPal,FALSE,1,TRUE,2,4,Trial,Low,0
7675,27,Female,Khulna,Toys,387.85,21,Tablet,PayPal,FALSE,3,TRUE,3,5,Premium,High,2
7676,68,Other,Rangpur,Beauty,468.65,51,Desktop,Cash on Delivery,TRUE,5,TRUE,4,5,Free,Medium,1
7677,20,Male,Chittagong,Home,214.19,24,Desktop,Bank Transfer,TRUE,1,TRUE,4,4,Free,High,2
7678,47,Female,Sylhet,Sports,476.59,54,Mobile,Cash on Delivery,FALSE,4,FALSE,4,13,Trial,High,2
7679,42,Other,Dhaka,Home,726.65,58,Desktop,Debit Card,TRUE,8,TRUE,4,13,Premium,Medium,1
7680,23,Other,Chittagong,Toys,201.42,49,Mobile,PayPal,TRUE,1,TRUE,3,4,Premium,Medium,1
7681,61,Female,Khulna,Toys,549.42,53,Tablet,Cash on Delivery,FALSE,4,FALSE,3,1,Premium,Medium,1
7682,30,Male,Chittagong,Beauty,647.8,27,Mobile,Bank Transfer,TRUE,5,TRUE,3,8,Premium,Medium,1
7683,62,Female,Khulna,Electronics,295.15,50,Tablet,PayPal,FALSE,8,TRUE,2,3,Trial,Medium,1
7684,23,Male,Rangpur,Beauty,561.96,5,Mobile,Credit Card,FALSE,5,FALSE,2,8,Trial,Low,0
7685,54,Male,Khulna,Home,484.69,43,Desktop,Credit Card,TRUE,5,TRUE,1,2,Trial,High,2
7686,33,Other,Barisal,Electronics,235.48,47,Desktop,Bank Transfer,TRUE,1,TRUE,3,11,Premium,Medium,1
7687,37,Female,Mymensingh,Toys,708.19,18,Tablet,PayPal,FALSE,2,FALSE,3,8,Trial,Medium,1
7688,49,Male,Dhaka,Beauty,499.77,22,Tablet,Credit Card,TRUE,8,FALSE,3,5,Free,High,2
7689,40,Other,Dhaka,Sports,139.7,45,Mobile,Cash on Delivery,FALSE,4,TRUE,2,13,Trial,Low,0
7690,45,Other,Khulna,Home,349.09,8,Mobile,Bank Transfer,FALSE,3,TRUE,3,10,Premium,Medium,1
7691,50,Male,Chittagong,Groceries,136.77,2,Desktop,Credit Card,TRUE,8,FALSE,5,5,Free,Medium,1
7692,44,Male,Mymensingh,Electronics,984.61,33,Mobile,PayPal,FALSE,2,FALSE,2,8,Trial,Medium,1
7693,58,Female,Mymensingh,Beauty,813.28,8,Tablet,Bank Transfer,TRUE,2,FALSE,5,1,Trial,Low,0
7694,49,Other,Barisal,Sports,243.98,20,Desktop,Cash on Delivery,FALSE,4,TRUE,5,12,Free,Low,0
7695,53,Other,Barisal,Clothing,618.19,27,Desktop,PayPal,FALSE,5,TRUE,2,7,Premium,Medium,1
7696,42,Female,Rangpur,Toys,606.38,57,Tablet,Credit Card,FALSE,7,TRUE,3,13,Free,Low,0
7697,33,Male,Barisal,Toys,633.47,16,Desktop,Credit Card,FALSE,4,TRUE,5,3,Free,Low,0
7698,38,Male,Sylhet,Toys,268.9,28,Mobile,Bank Transfer,TRUE,1,FALSE,1,4,Trial,Low,0
7699,40,Other,Dhaka,Electronics,268.02,30,Mobile,Bank Transfer,TRUE,7,TRUE,5,6,Free,Medium,1
7700,38,Female,Rajshahi,Books,23.07,39,Mobile,PayPal,TRUE,5,TRUE,2,2,Premium,High,2
7701,44,Other,Dhaka,Electronics,751.76,5,Desktop,Cash on Delivery,FALSE,4,TRUE,3,7,Trial,Low,0
7702,32,Female,Sylhet,Groceries,98.23,54,Tablet,PayPal,TRUE,1,TRUE,2,10,Free,Medium,1
7703,51,Male,Khulna,Beauty,454.49,18,Tablet,Debit Card,TRUE,6,TRUE,1,2,Trial,Medium,1
7704,21,Female,Dhaka,Electronics,337.72,58,Desktop,Cash on Delivery,TRUE,4,FALSE,2,9,Free,Medium,1
7705,43,Male,Chittagong,Clothing,266.91,57,Desktop,Bank Transfer,FALSE,7,TRUE,3,5,Trial,Low,0
7706,56,Female,Dhaka,Sports,260.37,51,Desktop,Cash on Delivery,TRUE,2,FALSE,2,2,Free,High,2
7707,29,Male,Khulna,Groceries,563.26,20,Desktop,Cash on Delivery,TRUE,4,TRUE,2,7,Free,Medium,1
7708,47,Other,Chittagong,Home,794.63,7,Tablet,Debit Card,TRUE,6,FALSE,2,11,Trial,Medium,1
7709,66,Male,Rajshahi,Toys,997.91,35,Mobile,PayPal,FALSE,3,TRUE,2,12,Free,High,2
7710,48,Male,Mymensingh,Beauty,185.03,15,Desktop,Debit Card,TRUE,1,FALSE,4,4,Premium,High,2
7711,39,Female,Rangpur,Home,374.62,33,Tablet,Cash on Delivery,TRUE,4,TRUE,3,4,Free,Medium,1
7712,46,Male,Rajshahi,Books,654.5,2,Tablet,Bank Transfer,TRUE,2,FALSE,3,4,Trial,Medium,1
7713,58,Other,Chittagong,Electronics,296.36,40,Mobile,Debit Card,FALSE,7,TRUE,3,1,Trial,Low,0
7714,55,Other,Barisal,Toys,985.89,13,Mobile,Cash on Delivery,TRUE,4,TRUE,1,4,Premium,High,2
7715,67,Other,Mymensingh,Home,499.96,41,Tablet,Bank Transfer,FALSE,4,TRUE,3,12,Premium,Low,0
7716,28,Other,Mymensingh,Electronics,48.17,20,Desktop,Bank Transfer,FALSE,8,FALSE,4,4,Premium,High,2
7717,29,Other,Sylhet,Groceries,765.44,52,Tablet,Credit Card,FALSE,3,TRUE,1,8,Premium,High,2
7718,55,Male,Barisal,Beauty,79.41,42,Mobile,Debit Card,FALSE,2,FALSE,2,5,Free,Low,0
7719,33,Female,Rajshahi,Home,208.88,49,Tablet,Bank Transfer,TRUE,4,TRUE,5,2,Trial,Medium,1
7720,55,Male,Khulna,Electronics,370.97,55,Tablet,Cash on Delivery,TRUE,2,TRUE,4,5,Premium,High,2
7721,32,Other,Dhaka,Groceries,445.9,10,Mobile,Credit Card,TRUE,7,FALSE,1,7,Premium,High,2
7722,62,Other,Dhaka,Books,595.67,47,Desktop,Bank Transfer,FALSE,4,FALSE,1,7,Trial,Low,0
7723,54,Male,Barisal,Electronics,195.33,44,Mobile,Debit Card,FALSE,2,TRUE,1,8,Free,Low,0
7724,32,Male,Mymensingh,Clothing,552.28,56,Mobile,Debit Card,TRUE,7,FALSE,2,2,Trial,Low,0
7725,38,Male,Barisal,Clothing,219.73,8,Tablet,Credit Card,TRUE,3,TRUE,2,9,Trial,Medium,1
7726,67,Other,Dhaka,Beauty,650.1,12,Desktop,Credit Card,TRUE,6,FALSE,2,13,Premium,Low,0
7727,28,Other,Sylhet,Groceries,770.36,21,Desktop,PayPal,FALSE,2,FALSE,5,11,Premium,High,2
7728,61,Other,Dhaka,Home,117.43,1,Desktop,PayPal,FALSE,5,FALSE,4,8,Trial,Low,0
7729,51,Male,Sylhet,Books,223.68,5,Tablet,Cash on Delivery,TRUE,5,TRUE,2,8,Free,Medium,1
7730,32,Other,Mymensingh,Sports,737.7,37,Mobile,Credit Card,TRUE,1,FALSE,2,11,Trial,Low,0
7731,25,Female,Dhaka,Home,806.87,59,Desktop,Bank Transfer,FALSE,7,TRUE,2,6,Premium,Low,0
7732,69,Other,Dhaka,Clothing,576.76,14,Desktop,Cash on Delivery,TRUE,2,TRUE,5,1,Free,Low,0
7733,28,Female,Chittagong,Home,883.46,5,Mobile,PayPal,TRUE,1,TRUE,3,8,Trial,Low,0
7734,30,Male,Khulna,Groceries,588.52,27,Desktop,Bank Transfer,TRUE,4,FALSE,1,8,Trial,High,2
7735,33,Male,Sylhet,Home,692.44,19,Tablet,Cash on Delivery,TRUE,9,FALSE,1,6,Premium,Medium,1
7736,68,Male,Khulna,Clothing,255.24,42,Mobile,PayPal,TRUE,6,FALSE,4,13,Premium,Low,0
7737,22,Other,Mymensingh,Groceries,501.57,43,Desktop,Cash on Delivery,TRUE,8,FALSE,3,4,Free,High,2
7738,49,Female,Rangpur,Beauty,769.5,2,Desktop,Credit Card,FALSE,9,TRUE,5,5,Trial,High,2
7739,18,Female,Barisal,Clothing,133.12,25,Desktop,Bank Transfer,TRUE,7,FALSE,2,11,Premium,High,2
7740,61,Female,Chittagong,Sports,856.64,39,Desktop,PayPal,FALSE,9,FALSE,3,3,Free,Low,0
7741,36,Male,Mymensingh,Groceries,243.74,47,Desktop,Debit Card,TRUE,4,FALSE,4,3,Trial,Low,0
7742,68,Female,Rajshahi,Electronics,528.38,3,Tablet,PayPal,TRUE,9,FALSE,4,4,Trial,High,2
7743,55,Male,Rangpur,Beauty,348.97,36,Tablet,Cash on Delivery,TRUE,8,FALSE,3,12,Premium,High,2
7744,52,Female,Barisal,Clothing,528.08,49,Tablet,Cash on Delivery,TRUE,4,FALSE,4,7,Free,Low,0
7745,35,Male,Dhaka,Books,960.28,26,Tablet,Credit Card,TRUE,7,TRUE,4,5,Premium,Medium,1
7746,38,Female,Sylhet,Books,336.12,27,Mobile,Credit Card,TRUE,8,FALSE,2,9,Trial,High,2
7747,57,Male,Chittagong,Books,529.56,28,Mobile,Cash on Delivery,FALSE,5,TRUE,2,8,Free,High,2
7748,59,Male,Mymensingh,Beauty,388.97,26,Desktop,Bank Transfer,FALSE,9,FALSE,4,5,Free,High,2
7749,22,Other,Rangpur,Toys,838.01,19,Desktop,PayPal,TRUE,5,FALSE,5,4,Trial,Low,0
7750,40,Other,Sylhet,Groceries,780.33,49,Tablet,Credit Card,FALSE,6,FALSE,4,6,Free,Low,0
7751,39,Female,Dhaka,Beauty,252.64,24,Mobile,Cash on Delivery,FALSE,6,FALSE,3,3,Free,Low,0
7752,28,Other,Khulna,Clothing,876.78,32,Desktop,Credit Card,FALSE,5,FALSE,2,6,Trial,High,2
7753,49,Other,Barisal,Sports,354.98,1,Desktop,Credit Card,FALSE,9,TRUE,3,13,Trial,High,2
7754,54,Female,Chittagong,Sports,737.48,19,Tablet,Debit Card,TRUE,1,FALSE,5,11,Premium,Medium,1
7755,57,Male,Barisal,Groceries,453.08,10,Mobile,Cash on Delivery,TRUE,4,TRUE,4,2,Premium,Medium,1
7756,42,Female,Mymensingh,Home,974.48,3,Tablet,Credit Card,FALSE,7,FALSE,3,9,Premium,Medium,1
7757,49,Other,Sylhet,Sports,113.34,25,Mobile,Credit Card,TRUE,5,TRUE,5,11,Premium,High,2
7758,37,Male,Sylhet,Toys,545.42,57,Tablet,Credit Card,FALSE,2,FALSE,4,8,Free,Medium,1
7759,52,Male,Khulna,Sports,786.81,8,Desktop,Cash on Delivery,FALSE,3,FALSE,3,7,Trial,High,2
7760,38,Other,Dhaka,Electronics,996.11,51,Mobile,Credit Card,TRUE,5,FALSE,1,9,Trial,Medium,1
7761,69,Other,Dhaka,Clothing,429.9,54,Desktop,Credit Card,FALSE,3,TRUE,4,13,Free,High,2
7762,60,Female,Khulna,Electronics,337.78,13,Mobile,Cash on Delivery,FALSE,7,TRUE,5,9,Trial,High,2
7763,69,Female,Chittagong,Sports,640.73,7,Mobile,Debit Card,FALSE,8,TRUE,5,6,Premium,High,2
7764,45,Male,Barisal,Books,368.49,25,Mobile,Credit Card,TRUE,8,FALSE,3,6,Free,High,2
7765,58,Female,Chittagong,Beauty,151.16,24,Tablet,Cash on Delivery,TRUE,3,FALSE,5,1,Free,Medium,1
7766,57,Female,Chittagong,Clothing,841.45,40,Mobile,Debit Card,FALSE,3,TRUE,4,11,Trial,High,2
7767,48,Other,Khulna,Toys,579.22,22,Mobile,PayPal,TRUE,3,TRUE,2,13,Premium,Low,0
7768,31,Male,Dhaka,Home,724.65,35,Mobile,Cash on Delivery,TRUE,3,TRUE,5,2,Trial,Low,0
7769,29,Other,Rajshahi,Groceries,258.32,51,Mobile,Debit Card,TRUE,1,TRUE,1,3,Trial,Low,0
7770,61,Other,Dhaka,Electronics,539.51,11,Mobile,Bank Transfer,TRUE,3,TRUE,3,2,Premium,High,2
7771,55,Female,Khulna,Toys,404.74,45,Tablet,Credit Card,FALSE,3,FALSE,3,6,Premium,High,2
7772,53,Other,Sylhet,Groceries,995.22,13,Desktop,PayPal,TRUE,2,FALSE,5,10,Premium,Medium,1
7773,50,Male,Sylhet,Groceries,172.25,25,Tablet,Bank Transfer,FALSE,8,FALSE,3,4,Premium,High,2
7774,43,Other,Barisal,Clothing,731.13,27,Desktop,Debit Card,FALSE,8,TRUE,3,11,Trial,Low,0
7775,56,Other,Dhaka,Toys,225.96,49,Tablet,Credit Card,FALSE,6,TRUE,1,3,Trial,Low,0
7776,40,Other,Barisal,Beauty,657.96,32,Tablet,Cash on Delivery,TRUE,9,TRUE,1,12,Trial,High,2
7777,51,Female,Chittagong,Sports,938,14,Mobile,Bank Transfer,FALSE,1,FALSE,1,6,Trial,High,2
7778,56,Female,Rajshahi,Sports,720.22,50,Tablet,Cash on Delivery,FALSE,5,FALSE,3,3,Premium,Low,0
7779,41,Male,Khulna,Groceries,221.63,22,Tablet,Debit Card,FALSE,4,TRUE,3,10,Free,Medium,1
7780,69,Other,Chittagong,Books,46.95,56,Mobile,Cash on Delivery,TRUE,7,TRUE,3,3,Premium,Low,0
7781,59,Other,Rajshahi,Home,461.31,33,Tablet,Bank Transfer,TRUE,6,FALSE,5,2,Trial,Low,0
7782,47,Female,Khulna,Clothing,554.12,12,Mobile,PayPal,FALSE,4,FALSE,3,2,Free,Low,0
7783,68,Male,Rangpur,Electronics,793.17,2,Mobile,Credit Card,FALSE,7,TRUE,1,8,Free,High,2
7784,29,Other,Barisal,Home,300.13,34,Mobile,PayPal,TRUE,6,FALSE,1,1,Trial,Low,0
7785,60,Female,Khulna,Home,549.3,58,Tablet,PayPal,FALSE,7,TRUE,1,13,Free,High,2
7786,38,Male,Barisal,Sports,567.82,23,Tablet,Credit Card,FALSE,6,TRUE,5,8,Free,High,2
7787,61,Female,Khulna,Clothing,939.16,21,Desktop,Bank Transfer,TRUE,1,TRUE,1,11,Free,Medium,1
7788,65,Male,Mymensingh,Books,792.28,27,Tablet,Cash on Delivery,FALSE,7,FALSE,5,7,Premium,High,2
7789,47,Female,Sylhet,Sports,238.11,42,Tablet,Cash on Delivery,FALSE,5,TRUE,3,1,Trial,Low,0
7790,55,Other,Khulna,Home,530.48,37,Tablet,PayPal,FALSE,5,TRUE,5,6,Free,Low,0
7791,66,Other,Dhaka,Electronics,102.58,22,Tablet,Credit Card,FALSE,5,TRUE,4,7,Trial,Medium,1
7792,43,Female,Chittagong,Beauty,483.24,15,Mobile,Cash on Delivery,FALSE,1,TRUE,3,8,Free,Medium,1
7793,21,Other,Sylhet,Groceries,44.85,24,Desktop,Debit Card,TRUE,8,FALSE,1,4,Trial,Medium,1
7794,55,Male,Barisal,Groceries,959.75,24,Mobile,PayPal,TRUE,7,TRUE,5,8,Premium,Low,0
7795,37,Female,Mymensingh,Sports,766.73,38,Mobile,PayPal,FALSE,5,TRUE,5,9,Free,Low,0
7796,22,Other,Dhaka,Groceries,900.43,34,Desktop,Debit Card,FALSE,5,FALSE,3,5,Premium,Medium,1
7797,61,Male,Rajshahi,Beauty,421,45,Tablet,PayPal,TRUE,2,TRUE,1,1,Trial,High,2
7798,27,Other,Rangpur,Electronics,173.73,40,Desktop,Debit Card,TRUE,9,FALSE,1,7,Free,High,2
7799,64,Male,Barisal,Beauty,230.66,41,Mobile,Credit Card,FALSE,3,FALSE,4,10,Free,Low,0
7800,66,Female,Sylhet,Books,494.31,16,Mobile,Cash on Delivery,TRUE,1,FALSE,1,3,Premium,High,2
7801,19,Male,Khulna,Toys,578.29,58,Mobile,Credit Card,TRUE,1,TRUE,1,5,Premium,Medium,1
7802,57,Other,Dhaka,Electronics,312.46,3,Mobile,PayPal,TRUE,6,FALSE,2,3,Trial,High,2
7803,40,Other,Khulna,Clothing,973.39,54,Desktop,Credit Card,TRUE,5,FALSE,5,10,Free,Low,0
7804,55,Male,Dhaka,Home,291.21,1,Mobile,PayPal,TRUE,6,TRUE,2,12,Premium,Medium,1
7805,69,Female,Chittagong,Groceries,118.58,25,Tablet,Cash on Delivery,TRUE,8,FALSE,2,12,Premium,Medium,1
7806,35,Other,Mymensingh,Electronics,477.81,43,Desktop,Credit Card,TRUE,6,TRUE,5,12,Free,High,2
7807,51,Other,Rajshahi,Beauty,14.42,22,Tablet,Bank Transfer,TRUE,1,FALSE,3,12,Trial,Low,0
7808,43,Female,Rajshahi,Books,615.73,21,Tablet,PayPal,FALSE,7,TRUE,3,1,Free,High,2
7809,53,Male,Barisal,Clothing,573.05,26,Tablet,Credit Card,FALSE,8,TRUE,2,8,Trial,High,2
7810,50,Male,Barisal,Toys,877.35,34,Desktop,PayPal,TRUE,9,FALSE,4,7,Free,High,2
7811,19,Other,Chittagong,Beauty,837.15,3,Mobile,Cash on Delivery,FALSE,1,TRUE,4,8,Free,Low,0
7812,35,Other,Sylhet,Electronics,180.79,15,Desktop,Cash on Delivery,FALSE,4,TRUE,5,8,Free,Medium,1
7813,32,Other,Dhaka,Clothing,663.55,3,Mobile,PayPal,TRUE,5,TRUE,1,10,Free,Medium,1
7814,22,Male,Chittagong,Sports,353.63,51,Mobile,Debit Card,FALSE,1,TRUE,5,2,Premium,Medium,1
7815,28,Female,Dhaka,Home,813.93,34,Tablet,Bank Transfer,TRUE,5,FALSE,5,6,Trial,Medium,1
7816,63,Other,Rangpur,Sports,69.22,13,Desktop,PayPal,FALSE,8,TRUE,3,12,Trial,Low,0
7817,44,Female,Khulna,Electronics,413.24,20,Desktop,Credit Card,FALSE,4,TRUE,4,10,Trial,Medium,1
7818,55,Male,Rajshahi,Electronics,848.45,38,Desktop,Cash on Delivery,FALSE,4,FALSE,5,10,Free,Low,0
7819,23,Male,Sylhet,Beauty,407.47,17,Desktop,Debit Card,TRUE,6,TRUE,5,3,Free,Low,0
7820,40,Female,Rajshahi,Sports,206.78,24,Tablet,PayPal,TRUE,2,FALSE,5,7,Premium,High,2
7821,44,Other,Khulna,Clothing,682.26,35,Desktop,Bank Transfer,FALSE,7,FALSE,3,4,Trial,Low,0
7822,19,Male,Sylhet,Groceries,736.77,26,Desktop,PayPal,TRUE,2,TRUE,4,1,Free,Low,0
7823,64,Other,Rangpur,Home,143.92,58,Tablet,Debit Card,FALSE,6,TRUE,1,3,Free,Medium,1
7824,36,Male,Mymensingh,Toys,379.43,34,Mobile,Credit Card,FALSE,9,TRUE,5,4,Trial,High,2
7825,47,Male,Barisal,Books,183.92,11,Mobile,Cash on Delivery,TRUE,5,FALSE,4,1,Premium,Low,0
7826,55,Female,Chittagong,Beauty,512.56,59,Mobile,Bank Transfer,TRUE,3,TRUE,3,6,Premium,Medium,1
7827,44,Other,Dhaka,Beauty,281.05,17,Desktop,PayPal,FALSE,3,TRUE,2,7,Free,Medium,1
7828,30,Female,Khulna,Electronics,628.57,40,Desktop,PayPal,TRUE,3,FALSE,5,6,Trial,High,2
7829,65,Other,Dhaka,Clothing,252.64,47,Desktop,Debit Card,TRUE,8,TRUE,5,2,Free,Medium,1
7830,36,Other,Rajshahi,Toys,655.87,1,Mobile,Bank Transfer,FALSE,4,TRUE,5,11,Free,Low,0
7831,30,Female,Rangpur,Clothing,573.81,18,Mobile,PayPal,FALSE,8,FALSE,4,12,Trial,Low,0
7832,30,Female,Rajshahi,Books,874.48,38,Desktop,Debit Card,TRUE,6,TRUE,4,8,Premium,High,2
7833,59,Female,Dhaka,Groceries,507.9,1,Mobile,PayPal,FALSE,7,TRUE,3,5,Trial,Low,0
7834,57,Female,Barisal,Sports,495.23,30,Tablet,Bank Transfer,TRUE,4,TRUE,2,5,Trial,Low,0
7835,55,Male,Barisal,Sports,536.96,41,Desktop,Bank Transfer,FALSE,5,FALSE,4,6,Premium,Low,0
7836,39,Female,Dhaka,Groceries,495.44,53,Tablet,PayPal,TRUE,6,TRUE,5,2,Premium,Low,0
7837,68,Female,Mymensingh,Clothing,159.79,3,Mobile,PayPal,TRUE,6,FALSE,2,5,Premium,Medium,1
7838,52,Other,Dhaka,Beauty,901.66,31,Desktop,Bank Transfer,FALSE,7,TRUE,4,4,Free,High,2
7839,37,Other,Rajshahi,Sports,308.74,5,Mobile,Debit Card,TRUE,4,FALSE,2,5,Premium,Medium,1
7840,21,Male,Chittagong,Electronics,526.18,5,Tablet,Cash on Delivery,TRUE,6,FALSE,3,10,Premium,Low,0
7841,35,Male,Rangpur,Groceries,294.29,48,Mobile,Cash on Delivery,FALSE,5,FALSE,2,1,Trial,Medium,1
7842,27,Male,Barisal,Home,516.76,1,Mobile,Credit Card,FALSE,7,FALSE,5,1,Trial,High,2
7843,33,Female,Rajshahi,Books,256.38,42,Mobile,Credit Card,FALSE,8,TRUE,1,4,Trial,Medium,1
7844,61,Male,Barisal,Groceries,820.44,15,Tablet,Cash on Delivery,FALSE,5,TRUE,5,2,Free,High,2
7845,66,Female,Dhaka,Books,301.71,17,Tablet,Bank Transfer,TRUE,5,TRUE,3,5,Premium,High,2
7846,44,Other,Dhaka,Groceries,595.72,7,Tablet,Debit Card,TRUE,6,TRUE,1,2,Trial,Low,0
7847,69,Male,Rajshahi,Sports,803.06,45,Desktop,Debit Card,TRUE,2,FALSE,3,1,Free,High,2
7848,31,Other,Khulna,Home,475.94,41,Mobile,Bank Transfer,TRUE,9,TRUE,4,12,Free,Low,0
7849,36,Male,Mymensingh,Beauty,671.29,7,Desktop,PayPal,FALSE,4,FALSE,4,13,Premium,Low,0
7850,41,Male,Barisal,Toys,779.37,14,Tablet,PayPal,TRUE,5,FALSE,1,3,Trial,Low,0
7851,48,Male,Chittagong,Electronics,739.46,17,Tablet,Cash on Delivery,TRUE,6,FALSE,2,4,Trial,Low,0
7852,37,Male,Rajshahi,Beauty,264.79,49,Mobile,Credit Card,TRUE,6,FALSE,5,9,Premium,Medium,1
7853,43,Other,Chittagong,Beauty,613.89,9,Desktop,Debit Card,FALSE,6,TRUE,5,13,Free,Medium,1
7854,19,Female,Barisal,Electronics,717.32,39,Tablet,Debit Card,TRUE,8,TRUE,4,2,Trial,Medium,1
7855,63,Male,Dhaka,Clothing,803.66,8,Mobile,Debit Card,TRUE,6,FALSE,1,11,Premium,Medium,1
7856,54,Male,Sylhet,Books,849.62,2,Mobile,Credit Card,TRUE,9,TRUE,4,1,Free,Medium,1
7857,57,Other,Rajshahi,Beauty,772.24,47,Mobile,Debit Card,FALSE,9,FALSE,3,6,Free,High,2
7858,20,Male,Rangpur,Electronics,720.58,12,Desktop,Bank Transfer,TRUE,3,TRUE,1,2,Trial,Medium,1
7859,64,Other,Sylhet,Groceries,340.51,8,Mobile,Debit Card,TRUE,8,FALSE,2,11,Free,Low,0
7860,22,Other,Chittagong,Home,954.07,58,Desktop,Credit Card,TRUE,7,TRUE,4,2,Premium,High,2
7861,38,Male,Dhaka,Clothing,206.52,22,Desktop,Cash on Delivery,FALSE,5,FALSE,2,5,Free,Low,0
7862,20,Female,Rangpur,Groceries,782.33,21,Desktop,Bank Transfer,FALSE,6,TRUE,3,11,Premium,Medium,1
7863,49,Female,Mymensingh,Books,235.34,44,Desktop,Bank Transfer,FALSE,2,FALSE,2,10,Premium,Medium,1
7864,51,Male,Mymensingh,Electronics,558.66,36,Tablet,PayPal,TRUE,5,FALSE,3,11,Trial,Low,0
7865,31,Male,Sylhet,Clothing,589.83,10,Desktop,Credit Card,TRUE,5,TRUE,1,6,Premium,Low,0
7866,63,Male,Sylhet,Clothing,806.48,58,Desktop,Debit Card,TRUE,2,FALSE,1,1,Free,Medium,1
7867,45,Female,Rajshahi,Beauty,314.05,26,Tablet,Cash on Delivery,TRUE,2,TRUE,4,3,Free,High,2
7868,37,Other,Mymensingh,Beauty,349.6,5,Desktop,Cash on Delivery,TRUE,2,FALSE,5,3,Free,High,2
7869,56,Female,Dhaka,Clothing,433.27,33,Tablet,Bank Transfer,FALSE,5,TRUE,5,8,Trial,Low,0
7870,37,Male,Sylhet,Groceries,904.79,3,Desktop,Cash on Delivery,FALSE,7,FALSE,3,9,Free,Medium,1
7871,51,Other,Rangpur,Groceries,309.68,34,Mobile,PayPal,FALSE,7,FALSE,2,1,Trial,High,2
7872,62,Male,Barisal,Books,918.42,19,Tablet,Bank Transfer,TRUE,4,TRUE,3,2,Trial,Medium,1
7873,34,Female,Rangpur,Toys,837.17,34,Mobile,PayPal,TRUE,5,TRUE,5,10,Free,Low,0
7874,22,Female,Mymensingh,Electronics,326.88,34,Mobile,Cash on Delivery,FALSE,3,TRUE,2,11,Free,Low,0
7875,47,Other,Sylhet,Books,958.63,27,Tablet,Debit Card,FALSE,3,FALSE,2,12,Free,Low,0
7876,34,Male,Rajshahi,Toys,722.25,5,Mobile,PayPal,FALSE,7,FALSE,3,12,Premium,Medium,1
7877,66,Male,Dhaka,Beauty,837.27,55,Tablet,Cash on Delivery,FALSE,2,TRUE,2,8,Premium,Medium,1
7878,57,Other,Dhaka,Home,464.28,13,Desktop,Credit Card,FALSE,5,TRUE,3,11,Premium,Low,0
7879,60,Female,Rajshahi,Electronics,218.77,22,Tablet,Credit Card,FALSE,6,FALSE,5,12,Premium,High,2
7880,41,Female,Sylhet,Sports,363.85,17,Tablet,Cash on Delivery,FALSE,1,FALSE,2,8,Free,High,2
7881,36,Other,Rangpur,Books,414.78,38,Mobile,Debit Card,FALSE,7,TRUE,3,9,Premium,High,2
7882,31,Female,Khulna,Books,990.82,7,Desktop,PayPal,TRUE,2,FALSE,3,11,Premium,Medium,1
7883,49,Male,Rajshahi,Electronics,459.64,1,Desktop,Debit Card,TRUE,6,FALSE,1,10,Trial,Medium,1
7884,23,Male,Chittagong,Home,524.07,28,Mobile,Credit Card,FALSE,7,TRUE,5,4,Premium,Medium,1
7885,33,Female,Rangpur,Sports,951.53,32,Desktop,Credit Card,TRUE,1,FALSE,4,13,Trial,Low,0
7886,68,Female,Barisal,Beauty,510.08,26,Tablet,Bank Transfer,FALSE,1,FALSE,1,6,Premium,High,2
7887,45,Female,Chittagong,Clothing,460.14,50,Tablet,Credit Card,FALSE,3,FALSE,5,5,Trial,Low,0
7888,69,Female,Khulna,Books,260.15,44,Desktop,Debit Card,TRUE,9,FALSE,2,5,Trial,Medium,1
7889,50,Other,Dhaka,Electronics,413.26,57,Tablet,PayPal,TRUE,6,FALSE,4,4,Trial,Medium,1
7890,62,Other,Sylhet,Toys,529.43,16,Mobile,PayPal,FALSE,7,FALSE,1,11,Trial,Low,0
7891,64,Female,Dhaka,Beauty,846.76,43,Tablet,PayPal,FALSE,3,FALSE,2,5,Premium,Low,0
7892,66,Male,Khulna,Books,31.11,41,Mobile,PayPal,FALSE,6,TRUE,4,11,Premium,Medium,1
7893,51,Other,Mymensingh,Groceries,757.89,47,Mobile,Bank Transfer,TRUE,5,TRUE,2,6,Free,Medium,1
7894,38,Male,Khulna,Home,275.73,22,Desktop,Bank Transfer,TRUE,5,TRUE,1,9,Premium,Medium,1
7895,21,Female,Rajshahi,Electronics,460.24,11,Tablet,Cash on Delivery,FALSE,6,FALSE,4,6,Free,High,2
7896,53,Other,Barisal,Sports,467.67,38,Mobile,Credit Card,TRUE,4,TRUE,4,3,Trial,High,2
7897,53,Other,Khulna,Books,82.07,43,Desktop,PayPal,FALSE,4,FALSE,2,5,Trial,Low,0
7898,36,Male,Rajshahi,Clothing,622.33,25,Mobile,Cash on Delivery,TRUE,5,TRUE,5,12,Premium,Low,0
7899,68,Female,Sylhet,Electronics,488.33,13,Tablet,Debit Card,TRUE,2,FALSE,1,10,Premium,High,2
7900,32,Female,Rangpur,Toys,410.35,16,Desktop,Debit Card,TRUE,7,TRUE,4,8,Trial,High,2
7901,63,Male,Barisal,Beauty,56.11,51,Tablet,Cash on Delivery,TRUE,2,TRUE,5,9,Premium,High,2
7902,60,Female,Sylhet,Clothing,889.49,46,Desktop,Bank Transfer,TRUE,9,TRUE,5,4,Free,High,2
7903,69,Male,Dhaka,Sports,269.88,35,Mobile,Bank Transfer,TRUE,3,TRUE,5,12,Free,High,2
7904,56,Female,Sylhet,Groceries,166.15,3,Desktop,Credit Card,FALSE,1,TRUE,2,10,Trial,High,2
7905,59,Other,Rajshahi,Books,549.22,9,Desktop,Cash on Delivery,FALSE,6,TRUE,5,13,Premium,Low,0
7906,24,Other,Rangpur,Beauty,601.72,47,Tablet,Bank Transfer,TRUE,1,TRUE,1,5,Free,Medium,1
7907,30,Female,Mymensingh,Toys,791.8,11,Mobile,Credit Card,FALSE,9,TRUE,1,7,Trial,High,2
7908,55,Female,Barisal,Home,985.5,38,Desktop,Credit Card,TRUE,5,TRUE,5,2,Premium,High,2
7909,20,Male,Khulna,Home,360.45,16,Tablet,Credit Card,TRUE,2,TRUE,1,9,Free,Medium,1
7910,55,Other,Sylhet,Electronics,768.12,24,Mobile,Bank Transfer,FALSE,1,FALSE,5,2,Premium,Low,0
7911,37,Other,Mymensingh,Sports,348.49,37,Tablet,PayPal,TRUE,1,FALSE,2,13,Free,Medium,1
7912,40,Female,Khulna,Home,544.08,34,Desktop,Debit Card,TRUE,3,TRUE,5,9,Trial,Low,0
7913,31,Other,Mymensingh,Toys,726.89,46,Tablet,PayPal,FALSE,9,TRUE,2,7,Premium,High,2
7914,63,Other,Khulna,Sports,980.98,9,Desktop,PayPal,TRUE,1,FALSE,4,3,Premium,High,2
7915,55,Male,Rangpur,Electronics,400.18,40,Desktop,Bank Transfer,FALSE,5,TRUE,3,2,Trial,Low,0
7916,30,Male,Sylhet,Books,297.52,41,Desktop,Bank Transfer,TRUE,3,FALSE,5,13,Trial,Low,0
7917,27,Female,Sylhet,Beauty,906.76,52,Tablet,PayPal,TRUE,4,TRUE,4,2,Premium,High,2
7918,45,Male,Sylhet,Toys,837.8,21,Mobile,PayPal,TRUE,9,FALSE,3,1,Premium,High,2
7919,48,Female,Rangpur,Toys,474.85,9,Tablet,Bank Transfer,FALSE,9,FALSE,3,11,Trial,Low,0
7920,32,Female,Chittagong,Beauty,500.41,9,Desktop,Cash on Delivery,TRUE,4,FALSE,5,13,Free,Low,0
7921,62,Male,Dhaka,Clothing,724.43,51,Mobile,PayPal,FALSE,6,FALSE,5,10,Trial,Low,0
7922,24,Female,Barisal,Electronics,620.55,21,Mobile,PayPal,TRUE,1,FALSE,3,13,Free,High,2
7923,20,Female,Mymensingh,Sports,793.73,29,Tablet,Debit Card,FALSE,1,FALSE,4,13,Free,Low,0
7924,21,Male,Rangpur,Electronics,204.08,16,Mobile,Bank Transfer,TRUE,7,TRUE,5,8,Premium,High,2
7925,69,Female,Khulna,Electronics,82.52,45,Mobile,Credit Card,TRUE,3,FALSE,3,4,Premium,Low,0
7926,34,Other,Chittagong,Sports,510.34,49,Mobile,PayPal,FALSE,9,FALSE,1,12,Premium,High,2
7927,24,Male,Rajshahi,Sports,375.16,49,Mobile,Debit Card,TRUE,8,TRUE,2,2,Trial,Low,0
7928,31,Male,Chittagong,Home,736.64,7,Tablet,PayPal,TRUE,5,FALSE,1,6,Premium,Medium,1
7929,62,Female,Dhaka,Electronics,961.23,30,Desktop,PayPal,TRUE,5,FALSE,2,7,Free,Low,0
7930,36,Other,Mymensingh,Books,294.41,35,Mobile,Cash on Delivery,FALSE,3,TRUE,1,3,Premium,Low,0
7931,21,Male,Sylhet,Toys,624.81,1,Mobile,Credit Card,FALSE,5,TRUE,5,7,Free,Low,0
7932,37,Female,Dhaka,Clothing,833.57,25,Desktop,Debit Card,TRUE,5,TRUE,1,13,Free,Medium,1
7933,40,Female,Sylhet,Home,882.56,2,Tablet,Debit Card,TRUE,1,FALSE,4,9,Trial,High,2
7934,51,Other,Rajshahi,Home,950.47,25,Tablet,Bank Transfer,FALSE,8,FALSE,1,5,Free,High,2
7935,55,Other,Barisal,Sports,328.81,5,Mobile,PayPal,FALSE,8,FALSE,1,8,Premium,Low,0
7936,54,Male,Rangpur,Home,948.35,20,Mobile,PayPal,FALSE,6,FALSE,3,6,Trial,Medium,1
7937,41,Other,Chittagong,Electronics,836.14,57,Mobile,Bank Transfer,FALSE,3,FALSE,1,6,Free,High,2
7938,19,Female,Chittagong,Clothing,860.07,2,Tablet,Bank Transfer,TRUE,5,FALSE,3,8,Trial,Medium,1
7939,28,Female,Mymensingh,Home,189.47,9,Mobile,Debit Card,TRUE,6,TRUE,5,1,Premium,Low,0
7940,19,Female,Khulna,Books,917.96,10,Mobile,PayPal,TRUE,5,FALSE,4,12,Trial,Low,0
7941,63,Male,Khulna,Clothing,525.07,44,Mobile,Credit Card,FALSE,4,TRUE,3,8,Free,High,2
7942,55,Male,Rangpur,Toys,856.85,44,Mobile,Bank Transfer,FALSE,8,TRUE,1,8,Premium,Low,0
7943,35,Female,Chittagong,Home,88.45,27,Tablet,Debit Card,TRUE,4,FALSE,2,9,Free,High,2
7944,49,Female,Dhaka,Beauty,984.82,46,Mobile,Credit Card,TRUE,7,FALSE,4,7,Free,High,2
7945,28,Other,Rangpur,Electronics,254.6,4,Desktop,Debit Card,FALSE,6,FALSE,5,11,Free,Medium,1
7946,51,Male,Sylhet,Clothing,796.08,22,Tablet,Cash on Delivery,TRUE,9,FALSE,3,1,Premium,Low,0
7947,59,Female,Sylhet,Groceries,323.33,11,Desktop,PayPal,FALSE,1,TRUE,3,9,Trial,Medium,1
7948,21,Male,Rajshahi,Clothing,16.2,49,Tablet,Credit Card,TRUE,4,TRUE,3,1,Free,Medium,1
7949,37,Male,Dhaka,Groceries,180.99,13,Tablet,Credit Card,TRUE,3,FALSE,3,5,Free,Medium,1
7950,63,Female,Mymensingh,Clothing,743.92,38,Tablet,Credit Card,FALSE,7,TRUE,2,5,Free,High,2
7951,53,Other,Khulna,Groceries,105.19,42,Mobile,Bank Transfer,FALSE,6,TRUE,2,1,Trial,Medium,1
7952,21,Male,Rangpur,Beauty,382.63,30,Desktop,Credit Card,FALSE,9,FALSE,1,10,Trial,Medium,1
7953,46,Other,Rajshahi,Groceries,494.25,18,Desktop,Credit Card,TRUE,7,TRUE,4,5,Premium,Medium,1
7954,62,Other,Mymensingh,Books,203.06,45,Mobile,Cash on Delivery,FALSE,2,FALSE,4,8,Trial,Low,0
7955,39,Other,Dhaka,Groceries,247.72,15,Mobile,Credit Card,TRUE,2,TRUE,4,9,Premium,Medium,1
7956,22,Other,Mymensingh,Sports,731.62,1,Mobile,Debit Card,TRUE,9,TRUE,2,9,Free,High,2
7957,34,Female,Rangpur,Books,973.43,44,Desktop,Credit Card,TRUE,3,FALSE,5,8,Trial,Low,0
7958,42,Female,Dhaka,Electronics,583.06,18,Desktop,Cash on Delivery,TRUE,2,FALSE,5,10,Trial,Medium,1
7959,21,Other,Dhaka,Beauty,983,6,Mobile,Debit Card,FALSE,2,FALSE,3,13,Trial,High,2
7960,38,Male,Dhaka,Sports,577.76,47,Desktop,Debit Card,TRUE,6,TRUE,4,5,Trial,High,2
7961,59,Male,Mymensingh,Books,412.23,37,Desktop,PayPal,FALSE,3,TRUE,1,11,Trial,Low,0
7962,43,Male,Barisal,Toys,225.39,6,Desktop,Bank Transfer,TRUE,1,FALSE,1,12,Free,Low,0
7963,35,Female,Rangpur,Clothing,346.29,51,Mobile,Bank Transfer,TRUE,4,FALSE,2,8,Premium,High,2
7964,66,Other,Rajshahi,Clothing,359.52,33,Mobile,PayPal,FALSE,1,TRUE,3,13,Trial,Medium,1
7965,39,Other,Barisal,Clothing,827.48,3,Tablet,Bank Transfer,TRUE,3,TRUE,4,7,Trial,Medium,1
7966,52,Female,Mymensingh,Beauty,690.3,31,Mobile,Bank Transfer,TRUE,4,TRUE,1,1,Free,Medium,1
7967,33,Other,Sylhet,Electronics,507.54,9,Tablet,Debit Card,TRUE,9,TRUE,1,6,Premium,High,2
7968,46,Male,Chittagong,Books,30.96,13,Tablet,PayPal,FALSE,4,TRUE,3,7,Free,Medium,1
7969,39,Female,Rangpur,Sports,742.34,35,Desktop,PayPal,TRUE,5,TRUE,4,8,Free,Low,0
7970,30,Male,Dhaka,Electronics,525.02,45,Tablet,Cash on Delivery,FALSE,4,TRUE,4,9,Free,High,2
7971,26,Male,Rangpur,Electronics,143.7,13,Mobile,PayPal,TRUE,2,FALSE,2,1,Trial,High,2
7972,47,Male,Rangpur,Toys,849.79,37,Tablet,Credit Card,FALSE,7,TRUE,5,4,Free,Low,0
7973,43,Other,Sylhet,Home,406.28,47,Mobile,Credit Card,FALSE,6,FALSE,2,10,Trial,High,2
7974,63,Other,Sylhet,Beauty,304.82,4,Tablet,Cash on Delivery,TRUE,1,TRUE,3,7,Premium,Medium,1
7975,31,Other,Khulna,Beauty,281.69,33,Tablet,Bank Transfer,TRUE,8,FALSE,3,3,Premium,High,2
7976,56,Other,Rajshahi,Sports,154.61,23,Desktop,Credit Card,TRUE,7,FALSE,4,11,Trial,Medium,1
7977,62,Male,Sylhet,Sports,628.63,35,Desktop,Credit Card,FALSE,1,FALSE,3,10,Trial,Low,0
7978,53,Female,Sylhet,Clothing,698.13,51,Tablet,Credit Card,FALSE,7,TRUE,2,11,Premium,Medium,1
7979,54,Male,Mymensingh,Beauty,521.48,57,Desktop,Bank Transfer,FALSE,3,TRUE,2,5,Free,Low,0
7980,29,Other,Chittagong,Beauty,214.89,34,Mobile,Debit Card,FALSE,8,TRUE,2,8,Trial,Low,0
7981,67,Female,Sylhet,Clothing,988.42,11,Desktop,Debit Card,FALSE,4,FALSE,4,6,Trial,Medium,1
7982,29,Female,Khulna,Clothing,62.22,19,Mobile,Debit Card,FALSE,8,FALSE,2,3,Free,Medium,1
7983,53,Male,Mymensingh,Toys,815.32,54,Desktop,Cash on Delivery,TRUE,9,FALSE,1,13,Premium,High,2
7984,52,Female,Mymensingh,Sports,111.99,47,Mobile,PayPal,TRUE,5,TRUE,5,2,Free,Low,0
7985,30,Other,Barisal,Clothing,853.64,30,Tablet,Debit Card,FALSE,3,FALSE,4,12,Free,Low,0
7986,33,Other,Chittagong,Clothing,907.45,6,Mobile,Cash on Delivery,FALSE,7,TRUE,2,6,Free,Low,0
7987,42,Other,Chittagong,Home,917.72,15,Mobile,Cash on Delivery,TRUE,8,FALSE,3,2,Premium,High,2
7988,58,Female,Barisal,Electronics,377.54,25,Mobile,Debit Card,TRUE,7,FALSE,2,7,Trial,Medium,1
7989,25,Male,Sylhet,Electronics,555.77,34,Desktop,Debit Card,TRUE,9,FALSE,1,9,Trial,Low,0
7990,37,Other,Sylhet,Toys,911.6,37,Tablet,Bank Transfer,TRUE,9,TRUE,3,3,Premium,Low,0
7991,37,Other,Sylhet,Beauty,307.38,15,Desktop,Credit Card,FALSE,3,FALSE,3,11,Free,High,2
7992,27,Male,Sylhet,Beauty,133.23,6,Tablet,Debit Card,FALSE,2,TRUE,1,3,Free,Low,0
7993,29,Female,Rajshahi,Electronics,601.74,50,Desktop,Credit Card,TRUE,8,TRUE,5,7,Trial,Medium,1
7994,54,Male,Khulna,Groceries,959.74,59,Tablet,Debit Card,FALSE,4,FALSE,1,5,Trial,Low,0
7995,23,Other,Barisal,Books,988.15,15,Mobile,Bank Transfer,FALSE,3,TRUE,5,13,Trial,Low,0
7996,67,Female,Rangpur,Electronics,114.38,1,Desktop,Credit Card,FALSE,9,TRUE,3,5,Premium,High,2
7997,66,Other,Sylhet,Sports,582.44,45,Mobile,Debit Card,TRUE,6,FALSE,1,2,Free,Medium,1
7998,52,Male,Dhaka,Home,566.24,6,Mobile,Debit Card,TRUE,4,TRUE,3,8,Trial,High,2
7999,63,Male,Mymensingh,Beauty,562.8,21,Mobile,Credit Card,FALSE,6,FALSE,5,3,Trial,Medium,1
8000,44,Other,Sylhet,Beauty,601.68,11,Desktop,Debit Card,FALSE,4,FALSE,5,7,Premium,Low,0
8001,50,Male,Chittagong,Groceries,748.18,33,Tablet,Debit Card,FALSE,2,TRUE,5,4,Free,Low,0
8002,49,Female,Dhaka,Clothing,586.62,57,Tablet,Debit Card,FALSE,7,TRUE,3,13,Trial,Low,0
8003,26,Male,Barisal,Toys,898.67,53,Mobile,Debit Card,TRUE,1,TRUE,1,5,Trial,Medium,1
8004,46,Female,Rangpur,Books,168.87,2,Mobile,PayPal,FALSE,5,FALSE,5,12,Free,High,2
8005,67,Other,Dhaka,Groceries,893.67,59,Mobile,Bank Transfer,TRUE,9,TRUE,1,10,Trial,Low,0
8006,61,Female,Rangpur,Toys,682.12,45,Tablet,Debit Card,FALSE,4,TRUE,3,8,Trial,High,2
8007,26,Female,Khulna,Toys,199.41,12,Desktop,Debit Card,TRUE,9,TRUE,4,11,Premium,High,2
8008,31,Male,Rajshahi,Sports,492.31,58,Tablet,Cash on Delivery,TRUE,9,TRUE,5,2,Trial,High,2
8009,52,Female,Rajshahi,Groceries,490.5,7,Desktop,Credit Card,FALSE,7,FALSE,4,7,Trial,Low,0
8010,32,Other,Sylhet,Groceries,976.96,5,Tablet,Bank Transfer,FALSE,8,TRUE,3,10,Trial,High,2
8011,39,Female,Barisal,Books,283.4,36,Desktop,Cash on Delivery,FALSE,4,TRUE,5,11,Free,Medium,1
8012,42,Other,Khulna,Beauty,92.27,34,Desktop,PayPal,TRUE,1,TRUE,5,3,Free,High,2
8013,33,Male,Sylhet,Beauty,476.95,37,Mobile,Debit Card,TRUE,8,FALSE,4,4,Premium,High,2
8014,53,Male,Mymensingh,Beauty,394.77,8,Desktop,Cash on Delivery,TRUE,8,FALSE,4,10,Premium,Low,0
8015,62,Male,Dhaka,Clothing,907.05,8,Desktop,PayPal,FALSE,2,TRUE,2,5,Trial,High,2
8016,26,Male,Sylhet,Sports,959.55,24,Tablet,Credit Card,FALSE,7,FALSE,3,12,Trial,High,2
8017,23,Other,Khulna,Home,783.55,33,Desktop,Bank Transfer,TRUE,5,FALSE,1,6,Trial,High,2
8018,66,Other,Barisal,Sports,879.07,7,Desktop,PayPal,FALSE,8,FALSE,3,12,Trial,Low,0
8019,39,Female,Mymensingh,Books,927.09,25,Desktop,Bank Transfer,FALSE,9,TRUE,3,8,Premium,Low,0
8020,55,Other,Rangpur,Home,545.8,15,Tablet,Credit Card,TRUE,8,FALSE,2,9,Trial,Low,0
8021,38,Other,Rajshahi,Toys,374.06,27,Desktop,PayPal,FALSE,7,FALSE,1,6,Free,Low,0
8022,64,Female,Rangpur,Beauty,736.84,16,Mobile,Debit Card,FALSE,3,TRUE,1,13,Trial,Medium,1
8023,56,Other,Dhaka,Sports,605.04,45,Mobile,PayPal,TRUE,6,TRUE,2,5,Premium,Low,0
8024,69,Female,Mymensingh,Sports,17.7,27,Desktop,Debit Card,FALSE,4,TRUE,3,5,Premium,High,2
8025,21,Female,Sylhet,Books,717.8,39,Tablet,Debit Card,FALSE,2,TRUE,4,5,Trial,Medium,1
8026,24,Male,Rajshahi,Books,171.11,31,Desktop,Bank Transfer,FALSE,7,TRUE,1,9,Free,High,2
8027,28,Male,Rajshahi,Sports,444.14,39,Desktop,Bank Transfer,FALSE,1,FALSE,2,13,Premium,Low,0
8028,49,Female,Rajshahi,Groceries,750.85,31,Desktop,Credit Card,FALSE,6,TRUE,2,5,Premium,Low,0
8029,34,Female,Mymensingh,Sports,422.89,22,Mobile,PayPal,TRUE,6,FALSE,4,7,Trial,Medium,1
8030,29,Female,Barisal,Sports,45.07,52,Mobile,Credit Card,TRUE,1,TRUE,1,8,Trial,High,2
8031,61,Other,Mymensingh,Home,866.1,4,Desktop,Debit Card,TRUE,2,FALSE,2,4,Premium,Low,0
8032,43,Male,Rangpur,Electronics,831.81,47,Tablet,Bank Transfer,FALSE,2,FALSE,3,10,Trial,Medium,1
8033,27,Female,Sylhet,Electronics,94.22,23,Tablet,Credit Card,TRUE,3,TRUE,3,1,Free,Low,0
8034,67,Male,Sylhet,Beauty,941.09,23,Desktop,Cash on Delivery,FALSE,2,TRUE,5,2,Free,Low,0
8035,41,Other,Khulna,Beauty,104.69,58,Mobile,Debit Card,TRUE,2,FALSE,4,9,Trial,Low,0
8036,49,Male,Chittagong,Clothing,653.98,48,Mobile,Bank Transfer,FALSE,7,FALSE,3,8,Free,Medium,1
8037,55,Other,Chittagong,Clothing,702.62,49,Tablet,Credit Card,TRUE,4,FALSE,1,5,Premium,High,2
8038,47,Male,Barisal,Sports,879.38,5,Desktop,Debit Card,TRUE,9,FALSE,4,1,Trial,Medium,1
8039,34,Other,Chittagong,Sports,51.94,41,Desktop,PayPal,FALSE,9,FALSE,3,7,Free,Low,0
8040,60,Female,Dhaka,Books,562.71,30,Mobile,Bank Transfer,TRUE,4,FALSE,1,1,Trial,High,2
8041,41,Other,Mymensingh,Electronics,864.45,6,Tablet,PayPal,TRUE,4,FALSE,1,4,Trial,Low,0
8042,64,Other,Sylhet,Groceries,295.53,2,Desktop,Debit Card,TRUE,6,FALSE,5,13,Trial,High,2
8043,41,Female,Rangpur,Toys,159.3,12,Tablet,PayPal,FALSE,9,FALSE,1,4,Premium,High,2
8044,50,Male,Rangpur,Clothing,9.12,27,Mobile,PayPal,FALSE,8,FALSE,5,12,Free,Low,0
8045,23,Female,Dhaka,Toys,274.37,51,Tablet,PayPal,TRUE,5,TRUE,3,3,Premium,Medium,1
8046,42,Male,Khulna,Toys,508.05,37,Mobile,Bank Transfer,FALSE,5,FALSE,5,1,Trial,Low,0
8047,49,Female,Barisal,Toys,687.75,40,Mobile,Credit Card,FALSE,6,FALSE,5,11,Free,High,2
8048,42,Other,Sylhet,Groceries,252.28,43,Desktop,Cash on Delivery,FALSE,6,FALSE,1,9,Premium,High,2
8049,43,Other,Sylhet,Electronics,465.17,19,Mobile,Credit Card,TRUE,8,TRUE,4,2,Premium,High,2
8050,37,Male,Rangpur,Electronics,66.61,12,Tablet,Credit Card,FALSE,5,TRUE,2,11,Premium,Medium,1
8051,18,Female,Barisal,Home,605.56,19,Tablet,Bank Transfer,FALSE,6,TRUE,2,6,Trial,Medium,1
8052,34,Other,Mymensingh,Toys,703.68,36,Desktop,Credit Card,FALSE,2,FALSE,2,8,Trial,Medium,1
8053,39,Other,Rangpur,Sports,565,35,Desktop,PayPal,TRUE,2,TRUE,5,5,Trial,High,2
8054,42,Male,Sylhet,Beauty,862.7,24,Mobile,Bank Transfer,FALSE,1,FALSE,3,10,Premium,High,2
8055,58,Other,Mymensingh,Clothing,352.42,54,Mobile,Cash on Delivery,TRUE,2,FALSE,3,12,Free,High,2
8056,38,Other,Chittagong,Groceries,611.18,34,Tablet,Credit Card,TRUE,3,FALSE,5,2,Premium,Low,0
8057,22,Female,Mymensingh,Beauty,435.09,57,Tablet,Bank Transfer,TRUE,8,TRUE,3,5,Premium,Low,0
8058,56,Male,Dhaka,Electronics,383.68,28,Desktop,PayPal,FALSE,1,FALSE,5,13,Trial,Low,0
8059,67,Other,Mymensingh,Books,682.62,12,Mobile,PayPal,FALSE,5,FALSE,1,12,Trial,Medium,1
8060,37,Other,Rangpur,Sports,126.16,36,Mobile,Credit Card,FALSE,8,TRUE,5,9,Free,Medium,1
8061,55,Other,Rangpur,Home,79.69,40,Mobile,Debit Card,FALSE,8,TRUE,3,2,Premium,High,2
8062,48,Other,Mymensingh,Beauty,579.63,14,Tablet,Credit Card,FALSE,9,TRUE,2,10,Trial,Low,0
8063,19,Other,Rangpur,Electronics,190.24,21,Tablet,PayPal,TRUE,8,TRUE,5,1,Trial,Low,0
8064,32,Female,Dhaka,Clothing,934.78,21,Tablet,Credit Card,TRUE,1,TRUE,2,3,Premium,Low,0
8065,48,Other,Khulna,Beauty,136.69,6,Desktop,PayPal,TRUE,4,TRUE,4,5,Free,Low,0
8066,53,Other,Rajshahi,Books,919.43,42,Desktop,Debit Card,TRUE,2,TRUE,3,2,Free,High,2
8067,19,Female,Sylhet,Home,543.84,44,Desktop,Bank Transfer,FALSE,9,TRUE,4,10,Premium,High,2
8068,63,Other,Barisal,Sports,633.82,34,Tablet,Cash on Delivery,FALSE,3,FALSE,5,9,Premium,High,2
8069,61,Other,Rajshahi,Home,194.93,27,Mobile,Bank Transfer,FALSE,1,FALSE,1,12,Free,Medium,1
8070,47,Male,Rangpur,Clothing,328.06,55,Desktop,Bank Transfer,TRUE,4,FALSE,2,2,Trial,Medium,1
8071,19,Other,Chittagong,Clothing,799.73,49,Mobile,Cash on Delivery,FALSE,5,FALSE,5,1,Free,Low,0
8072,49,Other,Khulna,Electronics,88.54,43,Tablet,Cash on Delivery,FALSE,7,FALSE,1,1,Free,Medium,1
8073,36,Female,Sylhet,Groceries,522.54,10,Desktop,Debit Card,TRUE,6,FALSE,1,3,Trial,Low,0
8074,68,Other,Mymensingh,Sports,582.4,39,Mobile,Debit Card,TRUE,5,FALSE,1,6,Trial,Medium,1
8075,46,Female,Barisal,Toys,122.75,18,Tablet,Debit Card,FALSE,1,FALSE,4,12,Premium,High,2
8076,67,Male,Dhaka,Home,632.61,37,Mobile,Bank Transfer,FALSE,8,TRUE,4,10,Premium,High,2
8077,34,Male,Rajshahi,Beauty,528.87,24,Tablet,Cash on Delivery,TRUE,5,FALSE,5,8,Trial,Medium,1
8078,43,Female,Chittagong,Beauty,637.65,26,Desktop,Bank Transfer,FALSE,8,TRUE,5,11,Trial,Low,0
8079,36,Female,Rajshahi,Electronics,102.78,36,Tablet,Credit Card,FALSE,6,FALSE,1,5,Free,High,2
8080,69,Other,Chittagong,Books,708.89,53,Desktop,Debit Card,TRUE,8,TRUE,1,4,Free,Medium,1
8081,41,Female,Chittagong,Toys,745.97,7,Desktop,Bank Transfer,FALSE,5,FALSE,3,10,Trial,Low,0
8082,61,Other,Chittagong,Home,188.8,42,Desktop,Bank Transfer,TRUE,8,FALSE,2,12,Premium,High,2
8083,22,Male,Mymensingh,Beauty,362.86,54,Tablet,Cash on Delivery,FALSE,2,FALSE,4,10,Free,Low,0
8084,40,Female,Mymensingh,Home,817.29,59,Mobile,Debit Card,FALSE,9,TRUE,5,1,Free,Medium,1
8085,23,Male,Mymensingh,Clothing,359,50,Mobile,Debit Card,TRUE,1,FALSE,1,12,Trial,High,2
8086,48,Male,Barisal,Home,437.47,1,Desktop,PayPal,FALSE,9,FALSE,4,3,Premium,Low,0
8087,30,Female,Sylhet,Groceries,874.51,5,Desktop,Cash on Delivery,FALSE,9,TRUE,5,9,Free,High,2
8088,34,Male,Rajshahi,Groceries,464.69,7,Mobile,Credit Card,TRUE,8,FALSE,2,4,Trial,Low,0
8089,57,Female,Mymensingh,Sports,234.7,20,Tablet,Credit Card,TRUE,4,TRUE,5,11,Premium,Low,0
8090,67,Female,Sylhet,Groceries,350.95,23,Mobile,PayPal,TRUE,7,FALSE,4,13,Premium,Medium,1
8091,48,Other,Rangpur,Toys,839.17,28,Tablet,Credit Card,FALSE,8,FALSE,1,10,Free,Low,0
8092,37,Male,Sylhet,Groceries,953.07,24,Mobile,PayPal,TRUE,3,TRUE,5,7,Free,High,2
8093,57,Male,Barisal,Clothing,652.96,31,Tablet,PayPal,TRUE,9,TRUE,5,4,Premium,Low,0
8094,43,Other,Barisal,Toys,904.3,56,Desktop,Cash on Delivery,FALSE,2,FALSE,5,5,Premium,Medium,1
8095,33,Male,Barisal,Sports,923.71,40,Desktop,Cash on Delivery,FALSE,9,TRUE,4,11,Trial,Medium,1
8096,34,Male,Barisal,Sports,678.2,28,Tablet,Debit Card,FALSE,1,FALSE,2,5,Trial,High,2
8097,44,Female,Rangpur,Groceries,921.74,52,Tablet,PayPal,TRUE,7,FALSE,1,11,Trial,Low,0
8098,58,Female,Khulna,Toys,337.64,58,Desktop,PayPal,TRUE,8,FALSE,2,13,Premium,Low,0
8099,52,Female,Rajshahi,Clothing,635.69,40,Tablet,Debit Card,FALSE,7,FALSE,3,6,Premium,High,2
8100,50,Female,Chittagong,Sports,161.75,29,Mobile,Bank Transfer,TRUE,1,TRUE,2,7,Trial,High,2
8101,33,Female,Mymensingh,Books,646.8,29,Mobile,Debit Card,FALSE,2,FALSE,2,7,Free,Medium,1
8102,22,Male,Dhaka,Groceries,725.41,30,Tablet,Credit Card,FALSE,7,TRUE,5,6,Trial,Low,0
8103,57,Female,Khulna,Groceries,591.39,47,Tablet,Credit Card,FALSE,3,TRUE,5,5,Trial,Low,0
8104,44,Other,Chittagong,Books,937.89,50,Desktop,Credit Card,FALSE,1,FALSE,4,9,Free,Low,0
8105,32,Other,Rajshahi,Clothing,735.76,49,Tablet,Debit Card,TRUE,2,TRUE,1,4,Trial,High,2
8106,50,Other,Mymensingh,Clothing,523.45,4,Mobile,Credit Card,FALSE,2,FALSE,5,8,Premium,Medium,1
8107,56,Other,Dhaka,Groceries,675.16,23,Tablet,Bank Transfer,FALSE,1,FALSE,2,1,Trial,High,2
8108,18,Other,Dhaka,Beauty,338.03,46,Desktop,Debit Card,FALSE,8,FALSE,2,10,Trial,Medium,1
8109,43,Other,Khulna,Home,177.19,22,Tablet,Cash on Delivery,FALSE,2,TRUE,4,6,Free,High,2
8110,46,Male,Barisal,Beauty,390.95,51,Tablet,PayPal,TRUE,7,TRUE,3,4,Premium,High,2
8111,31,Male,Mymensingh,Toys,282.66,40,Tablet,Debit Card,TRUE,7,TRUE,3,8,Trial,Medium,1
8112,38,Male,Mymensingh,Groceries,602.48,25,Desktop,Credit Card,TRUE,8,TRUE,3,9,Premium,Medium,1
8113,20,Other,Rajshahi,Groceries,250.75,1,Tablet,Debit Card,TRUE,5,FALSE,4,1,Free,Medium,1
8114,37,Female,Khulna,Electronics,176.49,3,Tablet,Debit Card,FALSE,4,TRUE,3,2,Free,High,2
8115,31,Other,Dhaka,Electronics,977.58,7,Tablet,Bank Transfer,FALSE,2,TRUE,5,6,Premium,High,2
8116,35,Male,Rajshahi,Groceries,291.68,35,Mobile,Credit Card,FALSE,4,FALSE,3,6,Trial,Low,0
8117,61,Male,Rajshahi,Books,29.35,46,Tablet,Debit Card,FALSE,2,TRUE,5,1,Trial,High,2
8118,53,Male,Khulna,Toys,867.91,57,Desktop,Bank Transfer,FALSE,8,FALSE,4,5,Premium,High,2
8119,48,Other,Khulna,Electronics,335.33,24,Desktop,Bank Transfer,TRUE,8,FALSE,4,11,Free,Low,0
8120,31,Other,Rajshahi,Groceries,106.23,5,Desktop,PayPal,FALSE,6,TRUE,2,8,Premium,Medium,1
8121,41,Male,Barisal,Groceries,232.85,52,Desktop,PayPal,TRUE,8,FALSE,4,10,Premium,Medium,1
8122,48,Male,Rangpur,Books,67.73,50,Tablet,Credit Card,TRUE,2,TRUE,4,1,Trial,High,2
8123,35,Female,Barisal,Home,713.86,28,Desktop,PayPal,TRUE,9,TRUE,3,12,Premium,Low,0
8124,32,Male,Khulna,Groceries,370.38,4,Desktop,Credit Card,TRUE,5,FALSE,5,7,Trial,High,2
8125,48,Male,Rangpur,Beauty,303.23,39,Mobile,Debit Card,TRUE,7,TRUE,2,10,Trial,High,2
8126,29,Other,Barisal,Home,583.3,51,Mobile,Bank Transfer,FALSE,2,FALSE,5,2,Premium,Low,0
8127,63,Female,Rajshahi,Sports,678.37,56,Tablet,Cash on Delivery,TRUE,4,FALSE,5,4,Free,High,2
8128,33,Male,Dhaka,Books,27.03,3,Mobile,Bank Transfer,FALSE,4,FALSE,2,8,Premium,High,2
8129,35,Other,Chittagong,Clothing,583.94,31,Mobile,Bank Transfer,FALSE,9,FALSE,2,11,Premium,Medium,1
8130,55,Female,Barisal,Electronics,265.52,36,Mobile,Cash on Delivery,TRUE,9,TRUE,4,6,Premium,Medium,1
8131,57,Male,Rajshahi,Electronics,725.82,37,Mobile,Credit Card,TRUE,1,FALSE,2,1,Premium,Low,0
8132,48,Other,Khulna,Toys,162.73,57,Tablet,Bank Transfer,TRUE,3,FALSE,4,8,Free,High,2
8133,30,Male,Rajshahi,Electronics,69.37,57,Desktop,Debit Card,TRUE,9,FALSE,5,4,Free,Low,0
8134,56,Other,Barisal,Sports,525.16,4,Tablet,Debit Card,TRUE,5,TRUE,4,4,Premium,Low,0
8135,63,Male,Mymensingh,Sports,105.88,43,Tablet,Credit Card,FALSE,9,FALSE,5,10,Trial,Low,0
8136,25,Other,Chittagong,Clothing,310.02,49,Tablet,Credit Card,TRUE,7,TRUE,4,4,Free,Low,0
8137,59,Male,Sylhet,Sports,485.67,41,Mobile,PayPal,TRUE,7,FALSE,4,10,Premium,Medium,1
8138,21,Male,Sylhet,Electronics,203.79,49,Tablet,PayPal,TRUE,3,FALSE,5,7,Trial,Medium,1
8139,27,Other,Sylhet,Books,838.84,54,Desktop,Bank Transfer,TRUE,9,FALSE,4,13,Premium,High,2
8140,45,Male,Barisal,Books,688.44,4,Desktop,PayPal,FALSE,8,FALSE,2,4,Free,Medium,1
8141,23,Female,Rajshahi,Beauty,193.26,55,Mobile,Cash on Delivery,FALSE,7,FALSE,5,2,Trial,High,2
8142,69,Male,Rajshahi,Electronics,699.25,40,Tablet,Cash on Delivery,FALSE,4,TRUE,2,12,Free,High,2
8143,22,Other,Chittagong,Clothing,254.64,49,Mobile,Cash on Delivery,FALSE,8,FALSE,5,7,Free,High,2
8144,30,Female,Rangpur,Sports,56.97,7,Tablet,PayPal,FALSE,1,FALSE,1,4,Premium,Medium,1
8145,29,Male,Rangpur,Electronics,237.64,49,Mobile,Cash on Delivery,TRUE,9,FALSE,4,8,Trial,Low,0
8146,59,Other,Rajshahi,Clothing,845.42,18,Desktop,Debit Card,TRUE,8,TRUE,1,8,Free,Medium,1
8147,25,Female,Mymensingh,Books,731.36,9,Desktop,Cash on Delivery,FALSE,9,TRUE,5,6,Trial,Low,0
8148,58,Male,Sylhet,Books,698.3,35,Desktop,Credit Card,TRUE,6,TRUE,5,12,Premium,High,2
8149,56,Other,Mymensingh,Beauty,355.03,55,Desktop,Debit Card,TRUE,1,TRUE,4,13,Trial,Medium,1
8150,58,Female,Khulna,Home,797.65,30,Tablet,Bank Transfer,TRUE,4,FALSE,1,5,Free,High,2
8151,51,Other,Khulna,Clothing,861.7,59,Desktop,Bank Transfer,FALSE,8,TRUE,4,8,Premium,Low,0
8152,33,Other,Mymensingh,Groceries,402.6,55,Mobile,Bank Transfer,TRUE,4,FALSE,4,6,Premium,Medium,1
8153,24,Other,Sylhet,Toys,403.64,44,Desktop,Credit Card,TRUE,7,FALSE,2,10,Free,Medium,1
8154,63,Female,Mymensingh,Sports,261.05,2,Desktop,Credit Card,TRUE,1,FALSE,3,6,Free,High,2
8155,49,Female,Sylhet,Toys,371.47,8,Tablet,Debit Card,FALSE,9,FALSE,1,3,Premium,Low,0
8156,62,Other,Khulna,Beauty,232.8,9,Mobile,Bank Transfer,FALSE,7,TRUE,4,5,Free,High,2
8157,54,Other,Rangpur,Clothing,212.29,51,Desktop,Cash on Delivery,TRUE,3,FALSE,1,2,Trial,Medium,1
8158,20,Other,Dhaka,Clothing,525.94,47,Tablet,Credit Card,TRUE,8,TRUE,2,8,Free,Medium,1
8159,37,Male,Sylhet,Groceries,323.5,19,Desktop,PayPal,TRUE,5,FALSE,5,6,Free,Medium,1
8160,64,Female,Sylhet,Electronics,558.31,19,Desktop,Debit Card,FALSE,2,FALSE,2,11,Trial,Medium,1
8161,31,Male,Mymensingh,Home,780.52,16,Tablet,Bank Transfer,FALSE,2,TRUE,4,12,Trial,High,2
8162,56,Male,Dhaka,Books,457.68,53,Desktop,PayPal,FALSE,9,FALSE,3,13,Free,High,2
8163,39,Female,Khulna,Sports,135,11,Desktop,Cash on Delivery,TRUE,7,TRUE,4,7,Premium,High,2
8164,68,Other,Rangpur,Sports,359.32,25,Mobile,PayPal,TRUE,7,FALSE,4,9,Trial,Low,0
8165,24,Male,Rajshahi,Sports,74.58,35,Mobile,PayPal,TRUE,6,TRUE,2,6,Trial,High,2
8166,23,Female,Rajshahi,Home,591.49,18,Desktop,Cash on Delivery,FALSE,3,TRUE,1,7,Trial,High,2
8167,36,Male,Khulna,Groceries,98.23,5,Desktop,Debit Card,FALSE,2,TRUE,2,9,Trial,Medium,1
8168,31,Male,Mymensingh,Toys,331.64,23,Mobile,Debit Card,FALSE,6,FALSE,4,12,Trial,High,2
8169,21,Male,Barisal,Groceries,685.12,30,Mobile,Debit Card,FALSE,6,FALSE,3,1,Trial,Medium,1
8170,56,Male,Sylhet,Sports,848.39,15,Mobile,Bank Transfer,TRUE,1,TRUE,5,10,Premium,Low,0
8171,52,Female,Rajshahi,Groceries,341.02,46,Desktop,Debit Card,FALSE,9,TRUE,5,8,Trial,Low,0
8172,52,Other,Rajshahi,Electronics,344.49,10,Mobile,Bank Transfer,TRUE,7,TRUE,3,7,Trial,High,2
8173,59,Other,Sylhet,Groceries,431.86,30,Desktop,PayPal,FALSE,1,FALSE,1,2,Free,High,2
8174,42,Male,Khulna,Beauty,144.37,14,Tablet,Bank Transfer,TRUE,9,FALSE,4,4,Free,Medium,1
8175,39,Female,Dhaka,Electronics,392.78,35,Mobile,Credit Card,TRUE,2,FALSE,2,6,Trial,Low,0
8176,69,Other,Mymensingh,Electronics,331.93,8,Mobile,Debit Card,FALSE,1,TRUE,2,11,Premium,Low,0
8177,66,Male,Khulna,Home,535.52,5,Tablet,Credit Card,TRUE,2,TRUE,2,8,Premium,Low,0
8178,25,Male,Dhaka,Sports,501.24,23,Tablet,PayPal,TRUE,8,TRUE,1,8,Premium,Medium,1
8179,50,Male,Chittagong,Books,155.19,32,Desktop,Bank Transfer,TRUE,9,FALSE,2,11,Trial,Low,0
8180,66,Female,Khulna,Beauty,454.98,13,Mobile,Debit Card,TRUE,8,FALSE,2,11,Premium,Medium,1
8181,45,Other,Rajshahi,Toys,446.42,9,Desktop,Credit Card,FALSE,2,TRUE,2,5,Trial,Low,0
8182,30,Other,Dhaka,Beauty,106.57,39,Tablet,Credit Card,TRUE,2,FALSE,2,7,Free,Medium,1
8183,27,Male,Dhaka,Beauty,621.21,7,Desktop,PayPal,TRUE,1,FALSE,2,10,Free,Medium,1
8184,62,Female,Chittagong,Electronics,305.97,28,Mobile,PayPal,TRUE,4,FALSE,5,10,Free,Medium,1
8185,65,Female,Barisal,Beauty,83.82,56,Desktop,Credit Card,FALSE,6,TRUE,1,8,Trial,High,2
8186,47,Male,Rangpur,Beauty,608.45,28,Desktop,PayPal,TRUE,8,TRUE,5,9,Free,High,2
8187,57,Male,Rangpur,Toys,592.2,4,Tablet,Credit Card,TRUE,9,FALSE,3,1,Trial,Medium,1
8188,46,Female,Mymensingh,Books,632.8,12,Mobile,Cash on Delivery,TRUE,9,TRUE,4,10,Trial,Low,0
8189,53,Female,Sylhet,Toys,73.01,47,Desktop,Cash on Delivery,TRUE,5,FALSE,3,2,Premium,Medium,1
8190,53,Female,Sylhet,Home,431.09,47,Tablet,PayPal,TRUE,1,TRUE,2,12,Premium,Low,0
8191,63,Male,Rajshahi,Beauty,559.57,45,Desktop,Debit Card,FALSE,2,FALSE,2,1,Trial,Medium,1
8192,25,Other,Mymensingh,Books,47.38,4,Desktop,Cash on Delivery,FALSE,9,FALSE,4,7,Free,Medium,1
8193,62,Female,Mymensingh,Clothing,922.76,50,Mobile,Bank Transfer,TRUE,2,TRUE,2,12,Premium,Low,0
8194,57,Other,Rangpur,Clothing,90.21,20,Tablet,Bank Transfer,FALSE,4,FALSE,2,7,Free,Medium,1
8195,35,Female,Sylhet,Clothing,28.52,2,Desktop,Credit Card,FALSE,5,TRUE,5,7,Trial,Medium,1
8196,58,Female,Dhaka,Books,705.25,17,Mobile,Credit Card,TRUE,4,FALSE,3,5,Trial,Medium,1
8197,61,Male,Khulna,Groceries,511.73,31,Mobile,Cash on Delivery,TRUE,4,FALSE,5,1,Trial,Low,0
8198,59,Other,Khulna,Electronics,22.42,20,Desktop,Credit Card,FALSE,7,TRUE,2,13,Free,Low,0
8199,53,Male,Rajshahi,Toys,406.28,41,Tablet,Credit Card,FALSE,3,FALSE,2,5,Trial,Low,0
8200,24,Male,Rajshahi,Sports,195.07,44,Tablet,Bank Transfer,FALSE,4,TRUE,1,12,Trial,Low,0
8201,36,Female,Mymensingh,Clothing,874.87,50,Desktop,Bank Transfer,FALSE,7,TRUE,1,1,Premium,Low,0
8202,27,Other,Chittagong,Beauty,235.8,46,Desktop,PayPal,TRUE,4,FALSE,5,12,Premium,High,2
8203,31,Female,Chittagong,Groceries,744.61,25,Tablet,Cash on Delivery,FALSE,7,FALSE,4,8,Premium,High,2
8204,65,Male,Rangpur,Beauty,964.04,21,Mobile,Credit Card,FALSE,7,TRUE,5,9,Free,High,2
8205,34,Female,Dhaka,Groceries,527.31,28,Tablet,Debit Card,TRUE,1,FALSE,1,6,Premium,High,2
8206,33,Female,Sylhet,Groceries,592.71,15,Desktop,Bank Transfer,FALSE,5,FALSE,4,4,Free,Low,0
8207,45,Other,Rangpur,Clothing,469.8,10,Mobile,PayPal,FALSE,2,FALSE,2,13,Trial,Medium,1
8208,22,Female,Khulna,Clothing,491.5,58,Tablet,Debit Card,FALSE,1,FALSE,1,6,Trial,High,2
8209,56,Other,Sylhet,Books,263.38,28,Tablet,Cash on Delivery,FALSE,1,FALSE,4,7,Free,High,2
8210,63,Male,Barisal,Electronics,787.94,41,Tablet,Debit Card,TRUE,1,TRUE,4,9,Free,Low,0
8211,48,Male,Barisal,Beauty,701.54,18,Desktop,PayPal,TRUE,6,FALSE,2,9,Premium,Medium,1
8212,62,Male,Mymensingh,Beauty,187.84,39,Tablet,PayPal,FALSE,5,FALSE,1,7,Free,Low,0
8213,31,Other,Khulna,Groceries,959.05,34,Mobile,PayPal,FALSE,7,FALSE,4,4,Free,Medium,1
8214,47,Female,Chittagong,Books,249.5,13,Desktop,Bank Transfer,TRUE,1,FALSE,5,2,Free,Medium,1
8215,56,Other,Chittagong,Electronics,537.77,11,Desktop,Bank Transfer,TRUE,4,FALSE,2,13,Premium,Low,0
8216,53,Male,Barisal,Clothing,359.72,11,Desktop,Debit Card,FALSE,3,FALSE,2,3,Trial,High,2
8217,25,Female,Rajshahi,Home,417.23,40,Mobile,PayPal,FALSE,7,TRUE,2,3,Trial,Medium,1
8218,62,Male,Rajshahi,Groceries,212.42,48,Desktop,PayPal,FALSE,7,TRUE,3,13,Trial,Medium,1
8219,18,Other,Mymensingh,Home,194.19,51,Desktop,Debit Card,FALSE,5,TRUE,2,11,Premium,Low,0
8220,60,Other,Mymensingh,Electronics,860.56,36,Desktop,Credit Card,FALSE,1,FALSE,1,2,Premium,Low,0
8221,27,Other,Dhaka,Books,374.5,37,Mobile,PayPal,FALSE,8,TRUE,4,9,Free,Low,0
8222,37,Female,Khulna,Electronics,791.22,33,Mobile,Credit Card,TRUE,5,FALSE,3,10,Trial,Low,0
8223,67,Male,Chittagong,Toys,48.3,4,Desktop,Credit Card,TRUE,8,FALSE,5,8,Premium,Medium,1
8224,37,Female,Mymensingh,Books,170.21,18,Desktop,Credit Card,TRUE,3,TRUE,1,8,Premium,High,2
8225,44,Female,Rangpur,Clothing,991.67,17,Desktop,Bank Transfer,TRUE,5,FALSE,3,13,Premium,Medium,1
8226,23,Female,Rangpur,Books,868.17,34,Tablet,PayPal,FALSE,4,TRUE,2,8,Free,Medium,1
8227,22,Other,Rangpur,Clothing,912.15,13,Tablet,PayPal,TRUE,9,TRUE,2,7,Premium,Medium,1
8228,39,Female,Mymensingh,Home,20.54,36,Tablet,Cash on Delivery,FALSE,9,TRUE,5,5,Premium,High,2
8229,34,Male,Khulna,Books,691.55,39,Mobile,Cash on Delivery,TRUE,7,TRUE,1,7,Premium,Medium,1
8230,69,Male,Khulna,Home,389.27,44,Mobile,Cash on Delivery,FALSE,8,TRUE,3,1,Trial,Medium,1
8231,42,Male,Rangpur,Clothing,660.23,5,Desktop,Credit Card,FALSE,5,TRUE,2,2,Free,Medium,1
8232,56,Other,Rajshahi,Groceries,754.93,57,Tablet,PayPal,FALSE,3,TRUE,5,13,Premium,Low,0
8233,33,Other,Mymensingh,Beauty,355.06,40,Tablet,Debit Card,TRUE,5,FALSE,2,4,Free,Medium,1
8234,26,Male,Khulna,Toys,813.48,25,Tablet,Bank Transfer,TRUE,2,TRUE,2,3,Trial,Medium,1
8235,37,Female,Khulna,Clothing,473.03,38,Desktop,Cash on Delivery,FALSE,3,TRUE,4,7,Premium,Low,0
8236,22,Other,Khulna,Books,431.14,32,Tablet,Credit Card,TRUE,6,TRUE,5,11,Premium,Medium,1
8237,34,Female,Rangpur,Electronics,517.91,3,Tablet,Cash on Delivery,TRUE,7,TRUE,2,6,Free,High,2
8238,24,Other,Dhaka,Toys,817.05,43,Mobile,Bank Transfer,TRUE,8,TRUE,5,3,Free,Low,0
8239,18,Male,Barisal,Clothing,248.28,40,Mobile,Credit Card,FALSE,5,FALSE,3,13,Trial,Low,0
8240,22,Male,Dhaka,Electronics,821.45,28,Desktop,Debit Card,TRUE,4,TRUE,5,2,Free,High,2
8241,54,Female,Rajshahi,Electronics,363.55,11,Mobile,PayPal,TRUE,5,TRUE,2,12,Free,Medium,1
8242,41,Female,Rangpur,Groceries,841.99,3,Tablet,Cash on Delivery,TRUE,4,TRUE,3,6,Free,Low,0
8243,40,Male,Mymensingh,Toys,786.55,3,Desktop,Cash on Delivery,FALSE,2,TRUE,1,4,Trial,Medium,1
8244,36,Female,Barisal,Home,874.92,57,Desktop,PayPal,FALSE,3,TRUE,3,4,Premium,Medium,1
8245,35,Other,Chittagong,Clothing,846.56,31,Tablet,Credit Card,FALSE,9,FALSE,5,2,Premium,High,2
8246,23,Male,Dhaka,Beauty,268.51,1,Mobile,Credit Card,TRUE,5,TRUE,2,5,Free,High,2
8247,27,Male,Chittagong,Beauty,926.82,25,Mobile,Cash on Delivery,FALSE,8,TRUE,5,4,Free,High,2
8248,44,Other,Mymensingh,Books,325.86,47,Mobile,Credit Card,TRUE,3,FALSE,1,11,Free,Medium,1
8249,44,Other,Barisal,Toys,275.6,19,Desktop,Credit Card,FALSE,8,TRUE,3,2,Trial,Medium,1
8250,20,Female,Chittagong,Electronics,984.48,46,Mobile,Credit Card,FALSE,6,FALSE,2,5,Trial,Low,0
8251,29,Male,Dhaka,Sports,584.53,38,Desktop,Credit Card,FALSE,7,TRUE,2,3,Premium,Low,0
8252,66,Female,Khulna,Groceries,649.64,23,Tablet,Debit Card,FALSE,2,FALSE,5,7,Trial,Low,0
8253,56,Female,Mymensingh,Beauty,526.06,58,Tablet,Debit Card,FALSE,7,TRUE,5,7,Free,High,2
8254,64,Female,Barisal,Groceries,980.49,38,Mobile,PayPal,TRUE,8,TRUE,3,11,Premium,Low,0
8255,48,Female,Khulna,Sports,134.63,42,Mobile,PayPal,TRUE,3,TRUE,5,4,Free,Medium,1
8256,53,Other,Dhaka,Sports,242.03,24,Desktop,Credit Card,TRUE,1,FALSE,1,10,Free,Low,0
8257,67,Male,Sylhet,Electronics,428.75,1,Mobile,Bank Transfer,TRUE,4,TRUE,3,9,Premium,High,2
8258,37,Female,Barisal,Groceries,14.49,17,Tablet,Cash on Delivery,FALSE,9,TRUE,5,5,Trial,Low,0
8259,29,Other,Khulna,Books,304.48,20,Desktop,Credit Card,TRUE,5,FALSE,3,6,Trial,Medium,1
8260,66,Female,Chittagong,Clothing,145.56,27,Desktop,Bank Transfer,FALSE,6,TRUE,4,10,Trial,High,2
8261,36,Other,Rajshahi,Beauty,459.69,37,Tablet,Bank Transfer,FALSE,5,TRUE,5,9,Premium,Low,0
8262,43,Other,Khulna,Sports,343.82,5,Desktop,Debit Card,FALSE,7,TRUE,1,7,Premium,Low,0
8263,68,Female,Mymensingh,Home,610.74,48,Mobile,PayPal,FALSE,3,FALSE,3,11,Premium,High,2
8264,52,Male,Barisal,Groceries,629.45,45,Tablet,Credit Card,FALSE,2,TRUE,2,3,Trial,High,2
8265,35,Other,Khulna,Sports,853.71,59,Tablet,Bank Transfer,FALSE,4,FALSE,1,6,Trial,Low,0
8266,55,Female,Khulna,Toys,616.35,51,Mobile,Debit Card,TRUE,4,FALSE,2,9,Trial,High,2
8267,54,Other,Rajshahi,Groceries,491.39,5,Desktop,Debit Card,TRUE,7,FALSE,4,13,Free,Low,0
8268,58,Male,Rangpur,Electronics,766.13,5,Mobile,Debit Card,FALSE,7,FALSE,4,9,Premium,Medium,1
8269,22,Other,Dhaka,Beauty,816.62,4,Tablet,Debit Card,TRUE,7,TRUE,2,13,Premium,Medium,1
8270,41,Female,Mymensingh,Books,248.46,23,Mobile,Debit Card,FALSE,5,TRUE,5,6,Free,High,2
8271,58,Other,Mymensingh,Books,35.66,23,Mobile,Cash on Delivery,FALSE,3,TRUE,2,3,Trial,Medium,1
8272,35,Male,Barisal,Groceries,231.77,22,Mobile,Bank Transfer,FALSE,9,FALSE,2,1,Free,High,2
8273,47,Other,Barisal,Toys,598.99,1,Mobile,Bank Transfer,FALSE,9,FALSE,5,12,Free,High,2
8274,56,Female,Sylhet,Electronics,800.27,43,Mobile,Cash on Delivery,FALSE,5,FALSE,1,4,Premium,Low,0
8275,52,Other,Chittagong,Toys,777.17,48,Mobile,Debit Card,FALSE,5,FALSE,3,8,Free,Low,0
8276,48,Female,Sylhet,Groceries,404.18,45,Desktop,Cash on Delivery,TRUE,7,FALSE,1,5,Free,Medium,1
8277,37,Other,Dhaka,Electronics,298.2,7,Mobile,Bank Transfer,TRUE,8,FALSE,5,6,Premium,High,2
8278,63,Other,Sylhet,Beauty,518.37,43,Desktop,Credit Card,FALSE,8,FALSE,5,9,Premium,High,2
8279,65,Other,Chittagong,Sports,230.49,56,Mobile,PayPal,FALSE,9,TRUE,3,2,Free,Medium,1
8280,25,Other,Mymensingh,Beauty,303.14,39,Mobile,Bank Transfer,FALSE,7,TRUE,3,12,Free,High,2
8281,38,Female,Khulna,Books,104.1,40,Mobile,Credit Card,FALSE,7,FALSE,5,13,Trial,Low,0
8282,19,Other,Sylhet,Books,190.85,20,Tablet,Bank Transfer,TRUE,1,TRUE,1,1,Trial,High,2
8283,41,Male,Barisal,Beauty,968.27,56,Mobile,Cash on Delivery,TRUE,9,TRUE,3,4,Trial,Medium,1
8284,55,Other,Rangpur,Clothing,967.68,38,Mobile,PayPal,FALSE,3,TRUE,5,6,Free,Medium,1
8285,49,Male,Barisal,Groceries,369.77,28,Desktop,Bank Transfer,FALSE,1,TRUE,1,3,Trial,High,2
8286,31,Male,Rajshahi,Books,223.2,58,Mobile,Cash on Delivery,TRUE,1,FALSE,3,6,Free,High,2
8287,27,Male,Chittagong,Clothing,331.75,35,Desktop,Cash on Delivery,TRUE,2,TRUE,2,13,Trial,Medium,1
8288,49,Female,Rangpur,Sports,989.31,12,Desktop,Cash on Delivery,FALSE,6,FALSE,1,2,Premium,Low,0
8289,31,Female,Rangpur,Clothing,861.25,49,Tablet,Cash on Delivery,FALSE,9,FALSE,5,11,Premium,Medium,1
8290,23,Male,Chittagong,Groceries,944.99,48,Desktop,Cash on Delivery,TRUE,1,FALSE,3,11,Trial,High,2
8291,51,Female,Mymensingh,Toys,37.39,23,Tablet,Cash on Delivery,FALSE,9,FALSE,2,6,Trial,Medium,1
8292,41,Other,Mymensingh,Home,638.09,6,Desktop,Credit Card,FALSE,1,FALSE,2,8,Premium,Medium,1
8293,37,Other,Sylhet,Sports,254.06,36,Mobile,Credit Card,TRUE,5,TRUE,5,10,Free,Low,0
8294,43,Female,Barisal,Sports,703.86,57,Mobile,PayPal,FALSE,6,FALSE,4,10,Free,High,2
8295,39,Female,Rajshahi,Books,13.88,14,Desktop,Debit Card,FALSE,7,TRUE,3,2,Trial,Medium,1
8296,20,Male,Khulna,Groceries,551.73,27,Mobile,PayPal,TRUE,7,FALSE,2,1,Free,Low,0
8297,36,Female,Barisal,Home,747.46,37,Tablet,Cash on Delivery,FALSE,7,FALSE,2,9,Premium,Medium,1
8298,58,Female,Khulna,Toys,685.7,21,Mobile,Credit Card,FALSE,2,TRUE,1,4,Premium,Low,0
8299,40,Female,Khulna,Sports,436.29,34,Tablet,Bank Transfer,TRUE,8,FALSE,3,10,Trial,Medium,1
8300,61,Female,Dhaka,Groceries,952.84,35,Tablet,Debit Card,TRUE,3,FALSE,2,8,Trial,Low,0
8301,54,Male,Sylhet,Clothing,880.74,18,Tablet,Credit Card,TRUE,1,FALSE,3,7,Premium,Medium,1
8302,31,Other,Barisal,Beauty,300.3,4,Desktop,Credit Card,FALSE,4,TRUE,3,11,Free,Medium,1
8303,60,Male,Dhaka,Clothing,9.44,52,Desktop,Bank Transfer,FALSE,1,FALSE,3,3,Free,Medium,1
8304,44,Other,Sylhet,Home,154.3,40,Tablet,Cash on Delivery,FALSE,4,TRUE,4,13,Premium,High,2
8305,21,Other,Dhaka,Clothing,853.99,29,Desktop,Cash on Delivery,FALSE,7,FALSE,2,6,Free,Medium,1
8306,39,Female,Barisal,Beauty,435.96,5,Tablet,Cash on Delivery,FALSE,1,FALSE,2,4,Premium,High,2
8307,60,Male,Dhaka,Toys,855.31,2,Mobile,Cash on Delivery,FALSE,5,FALSE,4,5,Premium,Low,0
8308,65,Other,Chittagong,Beauty,664.07,40,Mobile,PayPal,TRUE,6,FALSE,3,6,Premium,Medium,1
8309,27,Male,Dhaka,Beauty,157.1,30,Mobile,PayPal,FALSE,3,FALSE,5,11,Premium,Medium,1
8310,33,Male,Chittagong,Electronics,216.17,52,Desktop,Debit Card,TRUE,2,TRUE,1,4,Premium,Low,0
8311,33,Other,Barisal,Home,123.45,38,Mobile,Credit Card,TRUE,7,FALSE,3,4,Free,Medium,1
8312,55,Female,Khulna,Beauty,897.74,20,Tablet,Debit Card,TRUE,8,FALSE,3,1,Free,Low,0
8313,56,Male,Rajshahi,Toys,667.22,52,Desktop,Credit Card,FALSE,9,FALSE,2,13,Free,High,2
8314,38,Male,Rajshahi,Toys,838.65,58,Mobile,PayPal,TRUE,8,TRUE,2,9,Premium,Low,0
8315,52,Male,Khulna,Sports,395.4,53,Desktop,PayPal,TRUE,3,TRUE,4,6,Premium,High,2
8316,26,Female,Dhaka,Electronics,827.59,58,Desktop,Credit Card,FALSE,1,FALSE,2,2,Trial,Medium,1
8317,30,Other,Barisal,Electronics,590.46,21,Desktop,Debit Card,FALSE,6,TRUE,2,8,Trial,High,2
8318,23,Other,Rangpur,Clothing,540.03,36,Desktop,Cash on Delivery,FALSE,4,TRUE,5,13,Premium,Low,0
8319,58,Other,Khulna,Sports,709.99,44,Tablet,PayPal,TRUE,4,FALSE,4,4,Free,Low,0
8320,28,Female,Dhaka,Beauty,205.29,15,Desktop,Cash on Delivery,FALSE,7,FALSE,1,12,Trial,Low,0
8321,34,Male,Rajshahi,Beauty,622.4,10,Mobile,Debit Card,TRUE,3,TRUE,2,5,Trial,Medium,1
8322,59,Female,Chittagong,Beauty,291.45,37,Mobile,Credit Card,TRUE,6,TRUE,2,8,Premium,Medium,1
8323,56,Other,Chittagong,Toys,218.02,32,Mobile,Bank Transfer,FALSE,8,FALSE,3,5,Trial,Low,0
8324,52,Male,Rangpur,Electronics,967.66,48,Desktop,Cash on Delivery,FALSE,9,FALSE,4,1,Premium,High,2
8325,41,Male,Khulna,Toys,844.65,18,Tablet,Bank Transfer,FALSE,9,TRUE,5,11,Trial,High,2
8326,67,Female,Chittagong,Home,551.58,28,Desktop,Debit Card,FALSE,8,TRUE,4,5,Free,High,2
8327,18,Male,Mymensingh,Groceries,559.6,30,Mobile,PayPal,FALSE,6,TRUE,5,13,Trial,High,2
8328,25,Male,Rajshahi,Beauty,502.51,59,Tablet,Credit Card,FALSE,3,TRUE,3,11,Premium,Low,0
8329,49,Male,Dhaka,Books,665.02,55,Mobile,Credit Card,FALSE,3,FALSE,1,2,Trial,High,2
8330,62,Female,Rajshahi,Clothing,427.42,2,Mobile,Bank Transfer,FALSE,6,FALSE,1,13,Premium,High,2
8331,59,Male,Dhaka,Sports,596.03,18,Mobile,Cash on Delivery,FALSE,4,TRUE,1,3,Trial,Medium,1
8332,44,Other,Khulna,Toys,529.95,59,Desktop,Credit Card,FALSE,3,FALSE,5,3,Premium,High,2
8333,31,Male,Dhaka,Books,732.41,3,Desktop,PayPal,FALSE,2,FALSE,3,13,Free,Medium,1
8334,41,Male,Rajshahi,Electronics,228.06,48,Mobile,Cash on Delivery,TRUE,8,TRUE,5,8,Premium,High,2
8335,23,Female,Chittagong,Toys,643.16,20,Mobile,Bank Transfer,FALSE,1,FALSE,4,9,Free,Low,0
8336,37,Female,Mymensingh,Groceries,342.12,14,Desktop,Debit Card,FALSE,6,FALSE,3,6,Premium,Low,0
8337,22,Male,Khulna,Sports,769.71,22,Tablet,Credit Card,TRUE,9,FALSE,4,9,Premium,Low,0
8338,34,Other,Sylhet,Home,24.95,33,Tablet,Credit Card,FALSE,7,FALSE,1,11,Premium,High,2
8339,31,Female,Rajshahi,Books,798.8,18,Tablet,Bank Transfer,FALSE,2,TRUE,4,11,Free,Medium,1
8340,52,Other,Rajshahi,Beauty,385.51,9,Desktop,Credit Card,TRUE,9,TRUE,4,6,Free,High,2
8341,21,Other,Chittagong,Clothing,572.98,15,Desktop,Credit Card,FALSE,6,TRUE,2,9,Free,Medium,1
8342,66,Female,Chittagong,Groceries,924.32,58,Mobile,Debit Card,FALSE,9,TRUE,1,2,Premium,Low,0
8343,23,Male,Rangpur,Home,931.72,34,Mobile,Cash on Delivery,FALSE,6,FALSE,4,11,Premium,Medium,1
8344,48,Other,Sylhet,Groceries,106.21,13,Mobile,Bank Transfer,TRUE,8,FALSE,4,7,Trial,High,2
8345,35,Other,Rangpur,Clothing,176.66,13,Mobile,Cash on Delivery,FALSE,1,TRUE,1,4,Premium,Low,0
8346,20,Other,Chittagong,Clothing,142.99,38,Desktop,Debit Card,TRUE,1,FALSE,5,13,Free,Low,0
8347,59,Female,Chittagong,Sports,884.62,20,Mobile,Debit Card,TRUE,1,TRUE,1,5,Free,Medium,1
8348,44,Other,Rajshahi,Sports,491.96,25,Desktop,Bank Transfer,FALSE,2,FALSE,4,8,Premium,High,2
8349,22,Female,Chittagong,Home,630.03,29,Tablet,PayPal,TRUE,9,FALSE,2,1,Premium,High,2
8350,48,Other,Chittagong,Toys,707.23,43,Tablet,Debit Card,TRUE,3,TRUE,1,6,Premium,High,2
8351,21,Female,Rangpur,Groceries,854.36,46,Mobile,Bank Transfer,FALSE,4,FALSE,5,13,Premium,High,2
8352,30,Male,Rajshahi,Beauty,14.62,1,Tablet,Bank Transfer,FALSE,5,TRUE,4,8,Premium,Low,0
8353,20,Male,Dhaka,Clothing,736.34,53,Desktop,Bank Transfer,TRUE,8,TRUE,5,7,Premium,Medium,1
8354,43,Other,Sylhet,Electronics,230.38,50,Desktop,PayPal,TRUE,2,TRUE,3,5,Trial,Medium,1
8355,32,Female,Barisal,Toys,133.39,5,Mobile,Debit Card,TRUE,9,TRUE,1,10,Trial,Medium,1
8356,64,Male,Mymensingh,Books,834.03,43,Mobile,PayPal,TRUE,5,FALSE,3,8,Trial,High,2
8357,36,Other,Barisal,Sports,504.59,13,Desktop,Cash on Delivery,FALSE,7,TRUE,3,4,Premium,Medium,1
8358,45,Other,Sylhet,Books,512.04,56,Mobile,Cash on Delivery,FALSE,7,FALSE,5,10,Free,Medium,1
8359,58,Other,Mymensingh,Sports,954.53,42,Mobile,Debit Card,TRUE,5,FALSE,5,10,Trial,Medium,1
8360,38,Female,Rangpur,Groceries,533.85,18,Mobile,Credit Card,TRUE,9,TRUE,4,2,Trial,High,2
8361,42,Female,Mymensingh,Groceries,986.12,19,Tablet,Cash on Delivery,TRUE,2,TRUE,5,5,Free,High,2
8362,39,Other,Chittagong,Clothing,378.37,37,Mobile,Credit Card,FALSE,4,TRUE,1,10,Free,Low,0
8363,54,Male,Khulna,Groceries,413.41,51,Mobile,Debit Card,FALSE,2,TRUE,4,5,Premium,High,2
8364,34,Other,Chittagong,Sports,10.09,17,Mobile,Bank Transfer,TRUE,7,FALSE,4,6,Premium,Low,0
8365,45,Female,Barisal,Electronics,538.3,26,Desktop,Cash on Delivery,FALSE,3,FALSE,4,6,Premium,Medium,1
8366,65,Male,Barisal,Books,855.07,17,Desktop,PayPal,TRUE,2,FALSE,5,5,Trial,Low,0
8367,59,Male,Mymensingh,Beauty,277.8,51,Tablet,Cash on Delivery,TRUE,3,TRUE,5,7,Premium,High,2
8368,28,Other,Barisal,Groceries,290.48,43,Mobile,Bank Transfer,TRUE,5,TRUE,5,6,Free,Low,0
8369,63,Female,Mymensingh,Clothing,768.68,25,Desktop,Bank Transfer,TRUE,3,TRUE,3,3,Trial,Low,0
8370,25,Other,Rangpur,Groceries,222.46,37,Desktop,Credit Card,FALSE,6,FALSE,1,1,Trial,High,2
8371,58,Male,Dhaka,Beauty,336.23,20,Desktop,Credit Card,FALSE,5,TRUE,1,9,Premium,Low,0
8372,22,Other,Chittagong,Books,716.49,32,Desktop,Debit Card,FALSE,6,FALSE,3,12,Free,Low,0
8373,58,Male,Dhaka,Groceries,932.94,50,Tablet,Bank Transfer,FALSE,9,TRUE,5,5,Free,High,2
8374,46,Other,Rangpur,Toys,64.55,26,Tablet,Debit Card,FALSE,7,TRUE,4,10,Trial,Low,0
8375,40,Male,Dhaka,Home,649.66,23,Mobile,Credit Card,FALSE,2,FALSE,5,5,Free,Medium,1
8376,51,Male,Sylhet,Toys,236.43,44,Tablet,Cash on Delivery,TRUE,7,FALSE,1,8,Free,Medium,1
8377,42,Female,Sylhet,Electronics,56.65,55,Desktop,Debit Card,TRUE,6,TRUE,1,10,Premium,High,2
8378,42,Male,Mymensingh,Books,312.88,15,Mobile,Debit Card,FALSE,5,FALSE,2,8,Free,High,2
8379,66,Male,Sylhet,Home,695.36,57,Mobile,PayPal,TRUE,8,TRUE,4,10,Free,High,2
8380,39,Male,Chittagong,Toys,888.59,13,Desktop,Credit Card,TRUE,2,TRUE,3,13,Trial,Low,0
8381,65,Male,Chittagong,Groceries,691.57,47,Desktop,Debit Card,TRUE,8,TRUE,3,6,Trial,Medium,1
8382,68,Female,Rajshahi,Sports,818.69,12,Mobile,Credit Card,TRUE,6,FALSE,1,8,Free,Medium,1
8383,52,Other,Chittagong,Sports,414.29,41,Mobile,Debit Card,FALSE,9,FALSE,3,6,Free,Low,0
8384,29,Other,Khulna,Beauty,212.16,44,Mobile,Debit Card,FALSE,8,TRUE,3,5,Premium,Medium,1
8385,23,Other,Mymensingh,Toys,189.55,58,Mobile,PayPal,TRUE,7,TRUE,4,13,Free,Medium,1
8386,53,Male,Rajshahi,Clothing,364.98,57,Mobile,Cash on Delivery,TRUE,6,TRUE,1,7,Premium,Low,0
8387,47,Male,Rajshahi,Home,946.67,8,Mobile,Cash on Delivery,TRUE,9,FALSE,4,3,Premium,Medium,1
8388,48,Male,Chittagong,Groceries,432.06,39,Desktop,Bank Transfer,FALSE,3,FALSE,3,12,Premium,Low,0
8389,22,Other,Mymensingh,Beauty,520.85,57,Mobile,Debit Card,FALSE,5,TRUE,2,6,Premium,Low,0
8390,58,Other,Khulna,Toys,783.01,29,Desktop,PayPal,FALSE,2,TRUE,1,9,Free,High,2
8391,46,Male,Barisal,Books,128.39,45,Mobile,PayPal,TRUE,5,TRUE,3,4,Free,High,2
8392,66,Other,Barisal,Books,416.9,1,Desktop,Debit Card,FALSE,8,TRUE,2,2,Premium,High,2
8393,50,Male,Khulna,Groceries,206.23,32,Mobile,PayPal,FALSE,2,FALSE,1,3,Trial,High,2
8394,42,Other,Mymensingh,Books,531.88,36,Mobile,Debit Card,FALSE,9,TRUE,1,6,Trial,High,2
8395,31,Female,Sylhet,Sports,232.07,45,Desktop,Debit Card,FALSE,6,FALSE,3,7,Free,High,2
8396,22,Male,Chittagong,Books,16.57,58,Tablet,PayPal,FALSE,8,FALSE,2,11,Trial,High,2
8397,28,Female,Chittagong,Clothing,470.42,26,Desktop,Cash on Delivery,TRUE,1,FALSE,4,5,Free,Medium,1
8398,26,Male,Chittagong,Books,25.98,57,Mobile,Cash on Delivery,TRUE,4,FALSE,5,4,Premium,High,2
8399,19,Male,Rangpur,Books,108.78,30,Tablet,Debit Card,TRUE,6,TRUE,4,1,Free,High,2
8400,53,Other,Rangpur,Books,48.74,51,Mobile,PayPal,TRUE,2,FALSE,1,10,Free,High,2
8401,57,Male,Sylhet,Books,672.46,10,Tablet,PayPal,TRUE,4,TRUE,3,6,Free,Medium,1
8402,37,Other,Mymensingh,Toys,434.23,39,Desktop,Credit Card,FALSE,8,TRUE,2,7,Free,High,2
8403,61,Other,Sylhet,Sports,429.85,27,Tablet,Debit Card,TRUE,9,FALSE,1,5,Premium,High,2
8404,55,Female,Rajshahi,Home,589.33,34,Mobile,Credit Card,FALSE,9,TRUE,4,4,Trial,High,2
8405,49,Male,Barisal,Beauty,41.53,53,Mobile,Credit Card,TRUE,8,TRUE,3,10,Trial,High,2
8406,27,Female,Sylhet,Toys,605.96,18,Tablet,PayPal,TRUE,8,FALSE,3,11,Premium,High,2
8407,34,Other,Khulna,Clothing,457.38,12,Desktop,Bank Transfer,FALSE,9,FALSE,3,6,Premium,Medium,1
8408,19,Other,Rajshahi,Beauty,12.73,20,Tablet,Credit Card,FALSE,3,FALSE,1,5,Trial,High,2
8409,34,Female,Rangpur,Electronics,984.56,52,Tablet,Bank Transfer,FALSE,7,FALSE,3,6,Trial,Medium,1
8410,66,Male,Chittagong,Clothing,665.5,13,Desktop,Bank Transfer,TRUE,4,TRUE,3,7,Free,Low,0
8411,60,Male,Mymensingh,Clothing,820.98,35,Tablet,Bank Transfer,FALSE,2,TRUE,2,5,Premium,High,2
8412,39,Male,Barisal,Toys,996.76,44,Desktop,PayPal,FALSE,9,FALSE,3,12,Free,High,2
8413,26,Female,Mymensingh,Home,771.5,1,Mobile,Credit Card,FALSE,8,FALSE,1,5,Trial,Medium,1
8414,50,Male,Sylhet,Books,458.67,32,Desktop,Bank Transfer,FALSE,7,FALSE,3,2,Free,Medium,1
8415,30,Female,Khulna,Toys,708.39,54,Desktop,PayPal,FALSE,1,TRUE,4,1,Trial,Low,0
8416,30,Female,Khulna,Clothing,145.77,13,Desktop,Cash on Delivery,TRUE,3,TRUE,4,4,Premium,Low,0
8417,26,Male,Rajshahi,Beauty,872.13,24,Tablet,Debit Card,TRUE,5,TRUE,5,8,Trial,Medium,1
8418,66,Male,Dhaka,Books,659.52,28,Tablet,Debit Card,FALSE,8,FALSE,2,9,Premium,Low,0
8419,19,Male,Chittagong,Books,770.71,38,Tablet,Cash on Delivery,FALSE,9,FALSE,3,12,Trial,Low,0
8420,55,Female,Rajshahi,Toys,82.92,15,Tablet,Debit Card,FALSE,1,TRUE,5,12,Free,Low,0
8421,22,Other,Barisal,Groceries,867.98,58,Mobile,Cash on Delivery,FALSE,7,FALSE,3,13,Free,High,2
8422,26,Other,Mymensingh,Beauty,621.56,34,Desktop,PayPal,FALSE,7,TRUE,3,4,Trial,Medium,1
8423,20,Female,Rangpur,Sports,632.19,13,Mobile,Cash on Delivery,TRUE,1,TRUE,4,9,Free,Medium,1
8424,35,Other,Barisal,Toys,663.02,48,Mobile,Credit Card,TRUE,7,TRUE,4,5,Premium,Low,0
8425,45,Male,Rajshahi,Clothing,887.75,36,Tablet,Bank Transfer,FALSE,9,TRUE,4,8,Premium,Low,0
8426,29,Male,Dhaka,Electronics,75.95,30,Mobile,Bank Transfer,FALSE,2,TRUE,5,12,Premium,Low,0
8427,67,Male,Mymensingh,Groceries,854.49,38,Desktop,Bank Transfer,TRUE,7,FALSE,3,1,Free,Medium,1
8428,33,Female,Barisal,Sports,278.43,32,Desktop,PayPal,TRUE,8,TRUE,2,5,Trial,Medium,1
8429,34,Other,Rangpur,Books,230.26,37,Tablet,Debit Card,TRUE,8,TRUE,4,1,Free,Medium,1
8430,37,Male,Khulna,Clothing,392.46,14,Desktop,Credit Card,FALSE,5,FALSE,3,2,Free,High,2
8431,51,Other,Barisal,Sports,786.89,14,Desktop,PayPal,TRUE,6,TRUE,5,10,Trial,Low,0
8432,27,Female,Chittagong,Groceries,818.47,25,Desktop,Debit Card,FALSE,8,TRUE,2,2,Premium,High,2
8433,19,Other,Chittagong,Beauty,218.49,26,Mobile,Debit Card,FALSE,3,FALSE,5,13,Free,High,2
8434,62,Female,Chittagong,Sports,510.53,12,Mobile,Credit Card,FALSE,5,TRUE,2,7,Premium,High,2
8435,45,Male,Sylhet,Beauty,732.71,59,Tablet,Cash on Delivery,FALSE,2,FALSE,1,11,Premium,Low,0
8436,25,Other,Sylhet,Electronics,461.71,3,Mobile,Credit Card,TRUE,9,FALSE,5,10,Trial,Low,0
8437,23,Male,Barisal,Home,401.55,31,Desktop,Debit Card,TRUE,4,FALSE,1,7,Premium,High,2
8438,67,Male,Rajshahi,Groceries,203.66,37,Tablet,Debit Card,TRUE,7,FALSE,4,4,Free,Low,0
8439,45,Other,Barisal,Clothing,461.55,53,Mobile,Debit Card,FALSE,3,FALSE,5,10,Premium,Low,0
8440,44,Male,Barisal,Groceries,982.51,11,Desktop,Bank Transfer,FALSE,9,TRUE,3,4,Trial,High,2
8441,52,Male,Barisal,Toys,173.31,38,Tablet,Cash on Delivery,FALSE,8,TRUE,4,3,Free,Medium,1
8442,56,Male,Chittagong,Books,936.58,12,Mobile,Bank Transfer,TRUE,2,FALSE,4,4,Trial,Medium,1
8443,41,Other,Khulna,Sports,576.47,15,Mobile,Debit Card,FALSE,5,TRUE,3,11,Trial,Low,0
8444,56,Female,Mymensingh,Home,379.12,57,Mobile,Cash on Delivery,TRUE,2,FALSE,4,6,Free,High,2
8445,27,Other,Sylhet,Sports,997.34,7,Desktop,Debit Card,TRUE,9,FALSE,3,5,Premium,Medium,1
8446,47,Female,Rangpur,Clothing,103.86,24,Tablet,Credit Card,TRUE,3,TRUE,4,11,Free,Low,0
8447,45,Male,Barisal,Clothing,137.5,9,Desktop,Debit Card,FALSE,1,FALSE,1,6,Free,High,2
8448,54,Male,Barisal,Clothing,102.34,51,Desktop,PayPal,FALSE,3,FALSE,3,13,Premium,Medium,1
8449,31,Male,Rangpur,Electronics,252.38,47,Tablet,Cash on Delivery,FALSE,6,FALSE,5,5,Free,High,2
8450,25,Other,Mymensingh,Clothing,213.24,29,Desktop,Credit Card,FALSE,8,TRUE,2,1,Free,High,2
8451,44,Female,Khulna,Electronics,171.92,35,Tablet,Cash on Delivery,FALSE,5,FALSE,2,13,Trial,Low,0
8452,35,Male,Chittagong,Beauty,610.97,40,Tablet,Bank Transfer,TRUE,9,FALSE,1,3,Premium,Low,0
8453,54,Female,Mymensingh,Groceries,299.49,11,Tablet,Bank Transfer,FALSE,2,FALSE,2,8,Premium,Low,0
8454,31,Male,Sylhet,Toys,539.65,20,Desktop,Debit Card,FALSE,6,TRUE,1,4,Premium,Low,0
8455,63,Other,Sylhet,Sports,875.9,33,Desktop,Bank Transfer,FALSE,3,FALSE,1,5,Premium,Medium,1
8456,26,Male,Sylhet,Books,186.11,40,Tablet,Bank Transfer,TRUE,9,FALSE,1,9,Trial,Medium,1
8457,67,Male,Dhaka,Clothing,731.64,25,Desktop,Credit Card,TRUE,5,FALSE,1,13,Premium,Medium,1
8458,63,Female,Barisal,Electronics,862.99,26,Mobile,Debit Card,FALSE,6,TRUE,1,13,Free,Medium,1
8459,55,Female,Mymensingh,Home,748.69,41,Desktop,Debit Card,TRUE,8,TRUE,1,6,Premium,Low,0
8460,61,Female,Khulna,Books,336.61,48,Desktop,PayPal,TRUE,5,TRUE,1,6,Free,Low,0
8461,38,Female,Barisal,Groceries,826.05,52,Desktop,PayPal,TRUE,1,FALSE,4,11,Premium,Low,0
8462,27,Male,Barisal,Toys,802.35,35,Tablet,Bank Transfer,TRUE,4,TRUE,2,9,Premium,High,2
8463,66,Other,Sylhet,Groceries,77.32,33,Desktop,PayPal,TRUE,5,TRUE,5,7,Trial,High,2
8464,29,Male,Barisal,Beauty,952.84,27,Mobile,Cash on Delivery,FALSE,4,FALSE,1,2,Trial,High,2
8465,25,Other,Barisal,Beauty,167.27,2,Tablet,Debit Card,FALSE,2,TRUE,2,11,Free,High,2
8466,51,Other,Dhaka,Groceries,141.19,59,Mobile,Cash on Delivery,FALSE,8,TRUE,1,9,Premium,Low,0
8467,26,Female,Dhaka,Books,212.61,18,Tablet,Debit Card,FALSE,5,TRUE,5,5,Trial,Medium,1
8468,37,Male,Sylhet,Home,873.95,32,Mobile,PayPal,FALSE,1,TRUE,3,2,Free,High,2
8469,56,Male,Sylhet,Clothing,674.54,17,Tablet,Bank Transfer,TRUE,6,TRUE,4,5,Trial,Medium,1
8470,52,Other,Sylhet,Toys,722.46,53,Desktop,Credit Card,TRUE,6,TRUE,4,12,Free,High,2
8471,58,Male,Sylhet,Toys,852.34,34,Tablet,Credit Card,TRUE,2,TRUE,5,2,Trial,Low,0
8472,40,Male,Mymensingh,Electronics,431.05,12,Tablet,Debit Card,FALSE,4,TRUE,3,11,Premium,Low,0
8473,42,Male,Khulna,Clothing,206.33,30,Mobile,Credit Card,TRUE,3,FALSE,2,11,Premium,Low,0
8474,45,Other,Sylhet,Toys,310.98,5,Tablet,PayPal,FALSE,7,TRUE,3,8,Premium,High,2
8475,47,Female,Rangpur,Sports,197.09,13,Mobile,PayPal,FALSE,3,FALSE,5,1,Trial,High,2
8476,64,Other,Rangpur,Home,640.91,11,Tablet,Credit Card,FALSE,4,TRUE,3,9,Premium,High,2
8477,20,Female,Rajshahi,Sports,571,23,Tablet,PayPal,FALSE,9,FALSE,1,13,Trial,Low,0
8478,21,Male,Sylhet,Clothing,409.22,57,Tablet,PayPal,FALSE,5,FALSE,5,6,Trial,Low,0
8479,18,Female,Barisal,Books,790.62,41,Tablet,Cash on Delivery,FALSE,5,TRUE,1,8,Free,Low,0
8480,51,Other,Barisal,Books,916.4,15,Tablet,Credit Card,FALSE,7,TRUE,1,13,Premium,Low,0
8481,63,Other,Mymensingh,Home,746.13,51,Tablet,Bank Transfer,TRUE,2,FALSE,2,7,Trial,Medium,1
8482,21,Male,Chittagong,Clothing,927.29,12,Desktop,Debit Card,TRUE,1,TRUE,3,11,Free,Medium,1
8483,30,Male,Rangpur,Books,746.57,5,Desktop,Bank Transfer,TRUE,4,TRUE,2,13,Premium,Medium,1
8484,40,Other,Dhaka,Clothing,719.81,54,Desktop,Credit Card,TRUE,7,TRUE,3,12,Premium,High,2
8485,18,Other,Dhaka,Electronics,928.2,22,Tablet,Cash on Delivery,FALSE,2,FALSE,5,1,Trial,High,2
8486,20,Male,Khulna,Toys,390.37,17,Mobile,PayPal,FALSE,5,TRUE,4,9,Premium,High,2
8487,62,Male,Sylhet,Sports,247.75,45,Mobile,Cash on Delivery,FALSE,8,TRUE,2,11,Free,Low,0
8488,26,Female,Khulna,Beauty,925.34,56,Tablet,Credit Card,TRUE,8,TRUE,4,10,Trial,High,2
8489,23,Other,Barisal,Home,968.55,3,Mobile,Debit Card,FALSE,8,FALSE,1,10,Free,High,2
8490,38,Male,Chittagong,Beauty,723.88,16,Mobile,Debit Card,TRUE,6,TRUE,1,5,Trial,High,2
8491,58,Female,Sylhet,Electronics,533.98,49,Mobile,Bank Transfer,FALSE,2,FALSE,4,4,Trial,High,2
8492,45,Other,Rajshahi,Toys,460.56,19,Tablet,Credit Card,TRUE,4,TRUE,5,12,Free,Low,0
8493,41,Female,Chittagong,Groceries,825.81,46,Mobile,Cash on Delivery,TRUE,8,TRUE,3,2,Trial,Low,0
8494,31,Other,Chittagong,Beauty,518.96,58,Tablet,PayPal,TRUE,2,FALSE,3,7,Premium,Low,0
8495,38,Other,Mymensingh,Electronics,304.16,30,Tablet,Credit Card,FALSE,6,FALSE,4,13,Trial,High,2
8496,32,Male,Barisal,Clothing,476.5,11,Mobile,Credit Card,FALSE,6,FALSE,3,4,Free,Low,0
8497,28,Male,Rangpur,Toys,119.38,23,Desktop,Cash on Delivery,FALSE,2,FALSE,2,4,Premium,High,2
8498,63,Other,Sylhet,Clothing,881.24,13,Mobile,Cash on Delivery,TRUE,8,FALSE,4,10,Premium,Medium,1
8499,64,Female,Rajshahi,Clothing,850.54,36,Mobile,Cash on Delivery,FALSE,4,FALSE,5,6,Free,Low,0
8500,31,Other,Chittagong,Clothing,118.48,44,Desktop,Credit Card,FALSE,9,FALSE,2,3,Free,Low,0
8501,53,Other,Khulna,Books,535.13,38,Tablet,Debit Card,FALSE,3,TRUE,2,5,Free,Medium,1
8502,29,Other,Barisal,Toys,834.69,55,Desktop,Cash on Delivery,TRUE,9,TRUE,2,6,Free,Low,0
8503,46,Other,Rangpur,Clothing,940.67,18,Tablet,Debit Card,FALSE,5,FALSE,3,5,Premium,High,2
8504,39,Male,Rajshahi,Books,232.34,31,Desktop,Bank Transfer,TRUE,5,FALSE,4,6,Premium,High,2
8505,45,Male,Dhaka,Home,189.03,28,Mobile,PayPal,FALSE,4,FALSE,3,2,Trial,Medium,1
8506,32,Other,Chittagong,Groceries,402.12,40,Desktop,Credit Card,TRUE,3,TRUE,3,4,Trial,High,2
8507,66,Female,Mymensingh,Clothing,80.31,39,Desktop,PayPal,FALSE,9,FALSE,5,6,Premium,Low,0
8508,53,Female,Rajshahi,Books,217.08,47,Desktop,Debit Card,FALSE,9,FALSE,2,10,Premium,Medium,1
8509,68,Other,Sylhet,Beauty,489.74,1,Mobile,Debit Card,FALSE,9,TRUE,4,10,Free,Medium,1
8510,69,Male,Sylhet,Clothing,257.35,8,Desktop,Cash on Delivery,FALSE,1,FALSE,3,13,Trial,Low,0
8511,39,Other,Chittagong,Beauty,836.5,15,Tablet,Cash on Delivery,FALSE,3,TRUE,5,6,Premium,Low,0
8512,59,Female,Rajshahi,Toys,175.24,3,Tablet,Bank Transfer,TRUE,2,FALSE,1,10,Trial,High,2
8513,50,Other,Sylhet,Electronics,382.79,23,Mobile,Cash on Delivery,FALSE,2,TRUE,4,5,Premium,Low,0
8514,56,Female,Rajshahi,Toys,244.73,14,Tablet,Bank Transfer,TRUE,5,FALSE,4,3,Free,Medium,1
8515,18,Other,Rangpur,Sports,205.6,33,Mobile,Debit Card,TRUE,8,FALSE,3,1,Free,High,2
8516,22,Female,Khulna,Home,410.29,10,Desktop,Debit Card,FALSE,6,FALSE,3,3,Free,Medium,1
8517,62,Female,Sylhet,Electronics,486.59,1,Mobile,PayPal,FALSE,4,TRUE,4,11,Free,Low,0
8518,25,Female,Rajshahi,Clothing,580.71,59,Tablet,Cash on Delivery,TRUE,6,FALSE,1,12,Trial,High,2
8519,19,Male,Barisal,Electronics,154.94,40,Desktop,Debit Card,FALSE,3,FALSE,5,1,Premium,High,2
8520,49,Other,Dhaka,Home,558.87,55,Mobile,Cash on Delivery,TRUE,9,TRUE,1,7,Premium,Medium,1
8521,42,Other,Dhaka,Electronics,198.4,57,Desktop,Bank Transfer,FALSE,4,FALSE,1,5,Trial,High,2
8522,51,Male,Rajshahi,Electronics,993.72,8,Mobile,Debit Card,TRUE,1,TRUE,2,12,Free,Medium,1
8523,34,Male,Khulna,Electronics,852.62,21,Tablet,Bank Transfer,FALSE,4,FALSE,2,13,Premium,High,2
8524,29,Other,Chittagong,Groceries,914.52,30,Desktop,Debit Card,FALSE,8,FALSE,3,1,Premium,High,2
8525,42,Other,Sylhet,Clothing,576.4,50,Mobile,Cash on Delivery,FALSE,5,FALSE,3,9,Free,Low,0
8526,35,Female,Sylhet,Electronics,577.84,12,Mobile,Cash on Delivery,FALSE,3,TRUE,4,4,Free,Medium,1
8527,51,Male,Barisal,Beauty,575.45,1,Mobile,Cash on Delivery,FALSE,3,FALSE,5,11,Premium,High,2
8528,51,Male,Rangpur,Groceries,894.51,22,Tablet,Bank Transfer,FALSE,9,FALSE,1,12,Trial,Low,0
8529,26,Other,Mymensingh,Toys,533.23,57,Tablet,Bank Transfer,FALSE,8,FALSE,1,11,Trial,Low,0
8530,36,Male,Barisal,Sports,271.47,49,Desktop,Cash on Delivery,FALSE,8,FALSE,1,7,Premium,Low,0
8531,46,Female,Rangpur,Groceries,538.01,55,Tablet,Debit Card,TRUE,2,TRUE,5,3,Premium,Low,0
8532,30,Male,Rajshahi,Clothing,845.6,17,Tablet,Bank Transfer,FALSE,1,FALSE,4,9,Free,Medium,1
8533,23,Other,Mymensingh,Toys,705.39,9,Desktop,Cash on Delivery,TRUE,3,TRUE,4,13,Free,Medium,1
8534,33,Female,Mymensingh,Electronics,466.84,39,Desktop,PayPal,TRUE,3,TRUE,3,5,Free,Low,0
8535,37,Female,Sylhet,Beauty,249.75,24,Tablet,Bank Transfer,FALSE,8,TRUE,3,13,Premium,Medium,1
8536,63,Other,Rangpur,Sports,604.06,17,Mobile,PayPal,FALSE,4,TRUE,4,9,Premium,High,2
8537,51,Other,Mymensingh,Books,249.26,43,Mobile,PayPal,TRUE,3,FALSE,2,1,Free,High,2
8538,66,Male,Sylhet,Beauty,647.59,53,Mobile,Debit Card,TRUE,3,TRUE,3,4,Premium,Low,0
8539,26,Female,Chittagong,Sports,219.59,27,Tablet,Debit Card,FALSE,3,TRUE,4,5,Premium,High,2
8540,52,Other,Sylhet,Groceries,871.1,49,Desktop,Credit Card,TRUE,4,TRUE,5,6,Free,Low,0
8541,31,Other,Mymensingh,Sports,233.9,13,Tablet,Debit Card,TRUE,4,FALSE,1,8,Premium,Low,0
8542,43,Male,Barisal,Groceries,411.55,8,Tablet,Debit Card,TRUE,2,FALSE,5,5,Free,Medium,1
8543,49,Other,Sylhet,Beauty,438.47,37,Mobile,Bank Transfer,FALSE,6,FALSE,2,7,Trial,Medium,1
8544,23,Male,Khulna,Beauty,35.01,25,Tablet,Cash on Delivery,FALSE,2,TRUE,3,3,Free,Low,0
8545,59,Other,Rajshahi,Sports,42.64,15,Desktop,Debit Card,FALSE,2,FALSE,5,9,Trial,High,2
8546,23,Female,Khulna,Groceries,723.82,49,Desktop,Debit Card,TRUE,3,FALSE,2,1,Free,Medium,1
8547,19,Female,Barisal,Clothing,340.97,54,Desktop,Bank Transfer,FALSE,4,FALSE,2,11,Premium,Medium,1
8548,26,Other,Rajshahi,Electronics,341.3,55,Mobile,PayPal,TRUE,2,FALSE,5,11,Premium,High,2
8549,35,Female,Rajshahi,Books,358,26,Tablet,Bank Transfer,FALSE,8,TRUE,1,6,Premium,High,2
8550,35,Male,Rangpur,Electronics,235.75,5,Mobile,Bank Transfer,FALSE,5,TRUE,5,1,Free,Medium,1
8551,48,Other,Sylhet,Home,219.25,44,Mobile,Credit Card,FALSE,2,TRUE,4,10,Premium,Medium,1
8552,21,Male,Rajshahi,Groceries,542.27,10,Desktop,PayPal,TRUE,2,FALSE,5,4,Free,High,2
8553,19,Other,Rajshahi,Beauty,975.32,7,Tablet,Cash on Delivery,TRUE,6,TRUE,4,2,Free,Medium,1
8554,51,Female,Chittagong,Electronics,434.96,4,Tablet,Credit Card,TRUE,9,FALSE,4,10,Free,Medium,1
8555,37,Male,Dhaka,Groceries,617.51,27,Desktop,Bank Transfer,FALSE,6,TRUE,5,13,Free,Medium,1
8556,54,Other,Rangpur,Electronics,453.42,24,Desktop,Debit Card,TRUE,2,FALSE,2,8,Trial,Medium,1
8557,35,Female,Mymensingh,Toys,489.22,30,Tablet,PayPal,FALSE,7,FALSE,4,10,Premium,Medium,1
8558,35,Female,Chittagong,Beauty,73.6,31,Desktop,Cash on Delivery,TRUE,1,FALSE,1,6,Free,Medium,1
8559,24,Female,Barisal,Beauty,427.68,23,Mobile,Credit Card,TRUE,3,FALSE,3,10,Free,Low,0
8560,19,Other,Dhaka,Toys,868.83,25,Tablet,Cash on Delivery,TRUE,5,FALSE,3,2,Premium,High,2
8561,68,Other,Rangpur,Books,383.46,57,Desktop,PayPal,TRUE,3,FALSE,2,9,Trial,Medium,1
8562,33,Other,Chittagong,Electronics,742.95,30,Mobile,Debit Card,FALSE,5,TRUE,3,13,Premium,Medium,1
8563,69,Male,Dhaka,Electronics,834.08,47,Desktop,Bank Transfer,TRUE,1,FALSE,4,7,Premium,Low,0
8564,23,Male,Chittagong,Toys,506.75,6,Mobile,Debit Card,TRUE,5,TRUE,3,6,Trial,Low,0
8565,41,Male,Mymensingh,Clothing,212.47,45,Mobile,Bank Transfer,FALSE,4,FALSE,1,11,Premium,Medium,1
8566,47,Female,Rajshahi,Toys,653.73,3,Tablet,Bank Transfer,FALSE,6,FALSE,1,2,Free,High,2
8567,39,Other,Chittagong,Toys,136.62,15,Mobile,Debit Card,FALSE,1,FALSE,1,6,Trial,Low,0
8568,37,Other,Chittagong,Clothing,582.85,57,Tablet,Credit Card,FALSE,7,TRUE,2,5,Free,High,2
8569,18,Other,Sylhet,Electronics,340.55,24,Desktop,Cash on Delivery,FALSE,6,TRUE,4,7,Premium,Medium,1
8570,67,Female,Barisal,Electronics,505.79,41,Mobile,Credit Card,TRUE,8,FALSE,5,6,Premium,High,2
8571,43,Other,Chittagong,Beauty,308.35,38,Mobile,Bank Transfer,FALSE,4,FALSE,1,4,Free,Low,0
8572,52,Male,Sylhet,Beauty,995.4,49,Mobile,Credit Card,TRUE,9,FALSE,2,13,Free,Medium,1
8573,67,Male,Dhaka,Toys,399.45,23,Mobile,Bank Transfer,TRUE,5,TRUE,2,11,Free,Medium,1
8574,40,Male,Khulna,Beauty,279.4,58,Desktop,Debit Card,FALSE,4,FALSE,3,12,Trial,Medium,1
8575,35,Female,Rangpur,Home,625.19,23,Desktop,Cash on Delivery,TRUE,5,TRUE,1,11,Free,Medium,1
8576,69,Other,Sylhet,Groceries,357.53,51,Tablet,Credit Card,TRUE,2,TRUE,3,13,Free,Low,0
8577,57,Female,Khulna,Clothing,122.17,6,Desktop,Credit Card,FALSE,5,TRUE,2,7,Free,Low,0
8578,69,Male,Rajshahi,Clothing,496.45,23,Tablet,PayPal,FALSE,5,TRUE,2,3,Trial,High,2
8579,40,Female,Mymensingh,Sports,444.91,8,Mobile,Cash on Delivery,TRUE,5,TRUE,5,10,Free,Medium,1
8580,62,Male,Rajshahi,Books,48.65,12,Mobile,Credit Card,FALSE,3,TRUE,5,9,Premium,Medium,1
8581,61,Other,Rangpur,Groceries,720.9,33,Desktop,Bank Transfer,FALSE,5,FALSE,4,11,Trial,Low,0
8582,61,Other,Rajshahi,Clothing,222.7,19,Mobile,Bank Transfer,TRUE,8,TRUE,2,4,Premium,Low,0
8583,27,Other,Barisal,Electronics,339.01,41,Tablet,PayPal,FALSE,8,FALSE,4,4,Trial,High,2
8584,53,Other,Barisal,Groceries,999.17,10,Tablet,PayPal,TRUE,4,FALSE,5,13,Premium,High,2
8585,38,Other,Dhaka,Clothing,597.5,7,Mobile,Credit Card,FALSE,9,TRUE,2,8,Trial,Low,0
8586,36,Male,Dhaka,Clothing,302.19,49,Tablet,Cash on Delivery,FALSE,3,TRUE,1,10,Free,Medium,1
8587,21,Male,Mymensingh,Toys,304.67,2,Tablet,Debit Card,TRUE,5,TRUE,4,6,Premium,High,2
8588,44,Other,Chittagong,Electronics,439.9,8,Mobile,Debit Card,FALSE,8,TRUE,3,9,Premium,High,2
8589,25,Male,Chittagong,Beauty,660.21,52,Desktop,Debit Card,TRUE,3,FALSE,2,1,Premium,Low,0
8590,62,Other,Khulna,Electronics,433.33,26,Desktop,Credit Card,TRUE,1,TRUE,1,5,Premium,Medium,1
8591,42,Other,Sylhet,Electronics,250.2,22,Desktop,Credit Card,TRUE,2,TRUE,1,13,Premium,High,2
8592,54,Female,Rajshahi,Groceries,453.88,12,Tablet,Debit Card,TRUE,5,FALSE,4,3,Free,Low,0
8593,18,Male,Barisal,Books,741.3,26,Desktop,Credit Card,TRUE,4,TRUE,4,2,Free,Low,0
8594,36,Male,Barisal,Clothing,122.81,6,Tablet,Credit Card,TRUE,3,TRUE,5,11,Premium,Medium,1
8595,64,Male,Sylhet,Beauty,846.4,34,Desktop,Cash on Delivery,TRUE,3,TRUE,2,5,Free,High,2
8596,53,Male,Sylhet,Groceries,797.84,39,Mobile,PayPal,FALSE,7,FALSE,3,5,Free,Medium,1
8597,21,Female,Barisal,Toys,158.86,24,Tablet,Credit Card,TRUE,3,TRUE,3,1,Free,Low,0
8598,52,Other,Mymensingh,Home,318.19,5,Desktop,Bank Transfer,FALSE,1,FALSE,4,1,Free,Low,0
8599,47,Other,Rangpur,Toys,126.58,4,Tablet,Credit Card,FALSE,6,FALSE,1,7,Free,High,2
8600,31,Male,Barisal,Toys,574.39,14,Mobile,Credit Card,TRUE,9,FALSE,1,12,Premium,High,2
8601,29,Other,Chittagong,Clothing,165.37,27,Mobile,Credit Card,TRUE,1,FALSE,2,5,Trial,Low,0
8602,42,Female,Mymensingh,Books,246.46,6,Tablet,Debit Card,FALSE,8,FALSE,3,6,Premium,Medium,1
8603,28,Other,Rajshahi,Electronics,647.51,15,Tablet,Credit Card,FALSE,8,TRUE,1,5,Premium,Low,0
8604,48,Male,Rangpur,Clothing,653.11,19,Tablet,Debit Card,FALSE,3,TRUE,1,4,Free,Low,0
8605,42,Male,Sylhet,Toys,927.58,15,Mobile,Credit Card,TRUE,5,TRUE,1,7,Trial,Low,0
8606,43,Other,Chittagong,Electronics,286.04,8,Tablet,PayPal,TRUE,3,TRUE,4,11,Trial,Medium,1
8607,21,Female,Mymensingh,Electronics,632.03,36,Mobile,Credit Card,FALSE,7,FALSE,5,6,Trial,Medium,1
8608,50,Other,Rangpur,Home,514.39,14,Desktop,Debit Card,FALSE,4,FALSE,3,13,Premium,Medium,1
8609,42,Female,Dhaka,Sports,216.42,58,Mobile,Cash on Delivery,TRUE,7,FALSE,1,7,Free,Medium,1
8610,22,Male,Mymensingh,Toys,147.49,38,Mobile,PayPal,FALSE,4,FALSE,4,12,Premium,Medium,1
8611,28,Male,Chittagong,Sports,183.57,55,Tablet,PayPal,FALSE,7,FALSE,3,8,Trial,Medium,1
8612,68,Other,Rajshahi,Home,371.67,6,Desktop,Debit Card,FALSE,1,TRUE,4,1,Free,Medium,1
8613,47,Female,Sylhet,Electronics,977.88,6,Tablet,Cash on Delivery,FALSE,2,FALSE,3,13,Free,High,2
8614,27,Male,Mymensingh,Sports,719.43,22,Mobile,Credit Card,TRUE,8,TRUE,1,7,Premium,Medium,1
8615,63,Other,Chittagong,Home,26.39,17,Mobile,PayPal,TRUE,5,TRUE,4,11,Premium,High,2
8616,24,Male,Rajshahi,Books,312.27,52,Desktop,Bank Transfer,TRUE,4,FALSE,5,4,Premium,Low,0
8617,26,Other,Rajshahi,Sports,770.88,32,Mobile,Debit Card,TRUE,2,FALSE,2,10,Trial,Low,0
8618,37,Other,Khulna,Sports,698.19,13,Desktop,PayPal,TRUE,5,TRUE,5,3,Free,High,2
8619,69,Female,Sylhet,Home,400.66,58,Desktop,Credit Card,TRUE,3,FALSE,1,4,Premium,Low,0
8620,45,Male,Mymensingh,Clothing,941.35,12,Desktop,PayPal,FALSE,1,TRUE,1,10,Premium,High,2
8621,44,Other,Rangpur,Books,482.34,46,Mobile,Bank Transfer,FALSE,9,TRUE,3,13,Free,Medium,1
8622,40,Other,Rajshahi,Beauty,323.61,43,Desktop,Credit Card,TRUE,9,FALSE,5,9,Premium,High,2
8623,19,Other,Rajshahi,Books,887.12,9,Tablet,Credit Card,FALSE,6,TRUE,4,11,Free,Low,0
8624,35,Male,Rajshahi,Sports,594.35,22,Tablet,Credit Card,FALSE,8,FALSE,2,9,Trial,High,2
8625,35,Female,Rajshahi,Groceries,565.41,39,Desktop,Cash on Delivery,FALSE,4,FALSE,2,8,Free,Low,0
8626,25,Other,Rajshahi,Home,974.4,5,Desktop,PayPal,TRUE,5,TRUE,2,5,Premium,Medium,1
8627,28,Female,Chittagong,Home,381.63,30,Mobile,Cash on Delivery,TRUE,1,TRUE,2,7,Premium,Medium,1
8628,50,Male,Sylhet,Beauty,361.34,56,Desktop,Credit Card,FALSE,2,TRUE,1,12,Free,Medium,1
8629,18,Female,Rajshahi,Home,269.79,19,Tablet,Debit Card,TRUE,8,TRUE,3,3,Free,Medium,1
8630,41,Male,Sylhet,Clothing,996.58,51,Desktop,Debit Card,FALSE,9,TRUE,5,5,Trial,Medium,1
8631,57,Other,Khulna,Clothing,243.41,8,Tablet,Bank Transfer,TRUE,2,TRUE,4,9,Premium,Low,0
8632,24,Male,Mymensingh,Beauty,337.32,14,Mobile,Bank Transfer,FALSE,6,TRUE,5,12,Premium,Low,0
8633,26,Male,Dhaka,Groceries,384.36,21,Desktop,Credit Card,FALSE,6,TRUE,2,3,Trial,Low,0
8634,26,Male,Rangpur,Beauty,278.67,38,Tablet,Debit Card,FALSE,4,FALSE,4,10,Free,Low,0
8635,35,Female,Rajshahi,Electronics,439.46,47,Desktop,Credit Card,FALSE,4,TRUE,5,6,Free,Medium,1
8636,51,Male,Sylhet,Home,111.64,12,Mobile,Credit Card,TRUE,2,FALSE,3,6,Premium,Medium,1
8637,52,Other,Chittagong,Beauty,71.51,1,Mobile,PayPal,FALSE,8,FALSE,1,6,Free,High,2
8638,30,Male,Khulna,Home,937.28,54,Desktop,Bank Transfer,TRUE,1,FALSE,2,9,Trial,Low,0
8639,45,Male,Khulna,Clothing,252.62,23,Tablet,Credit Card,FALSE,7,TRUE,1,3,Premium,High,2
8640,68,Female,Rajshahi,Clothing,617.26,54,Desktop,Bank Transfer,TRUE,9,TRUE,1,1,Free,High,2
8641,22,Other,Rajshahi,Clothing,29.42,22,Mobile,Bank Transfer,FALSE,2,FALSE,5,1,Premium,High,2
8642,60,Male,Khulna,Toys,15.37,9,Desktop,Debit Card,FALSE,3,FALSE,4,9,Trial,Medium,1
8643,57,Female,Chittagong,Groceries,110.09,4,Mobile,Debit Card,FALSE,8,TRUE,1,5,Free,Medium,1
8644,29,Other,Mymensingh,Toys,273.35,51,Desktop,PayPal,TRUE,9,TRUE,4,9,Free,Low,0
8645,48,Male,Sylhet,Toys,258.3,55,Desktop,Credit Card,FALSE,5,FALSE,3,13,Premium,Medium,1
8646,22,Male,Rajshahi,Beauty,203.71,6,Mobile,Credit Card,FALSE,4,TRUE,1,12,Premium,Medium,1
8647,68,Other,Khulna,Beauty,459.99,8,Desktop,Cash on Delivery,TRUE,9,FALSE,1,11,Premium,Medium,1
8648,39,Female,Sylhet,Clothing,959.22,23,Tablet,Cash on Delivery,TRUE,7,FALSE,5,10,Free,Low,0
8649,42,Other,Chittagong,Toys,405.9,59,Desktop,Debit Card,FALSE,1,TRUE,2,10,Free,Medium,1
8650,35,Male,Dhaka,Electronics,338.36,51,Tablet,Credit Card,FALSE,9,FALSE,1,10,Free,Medium,1
8651,51,Male,Rajshahi,Toys,377.48,43,Desktop,Bank Transfer,TRUE,1,FALSE,4,3,Free,High,2
8652,21,Male,Barisal,Groceries,742.45,21,Mobile,Debit Card,FALSE,1,FALSE,4,6,Free,Medium,1
8653,19,Male,Mymensingh,Toys,74.08,22,Desktop,Credit Card,FALSE,6,FALSE,1,4,Trial,High,2
8654,66,Other,Rajshahi,Electronics,148.51,36,Desktop,Cash on Delivery,TRUE,2,TRUE,2,12,Free,Medium,1
8655,42,Male,Sylhet,Beauty,465.5,20,Mobile,Debit Card,TRUE,2,FALSE,2,5,Premium,High,2
8656,27,Female,Khulna,Electronics,319.55,56,Tablet,Bank Transfer,TRUE,5,TRUE,1,9,Trial,Medium,1
8657,46,Female,Mymensingh,Books,29.98,59,Mobile,PayPal,FALSE,4,FALSE,5,4,Premium,Low,0
8658,69,Other,Chittagong,Groceries,852.96,41,Tablet,Cash on Delivery,FALSE,9,FALSE,2,11,Premium,Medium,1
8659,42,Female,Sylhet,Sports,589.89,14,Desktop,PayPal,TRUE,7,TRUE,2,2,Trial,High,2
8660,48,Male,Mymensingh,Home,189.23,38,Mobile,PayPal,TRUE,4,FALSE,4,4,Premium,Low,0
8661,24,Other,Barisal,Sports,78.08,36,Mobile,Debit Card,TRUE,4,TRUE,4,12,Trial,Medium,1
8662,65,Female,Rajshahi,Electronics,637.3,3,Mobile,Credit Card,FALSE,1,FALSE,5,8,Trial,Low,0
8663,45,Female,Khulna,Sports,124.89,3,Desktop,Cash on Delivery,TRUE,3,TRUE,4,12,Premium,Low,0
8664,43,Male,Dhaka,Sports,864.75,10,Tablet,PayPal,FALSE,7,TRUE,1,12,Free,Medium,1
8665,62,Other,Rajshahi,Home,769.53,40,Mobile,Debit Card,TRUE,5,TRUE,2,12,Trial,Low,0
8666,67,Female,Sylhet,Groceries,216.09,10,Desktop,Cash on Delivery,TRUE,3,FALSE,5,4,Trial,Medium,1
8667,49,Other,Rangpur,Toys,60.16,27,Mobile,Debit Card,FALSE,2,TRUE,5,11,Premium,Low,0
8668,18,Other,Chittagong,Books,886.17,45,Mobile,Credit Card,FALSE,2,FALSE,4,3,Premium,Medium,1
8669,65,Female,Mymensingh,Toys,972.45,39,Desktop,Bank Transfer,FALSE,5,FALSE,4,4,Free,High,2
8670,46,Other,Rangpur,Sports,986.52,50,Mobile,PayPal,TRUE,8,TRUE,2,13,Trial,Low,0
8671,54,Other,Mymensingh,Toys,738.64,46,Mobile,PayPal,FALSE,8,TRUE,5,11,Premium,Low,0
8672,30,Other,Khulna,Home,802.5,18,Tablet,Debit Card,TRUE,6,FALSE,4,11,Premium,High,2
8673,24,Other,Sylhet,Electronics,893,16,Mobile,Bank Transfer,FALSE,4,TRUE,4,4,Trial,Medium,1
8674,45,Other,Rangpur,Electronics,626.43,50,Desktop,PayPal,TRUE,7,FALSE,2,10,Trial,High,2
8675,18,Male,Rajshahi,Toys,675.81,5,Tablet,Credit Card,FALSE,1,TRUE,2,10,Trial,Low,0
8676,44,Other,Sylhet,Home,474.39,51,Desktop,Credit Card,FALSE,5,FALSE,4,2,Free,Medium,1
8677,39,Female,Khulna,Groceries,956.56,15,Tablet,PayPal,FALSE,3,FALSE,5,2,Free,Low,0
8678,62,Other,Sylhet,Clothing,963.3,18,Mobile,Bank Transfer,TRUE,5,TRUE,2,13,Free,Medium,1
8679,56,Male,Khulna,Home,30.26,29,Mobile,Bank Transfer,FALSE,3,TRUE,4,6,Premium,Low,0
8680,21,Female,Rajshahi,Home,473.62,57,Mobile,Cash on Delivery,TRUE,6,TRUE,3,7,Free,High,2
8681,51,Female,Mymensingh,Beauty,220.74,5,Tablet,Bank Transfer,FALSE,4,TRUE,4,13,Free,High,2
8682,28,Male,Mymensingh,Beauty,772.27,23,Mobile,Credit Card,TRUE,5,TRUE,5,8,Free,Low,0
8683,43,Female,Chittagong,Clothing,56.45,25,Mobile,Bank Transfer,TRUE,7,TRUE,2,2,Free,Low,0
8684,26,Female,Rajshahi,Groceries,819.87,50,Desktop,Cash on Delivery,TRUE,7,TRUE,3,1,Trial,High,2
8685,19,Male,Sylhet,Groceries,749.72,24,Mobile,Cash on Delivery,FALSE,5,FALSE,1,5,Free,High,2
8686,32,Male,Mymensingh,Clothing,495.74,8,Desktop,Cash on Delivery,TRUE,1,FALSE,4,10,Premium,Low,0
8687,50,Other,Barisal,Books,174.98,46,Mobile,Cash on Delivery,FALSE,2,FALSE,3,7,Premium,Low,0
8688,41,Female,Barisal,Sports,164.76,55,Tablet,PayPal,TRUE,4,TRUE,3,4,Trial,Medium,1
8689,45,Male,Rajshahi,Toys,865.36,34,Mobile,Bank Transfer,TRUE,8,FALSE,3,4,Trial,High,2
8690,58,Male,Sylhet,Electronics,36.13,35,Mobile,Bank Transfer,TRUE,5,TRUE,1,2,Premium,Low,0
8691,54,Male,Rajshahi,Books,455.42,12,Tablet,PayPal,TRUE,2,FALSE,1,6,Premium,Medium,1
8692,56,Other,Chittagong,Clothing,538.63,50,Tablet,Cash on Delivery,TRUE,8,FALSE,5,10,Premium,Low,0
8693,59,Male,Barisal,Electronics,444.87,15,Desktop,Cash on Delivery,TRUE,2,TRUE,2,4,Premium,Medium,1
8694,50,Male,Chittagong,Beauty,96.45,26,Desktop,Credit Card,TRUE,3,FALSE,5,12,Premium,High,2
8695,47,Male,Rajshahi,Beauty,551.47,39,Tablet,Cash on Delivery,TRUE,3,FALSE,4,2,Premium,Medium,1
8696,40,Female,Mymensingh,Toys,855.8,59,Mobile,Cash on Delivery,TRUE,6,TRUE,1,10,Premium,Low,0
8697,58,Male,Rangpur,Sports,187.03,34,Tablet,Cash on Delivery,FALSE,8,FALSE,3,7,Trial,Low,0
8698,35,Other,Khulna,Sports,222.89,28,Tablet,PayPal,FALSE,2,TRUE,5,3,Trial,High,2
8699,59,Female,Rajshahi,Home,226.77,27,Desktop,PayPal,FALSE,4,TRUE,3,12,Trial,Low,0
8700,47,Male,Chittagong,Toys,263.65,11,Desktop,PayPal,FALSE,3,TRUE,3,12,Free,Low,0
8701,19,Male,Chittagong,Clothing,499.3,26,Desktop,PayPal,FALSE,7,TRUE,2,3,Premium,Low,0
8702,65,Other,Chittagong,Clothing,64.05,6,Desktop,PayPal,TRUE,4,TRUE,3,6,Free,Low,0
8703,53,Male,Rangpur,Home,552.52,47,Desktop,Bank Transfer,FALSE,1,FALSE,5,8,Free,Medium,1
8704,44,Other,Mymensingh,Electronics,677.05,6,Tablet,Credit Card,FALSE,9,TRUE,5,13,Premium,Low,0
8705,54,Male,Dhaka,Books,682.63,25,Tablet,Cash on Delivery,FALSE,5,FALSE,5,12,Free,Medium,1
8706,30,Female,Mymensingh,Sports,227.07,59,Tablet,PayPal,FALSE,1,FALSE,5,4,Premium,High,2
8707,28,Other,Rajshahi,Electronics,538.22,42,Tablet,Bank Transfer,TRUE,8,TRUE,1,3,Premium,Medium,1
8708,59,Female,Sylhet,Home,742.54,37,Tablet,Bank Transfer,FALSE,2,TRUE,2,3,Free,High,2
8709,38,Female,Rajshahi,Beauty,32.76,28,Desktop,PayPal,FALSE,2,TRUE,1,13,Premium,High,2
8710,68,Male,Khulna,Home,792.22,47,Mobile,Debit Card,FALSE,3,FALSE,2,1,Premium,Low,0
8711,48,Female,Rangpur,Beauty,101.79,21,Tablet,Debit Card,TRUE,2,TRUE,5,8,Premium,Low,0
8712,66,Female,Barisal,Beauty,262.62,46,Desktop,Debit Card,TRUE,9,TRUE,2,3,Trial,Medium,1
8713,53,Other,Rangpur,Electronics,279.57,51,Mobile,Debit Card,TRUE,3,TRUE,2,8,Trial,High,2
8714,56,Male,Khulna,Books,217.94,51,Mobile,Cash on Delivery,FALSE,5,TRUE,2,8,Free,Medium,1
8715,52,Male,Barisal,Electronics,194.5,23,Tablet,PayPal,TRUE,9,FALSE,2,13,Free,Medium,1
8716,59,Female,Rajshahi,Electronics,176.13,46,Tablet,Debit Card,TRUE,9,FALSE,3,9,Premium,Medium,1
8717,53,Male,Rajshahi,Books,328.55,19,Tablet,Bank Transfer,TRUE,8,FALSE,5,13,Trial,Medium,1
8718,26,Female,Khulna,Home,411.7,6,Tablet,Cash on Delivery,TRUE,1,FALSE,1,3,Premium,Low,0
8719,37,Female,Sylhet,Home,908.91,21,Tablet,Debit Card,TRUE,6,TRUE,3,1,Premium,Low,0
8720,20,Other,Chittagong,Clothing,866.55,28,Tablet,Credit Card,TRUE,9,FALSE,2,11,Free,Medium,1
8721,68,Male,Khulna,Electronics,104.26,50,Desktop,Cash on Delivery,TRUE,4,TRUE,5,13,Premium,Low,0
8722,60,Female,Dhaka,Groceries,293.23,36,Mobile,PayPal,FALSE,4,FALSE,4,1,Free,Medium,1
8723,23,Other,Rajshahi,Groceries,792.49,10,Mobile,Bank Transfer,FALSE,6,TRUE,1,4,Free,Low,0
8724,66,Male,Rangpur,Clothing,675.74,33,Desktop,Credit Card,TRUE,1,TRUE,1,2,Premium,Low,0
8725,25,Other,Rajshahi,Sports,223.06,46,Desktop,Bank Transfer,TRUE,9,FALSE,3,12,Trial,Low,0
8726,62,Other,Barisal,Clothing,665.33,8,Mobile,Cash on Delivery,TRUE,3,TRUE,3,6,Free,Low,0
8727,28,Male,Dhaka,Beauty,564.93,13,Mobile,Cash on Delivery,TRUE,7,FALSE,4,5,Trial,Low,0
8728,19,Male,Barisal,Beauty,148.06,2,Tablet,Credit Card,TRUE,2,FALSE,2,13,Trial,Low,0
8729,39,Other,Rajshahi,Electronics,877.34,41,Mobile,Bank Transfer,FALSE,5,TRUE,4,7,Trial,High,2
8730,18,Male,Rangpur,Beauty,676.86,25,Tablet,PayPal,FALSE,8,FALSE,1,12,Premium,Medium,1
8731,56,Male,Dhaka,Clothing,693.62,29,Tablet,Credit Card,TRUE,7,FALSE,3,8,Premium,Medium,1
8732,37,Female,Khulna,Groceries,725.7,4,Desktop,Debit Card,TRUE,6,TRUE,1,9,Free,Medium,1
8733,63,Male,Dhaka,Books,661.11,25,Tablet,PayPal,TRUE,3,TRUE,4,9,Premium,Medium,1
8734,42,Male,Sylhet,Beauty,764.41,33,Mobile,PayPal,TRUE,2,FALSE,5,2,Premium,Medium,1
8735,29,Female,Mymensingh,Beauty,674.24,27,Desktop,Credit Card,FALSE,6,FALSE,4,11,Premium,Medium,1
8736,22,Male,Rajshahi,Clothing,202.1,15,Mobile,Credit Card,TRUE,2,FALSE,4,2,Premium,Low,0
8737,55,Male,Chittagong,Home,44.45,44,Mobile,Bank Transfer,TRUE,4,FALSE,3,1,Trial,Medium,1
8738,66,Male,Rajshahi,Toys,855.83,43,Tablet,Bank Transfer,TRUE,4,FALSE,5,5,Premium,Low,0
8739,26,Female,Khulna,Books,764.24,48,Desktop,Debit Card,FALSE,2,FALSE,3,13,Premium,Low,0
8740,45,Male,Rajshahi,Clothing,377.24,4,Desktop,Bank Transfer,FALSE,1,TRUE,3,6,Premium,Medium,1
8741,43,Male,Khulna,Sports,951.34,48,Desktop,Credit Card,TRUE,2,TRUE,5,6,Free,Low,0
8742,56,Male,Chittagong,Books,500.57,5,Tablet,PayPal,FALSE,8,TRUE,4,5,Premium,Low,0
8743,30,Male,Dhaka,Books,906.08,47,Desktop,Bank Transfer,TRUE,1,TRUE,2,11,Free,High,2
8744,37,Female,Sylhet,Toys,874.91,54,Desktop,Cash on Delivery,TRUE,3,TRUE,4,5,Free,Low,0
8745,35,Male,Barisal,Beauty,728.61,21,Tablet,Cash on Delivery,TRUE,2,FALSE,5,10,Free,High,2
8746,62,Other,Mymensingh,Electronics,102.95,35,Mobile,Credit Card,FALSE,3,FALSE,3,8,Premium,Low,0
8747,38,Female,Rangpur,Books,593.67,7,Desktop,Bank Transfer,TRUE,9,FALSE,5,9,Trial,High,2
8748,42,Male,Dhaka,Sports,70.74,51,Desktop,Bank Transfer,FALSE,1,TRUE,2,9,Premium,Low,0
8749,62,Male,Rangpur,Clothing,119.2,7,Mobile,Debit Card,FALSE,2,TRUE,5,10,Trial,Low,0
8750,35,Male,Sylhet,Groceries,391.99,35,Desktop,Debit Card,FALSE,7,FALSE,4,12,Premium,High,2
8751,59,Other,Mymensingh,Toys,344.98,47,Mobile,Credit Card,TRUE,1,TRUE,3,2,Premium,Low,0
8752,63,Male,Mymensingh,Electronics,82.93,2,Desktop,Cash on Delivery,FALSE,5,FALSE,5,10,Free,Low,0
8753,34,Other,Mymensingh,Electronics,967.59,51,Desktop,Cash on Delivery,FALSE,7,FALSE,4,13,Free,Low,0
8754,51,Male,Mymensingh,Beauty,916.47,35,Tablet,Bank Transfer,FALSE,7,TRUE,2,5,Trial,Medium,1
8755,34,Other,Rangpur,Toys,316.53,11,Desktop,Debit Card,TRUE,2,FALSE,2,6,Premium,Medium,1
8756,55,Male,Rangpur,Toys,287.57,31,Mobile,Credit Card,TRUE,4,TRUE,3,7,Premium,High,2
8757,37,Male,Dhaka,Books,337.99,37,Desktop,Bank Transfer,FALSE,7,FALSE,4,9,Premium,Low,0
8758,49,Male,Barisal,Electronics,382.98,54,Mobile,PayPal,FALSE,2,TRUE,2,2,Trial,High,2
8759,66,Female,Chittagong,Electronics,324.17,57,Mobile,Credit Card,FALSE,1,TRUE,1,9,Trial,Medium,1
8760,66,Male,Sylhet,Groceries,160.91,14,Mobile,Debit Card,TRUE,8,TRUE,4,2,Trial,Low,0
8761,26,Female,Barisal,Electronics,388.48,36,Tablet,Cash on Delivery,FALSE,5,FALSE,4,12,Trial,Low,0
8762,35,Other,Mymensingh,Toys,955.42,34,Mobile,Debit Card,TRUE,8,TRUE,3,10,Premium,Medium,1
8763,22,Male,Rangpur,Toys,390.3,33,Desktop,Bank Transfer,TRUE,5,FALSE,2,7,Free,Low,0
8764,67,Female,Rajshahi,Clothing,683.79,37,Desktop,Bank Transfer,FALSE,6,FALSE,5,12,Free,High,2
8765,27,Male,Dhaka,Books,583.88,3,Mobile,PayPal,FALSE,4,TRUE,2,8,Free,Medium,1
8766,69,Female,Chittagong,Toys,128.04,7,Mobile,PayPal,FALSE,2,TRUE,3,10,Free,Medium,1
8767,19,Male,Dhaka,Toys,35.7,51,Mobile,Cash on Delivery,FALSE,1,FALSE,1,9,Free,High,2
8768,41,Female,Dhaka,Sports,9.51,42,Desktop,Cash on Delivery,FALSE,3,FALSE,2,2,Free,High,2
8769,66,Female,Chittagong,Groceries,430.01,51,Mobile,Cash on Delivery,FALSE,9,FALSE,3,12,Premium,Low,0
8770,42,Male,Mymensingh,Beauty,578.5,59,Desktop,Bank Transfer,TRUE,9,TRUE,2,12,Free,Low,0
8771,53,Male,Rajshahi,Beauty,509.36,39,Desktop,Credit Card,TRUE,8,TRUE,1,13,Premium,Low,0
8772,58,Male,Chittagong,Toys,441.59,39,Mobile,Debit Card,TRUE,7,FALSE,2,8,Trial,Low,0
8773,62,Other,Sylhet,Beauty,544.73,22,Mobile,PayPal,FALSE,7,FALSE,2,6,Free,Medium,1
8774,64,Male,Chittagong,Home,80.75,20,Mobile,Debit Card,TRUE,8,TRUE,4,5,Trial,Medium,1
8775,59,Male,Barisal,Clothing,8.82,48,Mobile,Debit Card,FALSE,3,FALSE,4,2,Free,Medium,1
8776,33,Other,Rajshahi,Sports,301.95,56,Tablet,PayPal,TRUE,4,FALSE,5,7,Premium,Medium,1
8777,18,Male,Mymensingh,Sports,306.1,52,Tablet,Credit Card,TRUE,3,FALSE,5,11,Free,Medium,1
8778,55,Other,Barisal,Clothing,986.11,8,Desktop,Bank Transfer,FALSE,5,TRUE,1,12,Free,High,2
8779,61,Other,Rangpur,Clothing,659.59,25,Desktop,Bank Transfer,FALSE,4,FALSE,1,9,Trial,High,2
8780,66,Other,Mymensingh,Groceries,99.21,35,Tablet,Credit Card,FALSE,2,FALSE,1,6,Free,High,2
8781,27,Male,Rangpur,Electronics,40.9,4,Desktop,Bank Transfer,FALSE,4,FALSE,5,3,Premium,Low,0
8782,48,Male,Dhaka,Toys,164.74,52,Desktop,Bank Transfer,TRUE,1,FALSE,4,9,Free,High,2
8783,46,Male,Mymensingh,Home,603.7,42,Tablet,Cash on Delivery,FALSE,5,FALSE,5,7,Premium,Medium,1
8784,36,Other,Barisal,Home,388.44,36,Desktop,PayPal,TRUE,3,FALSE,3,1,Free,High,2
8785,32,Other,Rajshahi,Home,729.5,1,Desktop,PayPal,TRUE,5,TRUE,2,8,Free,Medium,1
8786,28,Female,Rajshahi,Books,578.37,48,Mobile,Credit Card,TRUE,2,TRUE,3,1,Free,Low,0
8787,53,Other,Chittagong,Groceries,476.87,34,Desktop,Cash on Delivery,FALSE,4,FALSE,5,6,Trial,Medium,1
8788,34,Other,Rangpur,Books,890.14,30,Tablet,PayPal,FALSE,4,FALSE,1,1,Free,High,2
8789,44,Other,Khulna,Clothing,802.13,10,Tablet,Cash on Delivery,FALSE,4,TRUE,3,7,Premium,Medium,1
8790,31,Female,Dhaka,Sports,70.26,2,Mobile,Cash on Delivery,FALSE,4,TRUE,1,13,Premium,High,2
8791,24,Female,Mymensingh,Toys,718.97,38,Desktop,PayPal,FALSE,8,FALSE,4,10,Free,Low,0
8792,31,Male,Sylhet,Electronics,33.95,3,Tablet,Debit Card,TRUE,7,TRUE,4,6,Trial,High,2
8793,23,Male,Rangpur,Beauty,72.76,51,Tablet,Cash on Delivery,TRUE,7,FALSE,1,1,Free,Medium,1
8794,40,Female,Mymensingh,Clothing,316.9,36,Desktop,Debit Card,TRUE,2,TRUE,5,11,Free,Medium,1
8795,54,Other,Barisal,Books,814.64,36,Desktop,Bank Transfer,TRUE,3,FALSE,2,6,Premium,High,2
8796,29,Female,Khulna,Beauty,527.38,50,Desktop,Credit Card,TRUE,7,FALSE,3,7,Free,Low,0
8797,54,Male,Rajshahi,Toys,444.85,58,Tablet,Debit Card,TRUE,1,FALSE,5,5,Free,Low,0
8798,52,Female,Sylhet,Groceries,255.86,38,Desktop,Debit Card,FALSE,1,TRUE,3,8,Trial,High,2
8799,37,Other,Khulna,Books,774.62,43,Mobile,PayPal,TRUE,1,FALSE,3,7,Free,Medium,1
8800,42,Female,Chittagong,Books,508.24,58,Desktop,Bank Transfer,FALSE,9,FALSE,4,13,Free,High,2
8801,41,Male,Sylhet,Sports,777.08,32,Tablet,Bank Transfer,TRUE,4,TRUE,3,11,Premium,High,2
8802,53,Male,Barisal,Beauty,920.39,36,Desktop,PayPal,TRUE,5,FALSE,1,11,Trial,Medium,1
8803,59,Female,Chittagong,Sports,79.61,54,Desktop,Cash on Delivery,FALSE,7,FALSE,2,1,Free,High,2
8804,65,Female,Sylhet,Groceries,673.48,5,Desktop,Bank Transfer,TRUE,1,FALSE,3,5,Premium,High,2
8805,44,Male,Rajshahi,Electronics,629.06,40,Desktop,Credit Card,FALSE,3,TRUE,3,2,Free,High,2
8806,45,Other,Rajshahi,Groceries,475.63,39,Mobile,Credit Card,TRUE,8,TRUE,5,9,Free,Low,0
8807,46,Female,Rangpur,Sports,967.14,9,Desktop,Cash on Delivery,FALSE,8,FALSE,4,4,Premium,High,2
8808,57,Male,Rajshahi,Sports,785.15,43,Desktop,Credit Card,FALSE,5,FALSE,4,2,Trial,High,2
8809,26,Female,Sylhet,Home,291.32,13,Desktop,Debit Card,TRUE,1,TRUE,1,5,Premium,High,2
8810,57,Other,Mymensingh,Beauty,136.2,52,Tablet,Cash on Delivery,TRUE,1,FALSE,3,11,Premium,Low,0
8811,55,Other,Khulna,Clothing,500.36,38,Mobile,Bank Transfer,TRUE,8,TRUE,4,4,Free,High,2
8812,36,Female,Rangpur,Groceries,674.93,9,Desktop,Debit Card,TRUE,3,FALSE,3,1,Free,Medium,1
8813,49,Other,Khulna,Home,262,20,Mobile,Bank Transfer,TRUE,7,TRUE,2,3,Free,Medium,1
8814,51,Other,Chittagong,Books,789.12,15,Desktop,Debit Card,FALSE,1,FALSE,4,9,Premium,Low,0
8815,29,Female,Mymensingh,Home,585.36,21,Mobile,Debit Card,TRUE,7,FALSE,5,3,Free,Low,0
8816,29,Female,Rangpur,Sports,769.18,42,Mobile,Bank Transfer,FALSE,1,TRUE,2,5,Premium,Medium,1
8817,22,Female,Mymensingh,Toys,446.87,17,Mobile,Debit Card,FALSE,1,FALSE,1,8,Trial,High,2
8818,64,Other,Mymensingh,Sports,549.54,20,Desktop,Cash on Delivery,FALSE,1,FALSE,1,3,Premium,Low,0
8819,55,Male,Barisal,Home,546.69,48,Tablet,Debit Card,FALSE,2,FALSE,1,5,Free,Medium,1
8820,42,Other,Barisal,Groceries,585.8,36,Tablet,Debit Card,TRUE,8,TRUE,5,3,Trial,Medium,1
8821,57,Male,Mymensingh,Electronics,667.36,12,Desktop,PayPal,TRUE,1,TRUE,3,4,Free,Medium,1
8822,48,Other,Khulna,Clothing,921.96,7,Tablet,Credit Card,FALSE,9,TRUE,4,2,Trial,High,2
8823,29,Other,Rajshahi,Groceries,165.82,27,Tablet,Cash on Delivery,TRUE,4,TRUE,1,4,Premium,Medium,1
8824,50,Female,Khulna,Electronics,991.98,53,Desktop,Debit Card,FALSE,5,TRUE,1,9,Premium,Low,0
8825,42,Male,Sylhet,Clothing,455.56,28,Tablet,Debit Card,FALSE,4,TRUE,3,6,Premium,Low,0
8826,42,Male,Chittagong,Beauty,912.55,25,Desktop,PayPal,TRUE,6,FALSE,4,4,Trial,Medium,1
8827,49,Female,Khulna,Beauty,743.27,48,Tablet,Debit Card,FALSE,5,FALSE,4,11,Free,Medium,1
8828,57,Other,Rajshahi,Beauty,483.18,42,Tablet,Bank Transfer,TRUE,3,FALSE,3,3,Free,High,2
8829,59,Male,Barisal,Groceries,913.27,40,Mobile,Debit Card,TRUE,5,FALSE,1,5,Free,Medium,1
8830,65,Male,Khulna,Toys,93.38,31,Tablet,Bank Transfer,FALSE,8,TRUE,5,3,Trial,Low,0
8831,40,Female,Rajshahi,Beauty,424.37,23,Tablet,Cash on Delivery,TRUE,6,TRUE,2,5,Trial,Medium,1
8832,68,Female,Khulna,Sports,965.67,8,Desktop,Credit Card,TRUE,8,FALSE,4,5,Premium,Medium,1
8833,53,Other,Dhaka,Books,264.78,44,Desktop,Credit Card,FALSE,3,FALSE,1,3,Premium,Low,0
8834,35,Other,Khulna,Books,688.4,21,Tablet,PayPal,FALSE,1,TRUE,1,2,Free,Medium,1
8835,25,Female,Mymensingh,Electronics,434.98,13,Desktop,Bank Transfer,TRUE,7,FALSE,5,6,Free,Medium,1
8836,48,Female,Rangpur,Electronics,993.24,6,Mobile,PayPal,FALSE,5,TRUE,2,9,Free,Low,0
8837,60,Female,Rajshahi,Home,572.82,25,Desktop,Debit Card,FALSE,8,TRUE,2,9,Premium,High,2
8838,49,Female,Dhaka,Sports,296.82,39,Mobile,Cash on Delivery,TRUE,8,FALSE,4,11,Free,Low,0
8839,37,Male,Sylhet,Clothing,300.66,41,Mobile,Debit Card,TRUE,4,TRUE,3,13,Trial,Low,0
8840,45,Male,Dhaka,Toys,328.59,54,Mobile,PayPal,FALSE,7,FALSE,2,2,Trial,High,2
8841,41,Other,Mymensingh,Beauty,111.64,8,Desktop,Cash on Delivery,FALSE,4,TRUE,3,7,Premium,Medium,1
8842,38,Other,Dhaka,Electronics,85.96,44,Tablet,Credit Card,FALSE,4,FALSE,5,9,Trial,High,2
8843,21,Male,Rajshahi,Books,109.95,24,Tablet,Bank Transfer,FALSE,8,TRUE,4,4,Premium,Medium,1
8844,24,Other,Rajshahi,Toys,467.76,53,Desktop,PayPal,FALSE,3,FALSE,5,11,Premium,High,2
8845,66,Other,Sylhet,Toys,281.29,32,Desktop,PayPal,FALSE,7,TRUE,3,8,Free,Medium,1
8846,27,Female,Sylhet,Books,851.68,35,Tablet,Credit Card,FALSE,7,FALSE,4,3,Free,Low,0
8847,66,Male,Rangpur,Clothing,691.74,52,Mobile,Bank Transfer,FALSE,9,FALSE,2,2,Premium,Medium,1
8848,51,Other,Mymensingh,Clothing,669.78,49,Tablet,Credit Card,FALSE,5,TRUE,4,9,Premium,Low,0
8849,66,Male,Chittagong,Home,231.64,18,Tablet,Cash on Delivery,TRUE,1,FALSE,4,1,Premium,Medium,1
8850,68,Male,Sylhet,Books,747.19,37,Mobile,Bank Transfer,TRUE,1,FALSE,2,13,Premium,Medium,1
8851,41,Female,Mymensingh,Toys,398.17,30,Desktop,Bank Transfer,TRUE,7,FALSE,1,2,Trial,High,2
8852,26,Male,Khulna,Groceries,442.06,47,Desktop,Debit Card,FALSE,2,FALSE,4,3,Trial,Medium,1
8853,37,Male,Chittagong,Books,759.07,58,Tablet,Bank Transfer,FALSE,8,FALSE,2,12,Free,High,2
8854,46,Female,Barisal,Electronics,437.02,28,Tablet,Bank Transfer,TRUE,1,TRUE,4,3,Premium,Medium,1
8855,54,Female,Mymensingh,Electronics,242.72,5,Desktop,Cash on Delivery,FALSE,6,FALSE,3,11,Premium,Low,0
8856,63,Male,Dhaka,Beauty,345.22,49,Mobile,Bank Transfer,FALSE,6,FALSE,4,9,Trial,Low,0
8857,45,Female,Rajshahi,Clothing,518.77,31,Tablet,Debit Card,FALSE,4,FALSE,3,13,Free,Low,0
8858,41,Female,Rajshahi,Toys,946.86,40,Desktop,PayPal,FALSE,3,FALSE,4,3,Free,Low,0
8859,48,Male,Khulna,Toys,763.26,38,Tablet,Debit Card,TRUE,8,TRUE,5,13,Trial,High,2
8860,57,Other,Rangpur,Home,818.66,15,Mobile,Bank Transfer,TRUE,8,FALSE,4,8,Trial,High,2
8861,40,Female,Dhaka,Books,513.89,52,Mobile,Bank Transfer,FALSE,5,FALSE,3,7,Free,High,2
8862,50,Male,Mymensingh,Clothing,296.85,25,Desktop,Bank Transfer,FALSE,8,TRUE,4,5,Free,Medium,1
8863,64,Male,Rangpur,Books,866.81,25,Desktop,Bank Transfer,FALSE,9,TRUE,2,13,Premium,Medium,1
8864,48,Female,Rajshahi,Groceries,155.86,27,Tablet,Cash on Delivery,TRUE,3,FALSE,4,10,Free,High,2
8865,62,Other,Rangpur,Beauty,631.25,40,Tablet,Credit Card,TRUE,4,FALSE,3,1,Free,Low,0
8866,43,Male,Barisal,Beauty,328.09,18,Desktop,PayPal,TRUE,8,FALSE,2,10,Trial,High,2
8867,58,Male,Rangpur,Groceries,282.29,37,Tablet,Bank Transfer,FALSE,1,TRUE,4,10,Free,Low,0
8868,66,Other,Barisal,Beauty,633.2,52,Desktop,Debit Card,FALSE,8,TRUE,5,7,Free,Low,0
8869,19,Other,Dhaka,Toys,449.66,38,Tablet,PayPal,TRUE,8,FALSE,1,4,Premium,Medium,1
8870,60,Male,Mymensingh,Toys,345.71,40,Mobile,PayPal,TRUE,1,TRUE,2,3,Premium,Medium,1
8871,35,Male,Khulna,Toys,136.87,8,Tablet,Debit Card,FALSE,6,FALSE,1,7,Free,Low,0
8872,69,Male,Rangpur,Clothing,605.37,6,Tablet,Bank Transfer,TRUE,8,FALSE,4,11,Free,Low,0
8873,49,Male,Sylhet,Books,314.02,35,Desktop,Cash on Delivery,TRUE,7,FALSE,5,7,Trial,Medium,1
8874,61,Other,Barisal,Clothing,356.17,9,Desktop,Bank Transfer,TRUE,4,TRUE,4,4,Trial,Low,0
8875,66,Male,Mymensingh,Groceries,972.9,22,Mobile,Credit Card,TRUE,3,TRUE,1,3,Premium,High,2
8876,55,Female,Rajshahi,Sports,357.06,37,Tablet,Debit Card,TRUE,1,FALSE,1,12,Premium,High,2
8877,34,Female,Rangpur,Clothing,475.8,47,Desktop,Bank Transfer,FALSE,5,FALSE,1,6,Trial,Low,0
8878,39,Male,Khulna,Toys,837.68,38,Desktop,Debit Card,TRUE,5,TRUE,5,11,Trial,Medium,1
8879,42,Male,Barisal,Books,684.79,20,Mobile,Bank Transfer,TRUE,1,FALSE,3,6,Trial,Low,0
8880,41,Female,Mymensingh,Home,240.87,49,Desktop,Credit Card,FALSE,9,TRUE,3,4,Trial,Medium,1
8881,45,Male,Mymensingh,Toys,964.19,32,Tablet,Cash on Delivery,FALSE,8,TRUE,3,9,Free,High,2
8882,30,Other,Dhaka,Groceries,121.26,35,Mobile,Debit Card,FALSE,5,FALSE,2,7,Trial,High,2
8883,32,Female,Chittagong,Clothing,667.23,29,Desktop,Bank Transfer,TRUE,1,TRUE,4,11,Premium,Low,0
8884,31,Other,Chittagong,Home,739.2,8,Mobile,Debit Card,TRUE,1,TRUE,1,1,Trial,Low,0
8885,30,Female,Dhaka,Sports,868.87,19,Desktop,PayPal,FALSE,2,FALSE,4,5,Trial,Medium,1
8886,30,Male,Chittagong,Books,665.42,32,Mobile,Bank Transfer,TRUE,8,FALSE,2,11,Free,Low,0
8887,57,Female,Barisal,Beauty,757.16,15,Mobile,Cash on Delivery,FALSE,5,FALSE,2,9,Premium,Medium,1
8888,37,Other,Chittagong,Electronics,137.26,30,Mobile,Debit Card,TRUE,5,TRUE,5,4,Trial,Low,0
8889,40,Female,Sylhet,Sports,871.14,51,Desktop,Bank Transfer,TRUE,1,FALSE,4,1,Premium,Medium,1
8890,64,Male,Rajshahi,Groceries,24.41,7,Tablet,Bank Transfer,FALSE,7,FALSE,3,2,Trial,Low,0
8891,68,Female,Chittagong,Electronics,353.69,34,Tablet,Credit Card,TRUE,6,TRUE,4,10,Premium,High,2
8892,18,Other,Khulna,Sports,854.27,50,Mobile,Credit Card,TRUE,1,FALSE,2,13,Trial,High,2
8893,21,Male,Barisal,Groceries,41.55,44,Tablet,Bank Transfer,TRUE,2,FALSE,2,11,Trial,Low,0
8894,38,Male,Rangpur,Books,468.99,26,Tablet,Credit Card,TRUE,9,TRUE,3,10,Trial,Low,0
8895,27,Female,Rajshahi,Clothing,725.9,44,Desktop,Debit Card,FALSE,8,FALSE,1,7,Premium,Medium,1
8896,21,Other,Mymensingh,Home,643.69,49,Desktop,Bank Transfer,FALSE,7,FALSE,3,7,Free,Medium,1
8897,41,Female,Sylhet,Clothing,35.86,43,Mobile,Debit Card,TRUE,1,TRUE,5,10,Premium,Low,0
8898,60,Female,Barisal,Books,797.58,59,Tablet,Bank Transfer,TRUE,8,FALSE,2,5,Trial,Low,0
8899,68,Female,Rangpur,Clothing,312.02,11,Mobile,PayPal,TRUE,6,TRUE,3,8,Premium,Low,0
8900,63,Other,Rajshahi,Clothing,349.98,27,Mobile,PayPal,TRUE,3,TRUE,5,7,Free,Medium,1
8901,66,Female,Barisal,Beauty,263.29,14,Tablet,Credit Card,FALSE,8,FALSE,3,13,Trial,Medium,1
8902,66,Female,Rajshahi,Books,90.78,23,Tablet,Debit Card,TRUE,3,TRUE,3,5,Premium,Low,0
8903,68,Male,Dhaka,Electronics,713.8,16,Mobile,Bank Transfer,FALSE,2,TRUE,5,6,Trial,Low,0
8904,30,Other,Barisal,Clothing,402.22,54,Mobile,PayPal,FALSE,4,TRUE,4,2,Free,High,2
8905,69,Male,Rangpur,Toys,538,35,Mobile,Debit Card,FALSE,7,TRUE,1,8,Free,Medium,1
8906,23,Other,Mymensingh,Beauty,103.09,22,Tablet,Debit Card,FALSE,2,TRUE,2,3,Premium,Low,0
8907,44,Female,Chittagong,Toys,8.25,19,Mobile,Cash on Delivery,TRUE,1,TRUE,3,10,Trial,High,2
8908,22,Other,Chittagong,Clothing,463.7,48,Desktop,PayPal,TRUE,5,TRUE,4,7,Premium,High,2
8909,27,Other,Khulna,Sports,292.26,44,Mobile,Debit Card,FALSE,1,FALSE,3,10,Trial,Medium,1
8910,22,Male,Rangpur,Clothing,992.1,6,Mobile,Debit Card,TRUE,6,TRUE,5,10,Trial,Low,0
8911,58,Female,Barisal,Beauty,278.8,34,Tablet,PayPal,TRUE,1,FALSE,2,8,Free,High,2
8912,64,Male,Barisal,Electronics,522.16,6,Mobile,Debit Card,FALSE,7,TRUE,1,9,Trial,Medium,1
8913,26,Male,Rajshahi,Electronics,667.6,53,Mobile,Cash on Delivery,FALSE,5,FALSE,5,13,Trial,Low,0
8914,42,Other,Sylhet,Electronics,235.17,29,Tablet,PayPal,FALSE,3,TRUE,1,1,Free,Low,0
8915,68,Female,Khulna,Sports,214.87,36,Tablet,Credit Card,FALSE,8,FALSE,4,4,Premium,Medium,1
8916,69,Female,Barisal,Toys,727.33,35,Tablet,Cash on Delivery,FALSE,6,TRUE,3,4,Trial,Low,0
8917,37,Male,Khulna,Beauty,585.18,41,Desktop,Cash on Delivery,TRUE,9,TRUE,2,9,Trial,Low,0
8918,55,Male,Mymensingh,Groceries,340.78,40,Desktop,Debit Card,FALSE,9,FALSE,3,1,Trial,Medium,1
8919,59,Other,Khulna,Electronics,702.46,27,Tablet,Bank Transfer,TRUE,7,FALSE,5,5,Free,High,2
8920,26,Other,Rajshahi,Home,197.39,33,Tablet,PayPal,TRUE,7,TRUE,3,6,Free,Medium,1
8921,53,Other,Rangpur,Clothing,49.93,58,Tablet,PayPal,TRUE,5,FALSE,2,11,Free,Low,0
8922,64,Male,Barisal,Electronics,666.79,51,Desktop,Debit Card,TRUE,4,TRUE,4,4,Trial,High,2
8923,61,Male,Khulna,Toys,540.73,45,Tablet,Credit Card,FALSE,8,FALSE,3,13,Trial,High,2
8924,29,Other,Mymensingh,Home,860.71,1,Mobile,Debit Card,FALSE,5,FALSE,2,3,Premium,High,2
8925,36,Other,Chittagong,Electronics,13.13,3,Desktop,PayPal,FALSE,2,TRUE,5,11,Premium,Medium,1
8926,31,Female,Rangpur,Home,130.34,29,Mobile,Cash on Delivery,FALSE,4,FALSE,4,3,Trial,Low,0
8927,49,Female,Dhaka,Toys,231.41,43,Desktop,Credit Card,FALSE,5,TRUE,3,4,Free,Low,0
8928,50,Other,Rajshahi,Clothing,78.77,51,Mobile,Cash on Delivery,FALSE,4,FALSE,5,2,Free,Low,0
8929,27,Male,Mymensingh,Books,212.33,21,Tablet,Credit Card,TRUE,7,TRUE,4,4,Free,Medium,1
8930,26,Other,Sylhet,Clothing,889.42,9,Tablet,Debit Card,FALSE,5,TRUE,3,5,Free,Low,0
8931,38,Female,Khulna,Beauty,119.52,49,Tablet,Cash on Delivery,FALSE,1,FALSE,5,1,Premium,High,2
8932,21,Other,Mymensingh,Sports,539.63,38,Mobile,Debit Card,FALSE,7,TRUE,1,1,Free,Medium,1
8933,57,Male,Mymensingh,Beauty,388.84,16,Desktop,Bank Transfer,FALSE,1,TRUE,5,5,Free,High,2
8934,21,Other,Rangpur,Groceries,737.41,44,Desktop,Bank Transfer,FALSE,2,FALSE,2,5,Trial,Medium,1
8935,44,Male,Chittagong,Home,771.41,31,Tablet,Debit Card,FALSE,3,FALSE,4,11,Trial,High,2
8936,61,Female,Khulna,Books,166.43,33,Desktop,Cash on Delivery,TRUE,9,TRUE,3,3,Free,High,2
8937,59,Other,Sylhet,Electronics,103.64,16,Tablet,Cash on Delivery,FALSE,9,TRUE,1,6,Trial,Medium,1
8938,47,Other,Rajshahi,Clothing,71.77,17,Mobile,Cash on Delivery,TRUE,6,TRUE,1,4,Free,Low,0
8939,63,Female,Khulna,Home,721.56,30,Tablet,Cash on Delivery,TRUE,7,FALSE,2,1,Premium,Low,0
8940,55,Other,Barisal,Books,344.15,25,Desktop,PayPal,FALSE,4,TRUE,1,11,Free,High,2
8941,23,Other,Mymensingh,Toys,215.02,21,Desktop,PayPal,FALSE,2,FALSE,2,8,Free,Medium,1
8942,37,Male,Dhaka,Beauty,464.86,51,Tablet,PayPal,TRUE,6,FALSE,5,7,Premium,Low,0
8943,33,Male,Mymensingh,Beauty,896.67,8,Desktop,PayPal,FALSE,8,FALSE,1,2,Free,Medium,1
8944,57,Male,Barisal,Home,9.3,24,Mobile,Credit Card,FALSE,1,FALSE,4,13,Premium,Low,0
8945,41,Male,Rajshahi,Books,591.87,57,Tablet,Debit Card,TRUE,3,FALSE,3,8,Trial,High,2
8946,39,Female,Rajshahi,Beauty,668.29,4,Desktop,Cash on Delivery,TRUE,5,TRUE,3,12,Free,Medium,1
8947,62,Female,Barisal,Home,689.67,39,Desktop,PayPal,TRUE,4,FALSE,1,6,Premium,High,2
8948,28,Female,Dhaka,Electronics,460.17,49,Tablet,PayPal,FALSE,8,TRUE,5,9,Premium,Medium,1
8949,29,Female,Rangpur,Books,140.44,37,Desktop,Debit Card,TRUE,8,TRUE,4,2,Free,High,2
8950,51,Female,Barisal,Home,499.95,3,Tablet,Debit Card,TRUE,4,TRUE,2,12,Premium,High,2
8951,37,Other,Sylhet,Sports,915.87,50,Mobile,Debit Card,FALSE,4,TRUE,1,9,Trial,Low,0
8952,61,Female,Khulna,Sports,309.76,20,Mobile,Debit Card,FALSE,3,TRUE,1,2,Premium,Low,0
8953,21,Male,Chittagong,Groceries,557.19,44,Desktop,Cash on Delivery,TRUE,6,FALSE,5,11,Premium,Medium,1
8954,29,Male,Barisal,Books,619.32,19,Mobile,Debit Card,TRUE,3,TRUE,4,13,Premium,Medium,1
8955,27,Male,Barisal,Books,794.95,31,Desktop,Debit Card,FALSE,8,FALSE,1,5,Trial,Low,0
8956,41,Male,Dhaka,Clothing,745.7,56,Tablet,Debit Card,FALSE,6,FALSE,1,5,Trial,High,2
8957,56,Other,Chittagong,Books,930.74,22,Mobile,Cash on Delivery,FALSE,4,TRUE,4,10,Free,Medium,1
8958,51,Male,Rangpur,Toys,65.31,35,Tablet,Credit Card,FALSE,3,TRUE,1,13,Free,High,2
8959,58,Other,Dhaka,Groceries,555.05,28,Mobile,Debit Card,TRUE,3,TRUE,1,9,Premium,Low,0
8960,51,Female,Dhaka,Books,212.34,4,Mobile,Cash on Delivery,FALSE,4,TRUE,5,5,Trial,Low,0
8961,64,Female,Mymensingh,Sports,981.81,20,Tablet,Debit Card,TRUE,9,FALSE,2,1,Free,Low,0
8962,26,Female,Khulna,Electronics,730.9,35,Desktop,Bank Transfer,FALSE,5,TRUE,3,6,Free,Medium,1
8963,29,Female,Dhaka,Books,598.65,41,Desktop,Bank Transfer,TRUE,8,TRUE,2,12,Premium,High,2
8964,29,Female,Khulna,Home,817.17,52,Mobile,Cash on Delivery,FALSE,9,FALSE,1,7,Premium,High,2
8965,22,Female,Mymensingh,Clothing,141.08,10,Desktop,Bank Transfer,TRUE,3,FALSE,4,4,Trial,Low,0
8966,20,Other,Mymensingh,Home,892.27,44,Tablet,PayPal,FALSE,7,TRUE,3,9,Trial,Low,0
8967,43,Female,Barisal,Clothing,263.8,40,Tablet,PayPal,FALSE,5,FALSE,1,7,Free,Low,0
8968,68,Male,Khulna,Electronics,630.43,28,Desktop,Credit Card,TRUE,5,FALSE,4,2,Trial,Medium,1
8969,54,Male,Rajshahi,Home,132.88,36,Tablet,Debit Card,TRUE,3,FALSE,5,13,Free,High,2
8970,59,Other,Rangpur,Toys,766.54,28,Mobile,Credit Card,FALSE,2,TRUE,2,7,Free,High,2
8971,43,Male,Mymensingh,Clothing,759.91,50,Tablet,Bank Transfer,FALSE,6,TRUE,3,3,Free,Medium,1
8972,20,Other,Dhaka,Beauty,372.07,34,Tablet,Cash on Delivery,TRUE,3,FALSE,5,5,Premium,High,2
8973,46,Male,Khulna,Beauty,744.06,17,Tablet,Bank Transfer,TRUE,4,TRUE,5,13,Free,Medium,1
8974,60,Other,Dhaka,Sports,976.81,3,Tablet,PayPal,FALSE,9,FALSE,2,12,Premium,High,2
8975,22,Other,Sylhet,Sports,546.5,12,Mobile,Credit Card,TRUE,3,TRUE,1,5,Trial,High,2
8976,41,Female,Rangpur,Electronics,985.22,4,Desktop,Debit Card,FALSE,3,FALSE,5,13,Premium,Low,0
8977,67,Female,Chittagong,Groceries,30.47,13,Mobile,Bank Transfer,TRUE,5,TRUE,1,10,Free,Low,0
8978,61,Other,Sylhet,Electronics,725.35,58,Tablet,Bank Transfer,TRUE,4,FALSE,3,6,Trial,Low,0
8979,46,Male,Barisal,Beauty,532.37,54,Mobile,Credit Card,FALSE,8,TRUE,3,13,Free,Medium,1
8980,41,Male,Rangpur,Books,454.13,24,Tablet,Bank Transfer,FALSE,1,TRUE,3,3,Premium,Medium,1
8981,33,Other,Mymensingh,Home,779.81,54,Tablet,Cash on Delivery,FALSE,8,TRUE,4,11,Free,Low,0
8982,41,Female,Khulna,Beauty,735.42,6,Tablet,Cash on Delivery,FALSE,9,TRUE,4,9,Premium,High,2
8983,48,Male,Barisal,Electronics,367.29,33,Mobile,Cash on Delivery,FALSE,5,TRUE,3,13,Premium,High,2
8984,22,Female,Rajshahi,Sports,194.28,8,Mobile,Bank Transfer,TRUE,2,FALSE,1,10,Premium,Medium,1
8985,44,Female,Barisal,Clothing,522.64,20,Tablet,Debit Card,FALSE,5,TRUE,2,7,Trial,Medium,1
8986,51,Other,Dhaka,Toys,561.73,35,Tablet,Cash on Delivery,FALSE,3,FALSE,4,1,Free,High,2
8987,68,Male,Rangpur,Beauty,217.49,13,Desktop,Debit Card,FALSE,3,FALSE,5,10,Trial,Low,0
8988,64,Male,Rangpur,Groceries,857.15,11,Mobile,Credit Card,TRUE,9,FALSE,4,2,Trial,Low,0
8989,22,Male,Sylhet,Clothing,448.09,45,Mobile,Bank Transfer,FALSE,1,FALSE,3,3,Free,Low,0
8990,31,Male,Rangpur,Electronics,734.09,4,Mobile,PayPal,FALSE,6,TRUE,4,9,Premium,High,2
8991,24,Other,Chittagong,Sports,926.68,28,Desktop,Cash on Delivery,FALSE,4,FALSE,4,5,Trial,High,2
8992,54,Other,Mymensingh,Sports,400.52,52,Tablet,Cash on Delivery,FALSE,5,FALSE,2,8,Premium,Low,0
8993,60,Other,Khulna,Toys,24.97,39,Tablet,PayPal,TRUE,5,FALSE,4,8,Premium,Low,0
8994,24,Male,Barisal,Toys,859.4,58,Desktop,Debit Card,FALSE,2,TRUE,4,7,Trial,Low,0
8995,54,Male,Barisal,Sports,858.71,8,Mobile,Credit Card,TRUE,7,FALSE,4,3,Premium,High,2
8996,50,Male,Barisal,Clothing,258.93,15,Mobile,Cash on Delivery,TRUE,3,TRUE,3,6,Free,Medium,1
8997,51,Male,Khulna,Toys,450.19,21,Desktop,Debit Card,TRUE,4,TRUE,3,6,Free,Medium,1
8998,46,Other,Chittagong,Home,76.33,26,Mobile,PayPal,TRUE,6,TRUE,1,3,Premium,Medium,1
8999,51,Female,Rangpur,Electronics,806.41,51,Tablet,PayPal,FALSE,5,FALSE,2,4,Trial,High,2
9000,29,Male,Chittagong,Groceries,557.73,43,Desktop,Credit Card,FALSE,6,TRUE,5,12,Free,Low,0
9001,64,Female,Sylhet,Beauty,126.67,9,Desktop,Cash on Delivery,TRUE,7,FALSE,5,6,Free,Low,0
9002,44,Female,Rangpur,Clothing,508.85,28,Mobile,Bank Transfer,FALSE,7,TRUE,3,7,Free,Medium,1
9003,63,Other,Mymensingh,Sports,469.58,58,Desktop,Debit Card,FALSE,6,TRUE,5,6,Free,Medium,1
9004,49,Other,Khulna,Toys,402.22,24,Desktop,Credit Card,FALSE,8,FALSE,2,12,Premium,Low,0
9005,29,Female,Mymensingh,Groceries,457.7,18,Mobile,Cash on Delivery,TRUE,7,FALSE,4,9,Free,Medium,1
9006,61,Female,Chittagong,Books,460.84,19,Desktop,Cash on Delivery,FALSE,8,FALSE,4,13,Premium,Low,0
9007,43,Other,Mymensingh,Toys,82.56,1,Mobile,PayPal,TRUE,8,FALSE,5,7,Premium,Low,0
9008,26,Other,Mymensingh,Electronics,864.03,59,Desktop,Cash on Delivery,TRUE,6,FALSE,1,6,Free,High,2
9009,67,Other,Chittagong,Clothing,415.84,43,Mobile,PayPal,TRUE,6,TRUE,3,2,Trial,Medium,1
9010,40,Other,Dhaka,Toys,184.26,32,Mobile,Credit Card,FALSE,1,TRUE,2,10,Free,Low,0
9011,21,Other,Chittagong,Toys,357.37,15,Desktop,Bank Transfer,FALSE,6,TRUE,1,8,Premium,Low,0
9012,49,Male,Chittagong,Sports,970.46,58,Desktop,Cash on Delivery,FALSE,7,FALSE,3,5,Free,High,2
9013,64,Male,Rajshahi,Books,22.08,42,Tablet,Debit Card,FALSE,1,FALSE,3,3,Trial,Low,0
9014,22,Male,Dhaka,Books,675.13,50,Mobile,Cash on Delivery,FALSE,5,FALSE,2,1,Free,Medium,1
9015,41,Other,Mymensingh,Sports,22.68,20,Mobile,Debit Card,TRUE,1,TRUE,5,6,Trial,High,2
9016,24,Other,Mymensingh,Sports,338.63,57,Tablet,Debit Card,TRUE,4,TRUE,5,12,Free,High,2
9017,21,Male,Sylhet,Groceries,701.32,36,Mobile,Bank Transfer,FALSE,6,FALSE,1,6,Premium,High,2
9018,34,Male,Sylhet,Books,619.89,53,Mobile,Credit Card,TRUE,1,FALSE,3,4,Trial,Medium,1
9019,28,Other,Khulna,Electronics,269.18,58,Mobile,Cash on Delivery,FALSE,4,TRUE,5,8,Free,Low,0
9020,40,Male,Sylhet,Books,642.4,14,Tablet,Bank Transfer,FALSE,8,FALSE,2,3,Free,Medium,1
9021,57,Other,Rajshahi,Electronics,27.78,38,Tablet,Debit Card,TRUE,4,TRUE,3,4,Premium,High,2
9022,24,Male,Mymensingh,Beauty,818.34,46,Mobile,Bank Transfer,FALSE,6,TRUE,4,3,Free,Low,0
9023,44,Female,Rajshahi,Electronics,617.9,20,Desktop,PayPal,TRUE,5,TRUE,5,1,Premium,Medium,1
9024,58,Female,Rangpur,Sports,470.19,24,Desktop,Debit Card,TRUE,3,FALSE,2,3,Trial,High,2
9025,21,Male,Rangpur,Books,186.4,21,Tablet,PayPal,FALSE,1,TRUE,5,6,Free,High,2
9026,64,Male,Khulna,Clothing,780.69,49,Tablet,Credit Card,TRUE,3,FALSE,4,6,Premium,Medium,1
9027,58,Male,Mymensingh,Beauty,978.25,53,Tablet,Credit Card,FALSE,2,FALSE,2,1,Trial,Low,0
9028,62,Male,Mymensingh,Toys,96.08,56,Tablet,PayPal,FALSE,7,TRUE,1,9,Trial,Low,0
9029,55,Other,Chittagong,Clothing,352.01,55,Tablet,Credit Card,FALSE,3,TRUE,5,5,Trial,Low,0
9030,63,Male,Khulna,Sports,63.73,45,Desktop,Bank Transfer,FALSE,3,TRUE,3,3,Premium,Low,0
9031,40,Other,Sylhet,Beauty,394.3,54,Desktop,Bank Transfer,TRUE,4,TRUE,5,11,Free,Medium,1
9032,38,Male,Chittagong,Home,889.19,7,Tablet,Cash on Delivery,TRUE,9,FALSE,3,5,Trial,Medium,1
9033,36,Male,Khulna,Home,141.28,19,Tablet,PayPal,FALSE,4,FALSE,1,3,Free,Medium,1
9034,33,Male,Dhaka,Groceries,554.37,44,Desktop,Bank Transfer,FALSE,7,TRUE,4,6,Premium,Low,0
9035,54,Female,Barisal,Sports,7.43,21,Mobile,Debit Card,TRUE,6,FALSE,2,13,Premium,High,2
9036,47,Female,Barisal,Home,631.73,50,Desktop,Cash on Delivery,TRUE,3,FALSE,5,3,Free,Medium,1
9037,41,Female,Mymensingh,Toys,328.91,49,Desktop,Credit Card,FALSE,9,FALSE,1,2,Trial,High,2
9038,33,Other,Khulna,Toys,72.81,34,Tablet,Credit Card,TRUE,1,FALSE,5,3,Trial,High,2
9039,21,Other,Dhaka,Clothing,955.73,57,Desktop,Credit Card,FALSE,4,TRUE,2,12,Free,Low,0
9040,52,Other,Mymensingh,Beauty,392,53,Mobile,Credit Card,TRUE,2,FALSE,2,4,Premium,High,2
9041,55,Other,Khulna,Books,766.69,12,Tablet,Debit Card,FALSE,5,FALSE,3,2,Premium,Medium,1
9042,63,Male,Barisal,Books,892.43,9,Mobile,PayPal,TRUE,5,TRUE,4,10,Trial,Medium,1
9043,55,Female,Chittagong,Toys,835.73,28,Desktop,Credit Card,FALSE,3,FALSE,1,11,Free,Medium,1
9044,32,Female,Mymensingh,Toys,618.45,4,Mobile,Bank Transfer,FALSE,1,FALSE,2,6,Premium,Low,0
9045,50,Other,Sylhet,Groceries,489.18,59,Desktop,Credit Card,TRUE,5,TRUE,1,7,Free,Low,0
9046,43,Female,Dhaka,Home,416.22,1,Tablet,PayPal,TRUE,1,FALSE,2,9,Free,Medium,1
9047,66,Male,Sylhet,Groceries,103.75,31,Tablet,Credit Card,FALSE,5,TRUE,4,5,Free,High,2
9048,35,Other,Barisal,Groceries,988.66,8,Tablet,PayPal,TRUE,7,FALSE,5,12,Free,Medium,1
9049,31,Female,Rajshahi,Books,174.31,41,Desktop,Credit Card,FALSE,9,FALSE,5,8,Premium,High,2
9050,42,Other,Rajshahi,Sports,454.37,15,Desktop,Bank Transfer,TRUE,2,FALSE,4,5,Free,Medium,1
9051,66,Female,Barisal,Home,524.65,37,Tablet,Bank Transfer,FALSE,7,TRUE,2,8,Trial,High,2
9052,62,Female,Rangpur,Groceries,906.89,28,Tablet,PayPal,FALSE,3,FALSE,1,9,Premium,Low,0
9053,39,Female,Khulna,Groceries,248.14,45,Tablet,Debit Card,FALSE,7,TRUE,1,2,Free,Low,0
9054,22,Other,Mymensingh,Sports,528.38,6,Desktop,Bank Transfer,FALSE,5,TRUE,3,11,Trial,High,2
9055,66,Female,Rajshahi,Groceries,781.3,29,Desktop,Cash on Delivery,FALSE,6,FALSE,4,2,Premium,High,2
9056,59,Female,Rangpur,Clothing,78.85,16,Desktop,Cash on Delivery,TRUE,9,FALSE,1,11,Trial,Medium,1
9057,40,Female,Rangpur,Books,704.08,1,Tablet,Cash on Delivery,TRUE,1,FALSE,5,4,Premium,High,2
9058,53,Other,Barisal,Toys,955.91,49,Mobile,Bank Transfer,TRUE,1,TRUE,2,2,Trial,Low,0
9059,42,Female,Sylhet,Electronics,464,50,Mobile,Credit Card,TRUE,2,FALSE,5,12,Free,High,2
9060,49,Female,Chittagong,Books,703.8,26,Mobile,PayPal,FALSE,6,FALSE,2,3,Premium,Low,0
9061,26,Female,Sylhet,Home,60.95,20,Desktop,Cash on Delivery,FALSE,6,FALSE,3,3,Free,Medium,1
9062,69,Male,Rajshahi,Electronics,845.91,42,Desktop,Bank Transfer,TRUE,5,TRUE,2,7,Free,Low,0
9063,35,Female,Rangpur,Sports,912.53,6,Desktop,Cash on Delivery,FALSE,3,TRUE,2,6,Premium,Medium,1
9064,51,Female,Dhaka,Home,806.89,10,Tablet,Bank Transfer,TRUE,8,FALSE,3,7,Trial,Medium,1
9065,32,Other,Chittagong,Electronics,211.44,13,Mobile,Credit Card,FALSE,9,TRUE,1,3,Free,High,2
9066,59,Female,Barisal,Clothing,347.42,25,Tablet,Credit Card,FALSE,6,TRUE,5,6,Trial,High,2
9067,23,Male,Sylhet,Sports,578.22,6,Desktop,Bank Transfer,FALSE,7,TRUE,1,4,Premium,Medium,1
9068,54,Male,Mymensingh,Sports,163.25,37,Mobile,Cash on Delivery,TRUE,1,TRUE,4,11,Free,Medium,1
9069,27,Other,Khulna,Beauty,878.83,36,Mobile,Credit Card,FALSE,4,TRUE,1,2,Trial,High,2
9070,59,Male,Barisal,Toys,500.49,34,Desktop,Bank Transfer,FALSE,9,TRUE,1,13,Free,Medium,1
9071,69,Female,Dhaka,Books,777.17,32,Tablet,Credit Card,TRUE,1,TRUE,5,2,Free,High,2
9072,19,Female,Barisal,Groceries,493.14,53,Mobile,Cash on Delivery,TRUE,6,TRUE,5,8,Free,High,2
9073,38,Male,Barisal,Beauty,68.62,2,Desktop,Bank Transfer,TRUE,9,TRUE,1,3,Free,High,2
9074,37,Male,Mymensingh,Home,348.89,4,Tablet,PayPal,FALSE,7,FALSE,1,13,Free,Low,0
9075,19,Male,Mymensingh,Books,842.46,34,Mobile,Bank Transfer,TRUE,7,TRUE,4,9,Free,Medium,1
9076,19,Female,Dhaka,Books,690.36,6,Mobile,Credit Card,TRUE,2,FALSE,2,2,Free,High,2
9077,68,Male,Barisal,Electronics,420.32,39,Tablet,Cash on Delivery,FALSE,6,FALSE,5,5,Trial,Medium,1
9078,36,Female,Chittagong,Books,382.78,27,Tablet,Bank Transfer,FALSE,7,FALSE,3,3,Trial,High,2
9079,28,Male,Rangpur,Beauty,920.31,39,Desktop,Bank Transfer,FALSE,8,FALSE,1,3,Trial,Medium,1
9080,57,Male,Dhaka,Toys,121.61,8,Mobile,Credit Card,TRUE,5,TRUE,4,11,Free,Low,0
9081,19,Male,Khulna,Home,466.44,3,Tablet,Bank Transfer,TRUE,8,FALSE,4,5,Trial,Medium,1
9082,33,Female,Rajshahi,Clothing,850.75,37,Tablet,Cash on Delivery,TRUE,8,TRUE,2,4,Free,High,2
9083,49,Other,Chittagong,Toys,597.05,47,Tablet,Debit Card,TRUE,4,FALSE,4,10,Trial,High,2
9084,65,Other,Rangpur,Home,201.5,46,Mobile,PayPal,FALSE,6,TRUE,2,11,Free,Medium,1
9085,50,Other,Barisal,Beauty,179.98,9,Desktop,Credit Card,FALSE,8,FALSE,5,4,Free,High,2
9086,56,Female,Barisal,Toys,959.54,55,Mobile,Credit Card,TRUE,3,TRUE,4,4,Trial,High,2
9087,60,Female,Khulna,Toys,620.54,9,Desktop,Cash on Delivery,TRUE,9,TRUE,2,8,Premium,High,2
9088,53,Female,Sylhet,Groceries,30.17,30,Tablet,Bank Transfer,FALSE,8,TRUE,3,4,Premium,Medium,1
9089,43,Male,Mymensingh,Toys,546.87,36,Tablet,Debit Card,TRUE,2,TRUE,3,8,Trial,Low,0
9090,36,Other,Rangpur,Groceries,608.16,15,Mobile,PayPal,TRUE,6,TRUE,4,3,Free,Low,0
9091,27,Male,Barisal,Home,960,41,Desktop,PayPal,TRUE,1,FALSE,2,10,Trial,Low,0
9092,29,Male,Chittagong,Groceries,725.55,27,Desktop,Debit Card,FALSE,9,FALSE,3,4,Free,Low,0
9093,26,Other,Chittagong,Books,842.06,25,Mobile,PayPal,FALSE,3,TRUE,1,10,Premium,High,2
9094,49,Male,Sylhet,Beauty,113.93,16,Desktop,Credit Card,TRUE,9,FALSE,4,1,Premium,Medium,1
9095,48,Male,Chittagong,Books,802.28,46,Mobile,Debit Card,TRUE,2,FALSE,4,13,Premium,Low,0
9096,60,Other,Rangpur,Electronics,709.3,53,Mobile,Bank Transfer,FALSE,9,FALSE,2,9,Premium,Medium,1
9097,38,Female,Chittagong,Clothing,399.07,20,Mobile,Cash on Delivery,TRUE,2,FALSE,1,3,Premium,Medium,1
9098,20,Other,Chittagong,Home,735.79,36,Desktop,Debit Card,TRUE,2,TRUE,2,3,Trial,High,2
9099,51,Female,Barisal,Home,149.65,27,Tablet,Bank Transfer,TRUE,6,TRUE,2,7,Premium,High,2
9100,56,Female,Rangpur,Toys,159.39,34,Tablet,Bank Transfer,TRUE,3,FALSE,1,4,Free,Medium,1
9101,36,Male,Chittagong,Home,793.57,25,Mobile,Credit Card,FALSE,8,TRUE,5,7,Premium,Low,0
9102,29,Female,Barisal,Home,584.59,30,Mobile,Credit Card,FALSE,3,TRUE,5,3,Free,Low,0
9103,48,Female,Dhaka,Sports,573.21,12,Desktop,PayPal,FALSE,1,FALSE,1,13,Premium,Medium,1
9104,22,Female,Khulna,Clothing,7.1,1,Mobile,PayPal,TRUE,3,TRUE,2,11,Premium,High,2
9105,60,Other,Rangpur,Groceries,968.03,28,Tablet,Debit Card,FALSE,5,TRUE,5,6,Premium,High,2
9106,66,Female,Rajshahi,Electronics,882.67,38,Desktop,Bank Transfer,FALSE,8,TRUE,3,8,Premium,Medium,1
9107,50,Female,Barisal,Home,963.2,36,Tablet,Debit Card,TRUE,2,TRUE,4,9,Free,High,2
9108,65,Female,Rangpur,Groceries,150.16,42,Desktop,Cash on Delivery,TRUE,6,TRUE,3,11,Free,High,2
9109,56,Other,Mymensingh,Beauty,143.99,33,Desktop,Credit Card,TRUE,3,FALSE,5,10,Trial,Medium,1
9110,62,Other,Khulna,Home,618.88,19,Mobile,Cash on Delivery,FALSE,9,TRUE,1,12,Trial,High,2
9111,63,Other,Rajshahi,Electronics,188.6,45,Mobile,Credit Card,FALSE,6,FALSE,5,9,Free,Medium,1
9112,35,Male,Rajshahi,Sports,107.43,42,Tablet,Cash on Delivery,FALSE,1,FALSE,5,6,Premium,Low,0
9113,66,Male,Sylhet,Sports,75.03,9,Mobile,Bank Transfer,FALSE,6,FALSE,4,12,Premium,High,2
9114,67,Male,Khulna,Groceries,318.44,17,Mobile,Bank Transfer,FALSE,7,TRUE,5,10,Free,Medium,1
9115,55,Male,Mymensingh,Sports,317.22,20,Desktop,PayPal,TRUE,5,TRUE,3,4,Trial,Low,0
9116,61,Female,Rajshahi,Books,408.86,26,Desktop,Bank Transfer,TRUE,4,FALSE,3,11,Premium,High,2
9117,31,Female,Khulna,Home,607.58,19,Mobile,Credit Card,FALSE,8,FALSE,5,1,Free,High,2
9118,68,Female,Sylhet,Clothing,447.21,56,Desktop,Credit Card,TRUE,6,FALSE,4,10,Premium,Medium,1
9119,67,Male,Khulna,Groceries,62.32,14,Tablet,Bank Transfer,TRUE,8,TRUE,2,2,Premium,Medium,1
9120,26,Female,Khulna,Home,204.16,31,Tablet,PayPal,FALSE,5,FALSE,1,4,Free,Low,0
9121,42,Female,Mymensingh,Groceries,950.22,44,Tablet,Credit Card,FALSE,7,FALSE,4,6,Premium,High,2
9122,61,Female,Barisal,Electronics,621.99,46,Tablet,Bank Transfer,TRUE,1,FALSE,5,8,Free,Medium,1
9123,40,Male,Rajshahi,Home,83.6,33,Tablet,Credit Card,TRUE,6,FALSE,4,3,Free,High,2
9124,51,Female,Dhaka,Toys,673.59,46,Tablet,Bank Transfer,TRUE,6,TRUE,4,2,Trial,High,2
9125,57,Other,Barisal,Beauty,47.87,31,Desktop,Cash on Delivery,FALSE,3,FALSE,3,10,Trial,Medium,1
9126,60,Other,Khulna,Home,599.35,20,Desktop,Credit Card,FALSE,4,FALSE,2,11,Free,Low,0
9127,69,Female,Dhaka,Clothing,72.58,26,Mobile,Credit Card,TRUE,3,FALSE,1,3,Premium,Medium,1
9128,50,Other,Mymensingh,Home,387.05,27,Tablet,Cash on Delivery,FALSE,2,TRUE,4,5,Free,Medium,1
9129,50,Other,Dhaka,Books,745.87,45,Desktop,Debit Card,FALSE,4,FALSE,4,9,Free,Medium,1
9130,31,Other,Sylhet,Electronics,340.96,7,Desktop,Debit Card,TRUE,4,TRUE,4,12,Trial,High,2
9131,39,Female,Khulna,Clothing,293.51,6,Desktop,Credit Card,FALSE,5,FALSE,4,13,Trial,High,2
9132,65,Female,Chittagong,Beauty,96.06,36,Mobile,Cash on Delivery,FALSE,5,TRUE,3,3,Premium,Low,0
9133,33,Other,Dhaka,Clothing,234.1,44,Tablet,Cash on Delivery,FALSE,3,TRUE,2,12,Trial,High,2
9134,47,Female,Barisal,Beauty,311.65,13,Tablet,Cash on Delivery,FALSE,9,FALSE,4,10,Trial,Medium,1
9135,23,Female,Mymensingh,Toys,455.78,32,Mobile,Bank Transfer,TRUE,1,TRUE,5,7,Trial,High,2
9136,63,Other,Khulna,Electronics,435.86,2,Tablet,PayPal,FALSE,1,TRUE,4,9,Premium,Low,0
9137,69,Other,Sylhet,Electronics,548.37,39,Tablet,PayPal,FALSE,6,FALSE,3,13,Free,Medium,1
9138,27,Male,Rangpur,Electronics,681.6,21,Mobile,PayPal,TRUE,6,FALSE,1,11,Free,Medium,1
9139,48,Female,Dhaka,Toys,785.85,41,Mobile,PayPal,TRUE,1,FALSE,2,3,Premium,Medium,1
9140,67,Female,Chittagong,Home,736.3,32,Tablet,Credit Card,TRUE,2,FALSE,5,11,Trial,Medium,1
9141,69,Male,Sylhet,Clothing,114.21,50,Tablet,Debit Card,FALSE,6,FALSE,1,4,Trial,High,2
9142,66,Male,Rajshahi,Books,503.17,17,Tablet,PayPal,FALSE,4,TRUE,5,1,Free,Low,0
9143,68,Other,Mymensingh,Books,32.75,6,Mobile,PayPal,TRUE,9,TRUE,5,7,Trial,Low,0
9144,60,Male,Rangpur,Electronics,41.65,14,Desktop,Debit Card,FALSE,2,TRUE,1,7,Free,Low,0
9145,22,Female,Rangpur,Beauty,573.9,46,Tablet,Cash on Delivery,FALSE,1,TRUE,5,11,Trial,High,2
9146,30,Male,Dhaka,Sports,719.13,53,Mobile,Debit Card,FALSE,6,FALSE,3,10,Premium,Low,0
9147,46,Other,Khulna,Books,721.46,35,Desktop,Bank Transfer,TRUE,2,FALSE,4,8,Free,High,2
9148,22,Male,Sylhet,Electronics,941.13,5,Tablet,Cash on Delivery,FALSE,6,FALSE,2,5,Premium,High,2
9149,44,Male,Rangpur,Beauty,250.59,59,Mobile,Credit Card,FALSE,4,TRUE,2,11,Free,Medium,1
9150,25,Male,Chittagong,Beauty,827.73,37,Tablet,Debit Card,TRUE,9,FALSE,5,12,Free,High,2
9151,54,Male,Chittagong,Books,738.96,6,Desktop,PayPal,FALSE,5,TRUE,4,12,Premium,Medium,1
9152,21,Other,Mymensingh,Clothing,967.9,52,Tablet,PayPal,FALSE,3,TRUE,1,8,Trial,Low,0
9153,65,Other,Chittagong,Toys,891.47,56,Tablet,Cash on Delivery,TRUE,5,TRUE,2,4,Free,Medium,1
9154,40,Male,Sylhet,Toys,921.85,45,Mobile,Credit Card,FALSE,3,FALSE,3,6,Free,Low,0
9155,34,Female,Rajshahi,Clothing,12.26,56,Tablet,Bank Transfer,TRUE,2,TRUE,3,13,Trial,Medium,1
9156,51,Other,Rangpur,Sports,653.3,17,Desktop,PayPal,FALSE,2,FALSE,5,2,Premium,Medium,1
9157,30,Other,Rajshahi,Books,709.25,4,Tablet,Bank Transfer,FALSE,5,FALSE,2,13,Premium,High,2
9158,44,Male,Chittagong,Sports,999.24,27,Desktop,PayPal,FALSE,5,FALSE,3,9,Trial,High,2
9159,22,Female,Sylhet,Home,989.53,6,Tablet,Credit Card,FALSE,8,TRUE,4,13,Premium,Low,0
9160,43,Other,Barisal,Sports,329.38,43,Mobile,PayPal,FALSE,4,TRUE,3,9,Free,High,2
9161,51,Other,Barisal,Sports,605.23,26,Mobile,PayPal,TRUE,7,FALSE,4,3,Free,Medium,1
9162,61,Female,Khulna,Toys,573.25,38,Tablet,PayPal,FALSE,5,TRUE,2,2,Free,Low,0
9163,38,Male,Dhaka,Sports,182.53,58,Mobile,Credit Card,FALSE,7,TRUE,5,12,Premium,Low,0
9164,67,Other,Khulna,Groceries,898.2,52,Mobile,Cash on Delivery,TRUE,4,FALSE,3,7,Trial,High,2
9165,48,Female,Mymensingh,Home,15.49,21,Mobile,Cash on Delivery,FALSE,4,FALSE,3,3,Premium,High,2
9166,69,Female,Sylhet,Sports,155.51,17,Mobile,Credit Card,TRUE,9,TRUE,1,1,Free,High,2
9167,67,Other,Mymensingh,Home,180.7,10,Mobile,PayPal,FALSE,2,TRUE,1,7,Free,Medium,1
9168,22,Male,Chittagong,Beauty,13.87,21,Mobile,Bank Transfer,TRUE,5,TRUE,4,7,Trial,Medium,1
9169,50,Female,Barisal,Toys,514.37,32,Tablet,PayPal,FALSE,5,FALSE,2,8,Premium,Low,0
9170,45,Other,Rajshahi,Clothing,761.18,38,Mobile,Debit Card,FALSE,7,FALSE,1,9,Trial,Medium,1
9171,42,Other,Sylhet,Home,645.67,31,Tablet,Cash on Delivery,TRUE,1,FALSE,2,10,Trial,Medium,1
9172,67,Male,Mymensingh,Books,865.59,14,Tablet,PayPal,FALSE,5,FALSE,1,1,Trial,Medium,1
9173,35,Other,Sylhet,Electronics,781.58,28,Tablet,Bank Transfer,FALSE,6,FALSE,3,13,Trial,High,2
9174,26,Female,Rajshahi,Beauty,823.15,55,Tablet,Credit Card,TRUE,6,TRUE,1,7,Free,High,2
9175,19,Female,Khulna,Sports,236.86,55,Mobile,PayPal,TRUE,6,TRUE,2,12,Premium,Low,0
9176,18,Other,Rajshahi,Groceries,782.82,26,Mobile,Cash on Delivery,FALSE,5,TRUE,4,8,Free,Low,0
9177,52,Female,Khulna,Sports,893.56,51,Tablet,Cash on Delivery,TRUE,6,FALSE,5,2,Premium,Medium,1
9178,47,Female,Sylhet,Home,485.42,5,Tablet,Cash on Delivery,TRUE,7,TRUE,3,7,Trial,High,2
9179,37,Male,Rajshahi,Groceries,300.39,32,Desktop,Debit Card,TRUE,7,TRUE,1,4,Premium,Low,0
9180,44,Male,Barisal,Beauty,283.84,28,Desktop,Cash on Delivery,FALSE,3,FALSE,5,13,Trial,Medium,1
9181,18,Male,Chittagong,Home,945.83,12,Mobile,Bank Transfer,TRUE,7,TRUE,1,6,Premium,Low,0
9182,51,Other,Khulna,Sports,57.57,14,Mobile,Credit Card,FALSE,3,TRUE,5,13,Free,Low,0
9183,26,Other,Chittagong,Books,965.12,7,Tablet,PayPal,FALSE,3,TRUE,1,9,Premium,Medium,1
9184,38,Other,Rajshahi,Sports,496.03,29,Desktop,Bank Transfer,FALSE,8,TRUE,4,6,Trial,High,2
9185,28,Female,Sylhet,Home,487.39,59,Tablet,Bank Transfer,FALSE,5,FALSE,4,8,Free,Medium,1
9186,18,Other,Barisal,Groceries,287.98,6,Mobile,Bank Transfer,TRUE,4,TRUE,5,10,Trial,Low,0
9187,19,Female,Chittagong,Books,995.79,57,Mobile,Cash on Delivery,FALSE,2,FALSE,1,6,Trial,High,2
9188,66,Other,Mymensingh,Sports,801.48,4,Tablet,Bank Transfer,FALSE,3,TRUE,3,6,Trial,Low,0
9189,68,Female,Barisal,Home,822.24,31,Tablet,Bank Transfer,FALSE,4,TRUE,2,1,Trial,High,2
9190,35,Male,Dhaka,Electronics,330.01,30,Mobile,Cash on Delivery,FALSE,7,TRUE,2,3,Premium,Medium,1
9191,66,Male,Dhaka,Beauty,609.95,34,Desktop,Cash on Delivery,TRUE,5,TRUE,2,10,Premium,Low,0
9192,68,Male,Chittagong,Toys,366.88,30,Desktop,Debit Card,TRUE,3,FALSE,2,1,Free,Low,0
9193,59,Male,Dhaka,Toys,343.16,37,Desktop,Cash on Delivery,FALSE,8,TRUE,5,5,Premium,Low,0
9194,55,Male,Barisal,Beauty,241.69,11,Tablet,Credit Card,FALSE,2,FALSE,4,6,Free,Low,0
9195,53,Male,Barisal,Groceries,47.3,6,Mobile,Bank Transfer,FALSE,4,TRUE,3,4,Trial,Low,0
9196,41,Other,Barisal,Sports,769.66,58,Desktop,PayPal,FALSE,8,TRUE,4,12,Premium,Low,0
9197,49,Other,Sylhet,Clothing,157.12,5,Mobile,Credit Card,FALSE,2,FALSE,3,2,Free,Low,0
9198,36,Female,Chittagong,Home,494.31,53,Mobile,Debit Card,TRUE,5,FALSE,2,2,Premium,Low,0
9199,40,Male,Chittagong,Toys,122,31,Tablet,Cash on Delivery,TRUE,1,TRUE,5,10,Trial,Medium,1
9200,43,Male,Mymensingh,Books,144.37,56,Tablet,Debit Card,TRUE,1,TRUE,2,13,Premium,Medium,1
9201,43,Male,Rajshahi,Sports,835.81,46,Tablet,PayPal,FALSE,7,TRUE,3,5,Free,High,2
9202,63,Male,Rangpur,Toys,900.83,59,Desktop,Cash on Delivery,FALSE,1,TRUE,4,11,Trial,Low,0
9203,43,Other,Dhaka,Beauty,226.93,5,Mobile,PayPal,TRUE,3,TRUE,2,1,Free,Medium,1
9204,30,Female,Rajshahi,Sports,82.73,51,Mobile,Debit Card,FALSE,2,TRUE,3,10,Trial,High,2
9205,28,Female,Chittagong,Groceries,944.5,5,Tablet,Credit Card,TRUE,7,FALSE,1,2,Free,High,2
9206,18,Male,Dhaka,Sports,317.47,12,Mobile,Bank Transfer,FALSE,5,TRUE,4,11,Trial,High,2
9207,35,Female,Chittagong,Electronics,498.8,6,Desktop,Cash on Delivery,FALSE,1,FALSE,3,8,Premium,High,2
9208,20,Female,Rajshahi,Toys,201.58,14,Tablet,Credit Card,FALSE,3,TRUE,3,3,Trial,Low,0
9209,61,Female,Sylhet,Books,626.02,32,Mobile,Cash on Delivery,TRUE,6,FALSE,1,13,Trial,High,2
9210,55,Other,Khulna,Groceries,802.66,32,Tablet,PayPal,FALSE,2,FALSE,5,4,Premium,Low,0
9211,19,Male,Barisal,Electronics,926.14,47,Desktop,Bank Transfer,FALSE,4,TRUE,2,1,Free,High,2
9212,59,Male,Mymensingh,Books,423.87,37,Mobile,PayPal,TRUE,6,FALSE,3,10,Free,High,2
9213,29,Male,Chittagong,Clothing,723.15,27,Desktop,Cash on Delivery,FALSE,8,FALSE,5,3,Free,High,2
9214,48,Male,Dhaka,Beauty,886.57,17,Desktop,Debit Card,TRUE,2,TRUE,3,2,Trial,Low,0
9215,45,Female,Dhaka,Home,902.29,19,Mobile,Bank Transfer,FALSE,3,FALSE,2,5,Free,Medium,1
9216,39,Other,Rangpur,Books,409.92,39,Tablet,Bank Transfer,TRUE,6,FALSE,4,2,Free,High,2
9217,23,Female,Mymensingh,Home,188.62,50,Desktop,Cash on Delivery,TRUE,7,TRUE,3,2,Premium,Low,0
9218,64,Other,Chittagong,Home,562.98,55,Tablet,PayPal,FALSE,2,FALSE,4,11,Trial,High,2
9219,47,Other,Barisal,Electronics,915.94,35,Mobile,Credit Card,TRUE,1,FALSE,5,3,Trial,Low,0
9220,29,Other,Dhaka,Home,229.62,9,Desktop,Debit Card,FALSE,4,FALSE,5,13,Premium,Medium,1
9221,37,Male,Dhaka,Groceries,318.93,35,Tablet,Bank Transfer,TRUE,6,FALSE,4,13,Premium,High,2
9222,28,Other,Rangpur,Home,805.22,58,Mobile,Debit Card,TRUE,2,TRUE,1,13,Premium,Low,0
9223,51,Female,Rangpur,Beauty,494.33,20,Mobile,Cash on Delivery,FALSE,8,TRUE,1,7,Premium,Low,0
9224,35,Male,Sylhet,Sports,94.71,2,Tablet,Debit Card,TRUE,8,FALSE,3,1,Premium,Low,0
9225,20,Male,Mymensingh,Books,446.23,40,Tablet,Cash on Delivery,TRUE,5,TRUE,5,12,Trial,Medium,1
9226,55,Other,Barisal,Toys,865.17,19,Tablet,Debit Card,FALSE,8,FALSE,5,4,Trial,Low,0
9227,67,Male,Barisal,Toys,141.88,29,Mobile,PayPal,TRUE,9,FALSE,4,2,Premium,Low,0
9228,60,Other,Rangpur,Clothing,271.87,49,Tablet,Credit Card,TRUE,7,TRUE,3,1,Premium,Low,0
9229,41,Male,Chittagong,Books,739.43,32,Tablet,Debit Card,FALSE,8,FALSE,3,3,Free,Low,0
9230,28,Male,Rangpur,Groceries,839.52,24,Desktop,Bank Transfer,TRUE,1,FALSE,4,11,Trial,Low,0
9231,68,Other,Rajshahi,Toys,519.3,47,Desktop,Debit Card,TRUE,9,FALSE,5,11,Free,High,2
9232,53,Female,Rangpur,Sports,897.18,19,Tablet,Cash on Delivery,FALSE,9,FALSE,1,11,Free,Low,0
9233,68,Male,Khulna,Groceries,997.13,27,Mobile,Bank Transfer,FALSE,3,FALSE,3,9,Free,Low,0
9234,28,Other,Barisal,Clothing,23.66,36,Desktop,Bank Transfer,FALSE,5,TRUE,5,13,Trial,High,2
9235,67,Female,Barisal,Electronics,826.36,59,Desktop,Cash on Delivery,TRUE,6,FALSE,1,3,Trial,Low,0
9236,21,Female,Dhaka,Books,258.07,9,Desktop,Credit Card,FALSE,1,TRUE,5,3,Trial,High,2
9237,60,Male,Rajshahi,Beauty,404.69,42,Tablet,Bank Transfer,FALSE,5,TRUE,3,10,Premium,Low,0
9238,37,Female,Dhaka,Electronics,86.13,30,Mobile,Bank Transfer,TRUE,3,TRUE,2,9,Trial,Low,0
9239,59,Female,Mymensingh,Electronics,398.42,12,Desktop,PayPal,FALSE,3,TRUE,3,7,Trial,Low,0
9240,23,Male,Mymensingh,Beauty,473.73,41,Desktop,Cash on Delivery,TRUE,5,TRUE,3,3,Free,High,2
9241,19,Male,Mymensingh,Books,159.13,28,Mobile,Debit Card,FALSE,5,TRUE,4,8,Trial,Low,0
9242,25,Female,Rangpur,Groceries,846.6,14,Tablet,Debit Card,TRUE,9,TRUE,3,3,Trial,Low,0
9243,58,Male,Dhaka,Clothing,744.31,46,Tablet,Bank Transfer,FALSE,9,TRUE,1,8,Free,High,2
9244,57,Female,Barisal,Clothing,976.32,53,Tablet,Bank Transfer,FALSE,5,TRUE,2,3,Trial,Medium,1
9245,63,Other,Dhaka,Books,968.1,58,Desktop,PayPal,TRUE,7,FALSE,3,1,Premium,Medium,1
9246,33,Other,Rangpur,Home,460.75,30,Desktop,Debit Card,FALSE,9,FALSE,5,2,Premium,Low,0
9247,55,Male,Barisal,Books,853.84,29,Mobile,Bank Transfer,TRUE,4,TRUE,5,5,Premium,Low,0
9248,44,Male,Sylhet,Clothing,127.51,51,Desktop,PayPal,FALSE,5,TRUE,2,2,Free,High,2
9249,31,Female,Barisal,Electronics,139.36,28,Mobile,Bank Transfer,FALSE,6,TRUE,2,10,Free,Medium,1
9250,38,Male,Rangpur,Books,581.2,49,Desktop,Cash on Delivery,TRUE,7,FALSE,2,1,Free,Medium,1
9251,32,Male,Mymensingh,Electronics,953.72,57,Desktop,Debit Card,TRUE,3,TRUE,5,12,Trial,High,2
9252,27,Male,Mymensingh,Home,851.54,54,Mobile,Debit Card,TRUE,4,TRUE,2,10,Trial,Low,0
9253,56,Other,Barisal,Clothing,745.73,47,Desktop,Bank Transfer,TRUE,5,FALSE,1,4,Premium,High,2
9254,55,Female,Sylhet,Electronics,297.85,31,Tablet,Debit Card,FALSE,1,TRUE,5,9,Premium,Low,0
9255,20,Female,Mymensingh,Home,300.87,20,Desktop,Cash on Delivery,TRUE,8,TRUE,3,13,Trial,High,2
9256,53,Male,Khulna,Groceries,440.95,1,Desktop,Bank Transfer,FALSE,8,TRUE,4,7,Trial,High,2
9257,51,Male,Dhaka,Groceries,621.79,18,Mobile,Cash on Delivery,FALSE,5,FALSE,1,11,Premium,Low,0
9258,48,Other,Chittagong,Home,63.98,1,Mobile,Debit Card,TRUE,3,TRUE,1,2,Premium,Medium,1
9259,20,Female,Mymensingh,Beauty,341.18,23,Desktop,Bank Transfer,TRUE,9,TRUE,2,5,Trial,Low,0
9260,27,Other,Mymensingh,Sports,11.27,42,Mobile,Bank Transfer,TRUE,7,TRUE,3,1,Free,Low,0
9261,46,Female,Dhaka,Toys,61.05,11,Mobile,Bank Transfer,TRUE,5,FALSE,1,4,Free,High,2
9262,21,Other,Barisal,Toys,733.69,53,Desktop,Bank Transfer,FALSE,3,FALSE,2,9,Trial,Low,0
9263,65,Female,Rajshahi,Books,217.18,9,Mobile,Credit Card,FALSE,3,FALSE,4,1,Premium,Medium,1
9264,49,Other,Mymensingh,Home,805.36,53,Mobile,Bank Transfer,FALSE,4,FALSE,1,9,Free,High,2
9265,47,Female,Rangpur,Electronics,948.27,28,Tablet,Credit Card,FALSE,6,TRUE,2,9,Trial,Low,0
9266,34,Other,Mymensingh,Beauty,765.18,7,Mobile,PayPal,TRUE,2,FALSE,4,5,Trial,Medium,1
9267,54,Male,Rajshahi,Home,282.27,24,Tablet,Credit Card,FALSE,4,FALSE,2,5,Premium,Medium,1
9268,37,Male,Rangpur,Groceries,737.76,4,Tablet,Bank Transfer,FALSE,7,FALSE,4,12,Trial,Medium,1
9269,28,Female,Khulna,Home,306.68,28,Mobile,Cash on Delivery,TRUE,5,TRUE,2,2,Free,Medium,1
9270,63,Other,Dhaka,Home,227.51,19,Tablet,Bank Transfer,FALSE,5,FALSE,3,9,Premium,High,2
9271,45,Other,Rajshahi,Sports,246.6,30,Mobile,Cash on Delivery,FALSE,5,TRUE,5,9,Trial,Low,0
9272,53,Female,Sylhet,Electronics,257.57,10,Mobile,Debit Card,FALSE,4,FALSE,3,5,Trial,High,2
9273,51,Female,Mymensingh,Beauty,128.43,39,Mobile,Credit Card,TRUE,9,TRUE,1,9,Premium,Low,0
9274,51,Male,Chittagong,Home,6.76,25,Mobile,Cash on Delivery,TRUE,5,TRUE,5,10,Trial,Medium,1
9275,61,Other,Chittagong,Books,974.82,11,Tablet,Debit Card,FALSE,6,FALSE,1,4,Trial,Low,0
9276,47,Male,Rangpur,Books,356.97,50,Desktop,Debit Card,TRUE,2,FALSE,2,10,Trial,Medium,1
9277,22,Other,Barisal,Sports,34.82,43,Desktop,Debit Card,FALSE,3,FALSE,1,3,Free,Low,0
9278,29,Other,Dhaka,Clothing,236.67,47,Desktop,Cash on Delivery,FALSE,1,TRUE,3,9,Free,High,2
9279,54,Female,Sylhet,Beauty,639.28,24,Desktop,PayPal,TRUE,4,FALSE,1,13,Trial,Medium,1
9280,23,Other,Rajshahi,Beauty,919.84,35,Tablet,Credit Card,FALSE,3,FALSE,1,2,Free,Low,0
9281,68,Male,Mymensingh,Toys,695.38,26,Desktop,Credit Card,TRUE,1,TRUE,4,11,Trial,High,2
9282,64,Female,Sylhet,Electronics,449.37,2,Mobile,PayPal,FALSE,8,FALSE,5,3,Free,Low,0
9283,62,Male,Barisal,Groceries,731.34,28,Tablet,Cash on Delivery,FALSE,4,TRUE,5,1,Free,Medium,1
9284,18,Female,Mymensingh,Home,27.23,46,Desktop,Cash on Delivery,FALSE,7,TRUE,5,12,Trial,Low,0
9285,61,Other,Rangpur,Clothing,244.62,58,Desktop,Debit Card,TRUE,2,FALSE,3,10,Trial,Medium,1
9286,36,Other,Khulna,Groceries,961.96,12,Mobile,Cash on Delivery,FALSE,3,FALSE,1,9,Trial,Medium,1
9287,46,Other,Chittagong,Electronics,956.44,35,Desktop,Cash on Delivery,TRUE,7,TRUE,2,8,Premium,High,2
9288,66,Female,Dhaka,Clothing,348.05,51,Mobile,Credit Card,TRUE,8,TRUE,2,11,Premium,Low,0
9289,56,Male,Mymensingh,Beauty,298.69,35,Tablet,Bank Transfer,FALSE,7,TRUE,4,6,Trial,Medium,1
9290,20,Female,Khulna,Toys,648.35,22,Mobile,Debit Card,TRUE,7,FALSE,4,2,Premium,Medium,1
9291,31,Female,Barisal,Sports,443,32,Tablet,PayPal,FALSE,8,TRUE,3,10,Free,High,2
9292,53,Male,Rajshahi,Books,198.44,1,Desktop,PayPal,TRUE,1,TRUE,2,10,Free,Low,0
9293,44,Other,Sylhet,Home,830.4,37,Mobile,Cash on Delivery,FALSE,9,TRUE,4,5,Premium,Low,0
9294,68,Male,Rangpur,Clothing,623.86,10,Tablet,Credit Card,TRUE,6,FALSE,4,2,Free,Low,0
9295,38,Other,Dhaka,Beauty,399.26,56,Desktop,Credit Card,FALSE,2,TRUE,4,10,Premium,High,2
9296,36,Male,Barisal,Toys,710.49,39,Desktop,Debit Card,FALSE,8,FALSE,3,7,Trial,Low,0
9297,68,Female,Mymensingh,Toys,910.58,22,Tablet,Credit Card,FALSE,7,TRUE,4,13,Trial,High,2
9298,20,Other,Mymensingh,Clothing,174.08,42,Tablet,Cash on Delivery,TRUE,7,TRUE,2,9,Free,Medium,1
9299,26,Female,Sylhet,Books,211.81,20,Mobile,Cash on Delivery,FALSE,4,TRUE,3,3,Trial,High,2
9300,23,Male,Dhaka,Groceries,655.75,35,Mobile,Cash on Delivery,FALSE,8,TRUE,3,13,Free,Medium,1
9301,50,Female,Mymensingh,Books,724.69,5,Mobile,Credit Card,TRUE,3,TRUE,1,4,Free,Medium,1
9302,58,Other,Barisal,Home,808.23,17,Tablet,Cash on Delivery,TRUE,7,FALSE,1,10,Trial,Low,0
9303,67,Other,Rajshahi,Toys,625.71,19,Desktop,Debit Card,TRUE,3,TRUE,1,1,Trial,Low,0
9304,49,Male,Sylhet,Electronics,121.13,25,Tablet,PayPal,FALSE,8,TRUE,3,9,Free,High,2
9305,25,Female,Mymensingh,Sports,63.37,56,Mobile,Cash on Delivery,TRUE,4,TRUE,1,7,Trial,High,2
9306,57,Other,Sylhet,Home,975.96,46,Desktop,Debit Card,FALSE,7,TRUE,3,13,Premium,High,2
9307,37,Female,Dhaka,Sports,681.79,37,Mobile,PayPal,FALSE,1,TRUE,3,4,Trial,Medium,1
9308,69,Female,Mymensingh,Home,401.01,29,Mobile,Debit Card,FALSE,5,TRUE,4,9,Premium,High,2
9309,49,Female,Chittagong,Toys,632.5,1,Mobile,PayPal,TRUE,4,FALSE,5,10,Premium,High,2
9310,20,Female,Dhaka,Books,760.81,18,Mobile,Credit Card,FALSE,1,FALSE,1,8,Trial,High,2
9311,24,Female,Barisal,Groceries,84.53,58,Tablet,Debit Card,FALSE,5,TRUE,1,11,Free,Medium,1
9312,21,Other,Chittagong,Clothing,652.94,8,Mobile,PayPal,FALSE,7,TRUE,4,6,Trial,High,2
9313,37,Female,Rajshahi,Sports,445.12,51,Tablet,Bank Transfer,TRUE,2,FALSE,5,3,Free,Medium,1
9314,31,Other,Khulna,Groceries,896.42,49,Desktop,Credit Card,TRUE,4,TRUE,3,10,Premium,Low,0
9315,60,Female,Rangpur,Clothing,884.62,35,Mobile,Credit Card,TRUE,4,TRUE,5,13,Free,Low,0
9316,23,Female,Rangpur,Groceries,859.88,56,Tablet,Bank Transfer,TRUE,3,FALSE,3,7,Free,Medium,1
9317,28,Male,Barisal,Clothing,736.73,45,Tablet,PayPal,FALSE,5,FALSE,4,9,Trial,Medium,1
9318,55,Female,Khulna,Electronics,47.8,24,Mobile,Cash on Delivery,TRUE,3,TRUE,3,3,Free,High,2
9319,47,Other,Barisal,Clothing,686.3,31,Desktop,Debit Card,FALSE,8,TRUE,4,7,Premium,Low,0
9320,45,Other,Sylhet,Toys,434.45,19,Tablet,PayPal,FALSE,8,FALSE,2,2,Trial,High,2
9321,22,Other,Rajshahi,Books,778.6,17,Desktop,Debit Card,TRUE,2,TRUE,2,4,Premium,High,2
9322,44,Male,Rangpur,Sports,337.82,5,Desktop,Bank Transfer,FALSE,1,FALSE,5,4,Free,Medium,1
9323,20,Female,Barisal,Clothing,592.8,41,Desktop,Debit Card,FALSE,9,FALSE,3,12,Trial,High,2
9324,42,Female,Sylhet,Sports,537.64,11,Desktop,Bank Transfer,FALSE,7,TRUE,5,8,Premium,High,2
9325,26,Other,Mymensingh,Electronics,947.01,15,Tablet,Credit Card,FALSE,5,TRUE,3,7,Premium,Medium,1
9326,47,Female,Rangpur,Toys,218.09,28,Tablet,PayPal,TRUE,2,FALSE,2,9,Free,Medium,1
9327,35,Other,Dhaka,Home,764.05,46,Tablet,Bank Transfer,FALSE,6,FALSE,4,11,Trial,Medium,1
9328,62,Other,Khulna,Toys,728.28,23,Tablet,Credit Card,FALSE,5,TRUE,2,10,Trial,High,2
9329,65,Male,Mymensingh,Books,679.23,25,Mobile,Bank Transfer,TRUE,8,TRUE,3,12,Free,High,2
9330,49,Male,Mymensingh,Sports,568.34,10,Tablet,Debit Card,FALSE,2,FALSE,5,12,Premium,Low,0
9331,58,Other,Rajshahi,Home,470.39,27,Mobile,Debit Card,FALSE,1,TRUE,4,12,Trial,Medium,1
9332,22,Male,Sylhet,Books,417.91,12,Tablet,Cash on Delivery,TRUE,5,TRUE,2,11,Free,Medium,1
9333,49,Male,Sylhet,Beauty,596.57,10,Desktop,PayPal,FALSE,5,TRUE,2,1,Premium,High,2
9334,56,Female,Chittagong,Beauty,801.23,41,Tablet,Bank Transfer,FALSE,1,TRUE,3,6,Trial,High,2
9335,64,Other,Chittagong,Clothing,417.54,17,Desktop,Cash on Delivery,TRUE,4,TRUE,1,13,Premium,High,2
9336,36,Male,Rangpur,Clothing,646.46,44,Mobile,PayPal,FALSE,5,TRUE,4,2,Free,Low,0
9337,64,Male,Dhaka,Electronics,22.32,5,Mobile,Credit Card,TRUE,6,FALSE,2,8,Premium,Low,0
9338,42,Other,Mymensingh,Sports,733.37,18,Mobile,Bank Transfer,TRUE,6,TRUE,4,3,Trial,Low,0
9339,66,Other,Sylhet,Beauty,562.94,39,Tablet,Bank Transfer,FALSE,1,FALSE,4,10,Premium,Medium,1
9340,24,Male,Chittagong,Clothing,517.16,35,Mobile,Cash on Delivery,FALSE,9,TRUE,4,8,Premium,Medium,1
9341,48,Other,Rajshahi,Sports,44.39,28,Tablet,PayPal,TRUE,8,FALSE,3,12,Free,High,2
9342,51,Male,Khulna,Sports,524.4,38,Mobile,PayPal,FALSE,8,TRUE,1,5,Free,High,2
9343,35,Other,Chittagong,Electronics,102.03,21,Tablet,Credit Card,FALSE,5,FALSE,1,6,Premium,Medium,1
9344,51,Female,Chittagong,Toys,397.98,24,Mobile,Debit Card,FALSE,5,FALSE,1,10,Free,Low,0
9345,59,Female,Rangpur,Clothing,890.85,59,Desktop,Bank Transfer,FALSE,6,TRUE,2,11,Premium,Low,0
9346,55,Female,Chittagong,Toys,461.85,16,Mobile,Credit Card,TRUE,3,TRUE,5,6,Free,Low,0
9347,25,Female,Barisal,Toys,485.3,36,Tablet,Bank Transfer,TRUE,1,TRUE,2,5,Trial,High,2
9348,65,Female,Rajshahi,Groceries,840.31,7,Desktop,Cash on Delivery,TRUE,7,FALSE,4,2,Free,Medium,1
9349,55,Other,Chittagong,Home,961.06,1,Tablet,Bank Transfer,TRUE,1,TRUE,1,10,Free,High,2
9350,64,Other,Rangpur,Electronics,997.22,46,Desktop,Debit Card,FALSE,1,TRUE,3,9,Premium,Medium,1
9351,18,Female,Rangpur,Books,537.42,53,Mobile,Debit Card,TRUE,1,TRUE,4,9,Premium,Low,0
9352,21,Male,Mymensingh,Sports,751.29,56,Desktop,Debit Card,FALSE,8,FALSE,5,4,Free,High,2
9353,52,Other,Chittagong,Books,387.05,59,Tablet,Credit Card,FALSE,6,TRUE,3,12,Trial,Medium,1
9354,64,Other,Khulna,Toys,708.89,45,Tablet,Cash on Delivery,FALSE,9,FALSE,2,13,Free,High,2
9355,29,Other,Barisal,Books,778.87,28,Tablet,Credit Card,FALSE,2,FALSE,5,8,Premium,High,2
9356,45,Female,Barisal,Sports,241.13,51,Tablet,Debit Card,TRUE,9,FALSE,5,2,Trial,Low,0
9357,35,Male,Barisal,Electronics,246.07,36,Mobile,Bank Transfer,FALSE,3,FALSE,5,12,Premium,Medium,1
9358,66,Male,Chittagong,Groceries,382.37,44,Tablet,Bank Transfer,TRUE,6,FALSE,4,12,Premium,Medium,1
9359,46,Other,Chittagong,Clothing,514.1,13,Mobile,Cash on Delivery,TRUE,5,TRUE,4,5,Free,Medium,1
9360,35,Male,Barisal,Electronics,983.88,24,Mobile,Bank Transfer,TRUE,1,FALSE,1,12,Trial,Low,0
9361,44,Male,Khulna,Sports,300.41,23,Mobile,Cash on Delivery,TRUE,7,TRUE,3,11,Free,Low,0
9362,41,Female,Rajshahi,Books,858.71,31,Desktop,Cash on Delivery,FALSE,2,TRUE,4,5,Free,Medium,1
9363,28,Male,Dhaka,Electronics,93.94,39,Mobile,Credit Card,TRUE,8,TRUE,4,12,Free,Low,0
9364,30,Male,Barisal,Beauty,108.86,15,Mobile,Debit Card,FALSE,2,FALSE,1,7,Free,Low,0
9365,24,Male,Barisal,Electronics,883.82,44,Mobile,Cash on Delivery,TRUE,8,TRUE,2,2,Trial,High,2
9366,38,Male,Khulna,Beauty,238.94,41,Tablet,PayPal,TRUE,5,TRUE,2,2,Free,Medium,1
9367,49,Male,Mymensingh,Groceries,542.58,52,Mobile,Debit Card,TRUE,5,FALSE,1,2,Premium,High,2
9368,56,Other,Rangpur,Toys,43.48,30,Desktop,Bank Transfer,FALSE,4,TRUE,2,13,Free,Medium,1
9369,64,Male,Chittagong,Home,707.62,40,Mobile,Debit Card,FALSE,7,TRUE,2,3,Trial,Low,0
9370,67,Male,Dhaka,Beauty,805.06,10,Mobile,Debit Card,TRUE,5,FALSE,3,2,Trial,Low,0
9371,24,Male,Mymensingh,Toys,475.37,34,Desktop,Bank Transfer,FALSE,4,FALSE,1,11,Trial,Low,0
9372,24,Male,Sylhet,Books,635.08,22,Desktop,Cash on Delivery,TRUE,4,FALSE,3,5,Trial,High,2
9373,28,Male,Sylhet,Sports,168.72,18,Mobile,Bank Transfer,FALSE,2,TRUE,1,9,Free,High,2
9374,56,Male,Sylhet,Sports,820.82,51,Mobile,Bank Transfer,FALSE,9,TRUE,2,5,Premium,Medium,1
9375,19,Other,Barisal,Toys,226.18,37,Desktop,Cash on Delivery,TRUE,6,TRUE,5,8,Trial,Medium,1
9376,48,Other,Dhaka,Clothing,25.02,3,Tablet,PayPal,TRUE,1,TRUE,2,1,Premium,High,2
9377,36,Female,Mymensingh,Electronics,821.95,8,Desktop,Cash on Delivery,TRUE,2,TRUE,1,11,Trial,Low,0
9378,56,Female,Rangpur,Groceries,180.66,24,Mobile,PayPal,TRUE,9,TRUE,5,13,Free,High,2
9379,46,Male,Dhaka,Groceries,698.13,4,Mobile,PayPal,FALSE,5,TRUE,5,13,Trial,Medium,1
9380,42,Male,Chittagong,Books,617.36,50,Tablet,Bank Transfer,TRUE,4,TRUE,2,13,Premium,Low,0
9381,20,Female,Rangpur,Groceries,703.67,28,Desktop,Cash on Delivery,FALSE,4,FALSE,5,1,Free,High,2
9382,62,Male,Dhaka,Home,755.87,6,Tablet,PayPal,FALSE,5,FALSE,4,10,Trial,High,2
9383,51,Male,Rangpur,Books,81.07,51,Desktop,Cash on Delivery,TRUE,9,TRUE,3,11,Trial,Medium,1
9384,41,Female,Dhaka,Groceries,186.01,39,Desktop,PayPal,FALSE,2,FALSE,3,2,Free,Medium,1
9385,30,Other,Chittagong,Beauty,151.92,34,Tablet,Debit Card,FALSE,8,FALSE,4,8,Free,Medium,1
9386,51,Other,Chittagong,Electronics,602.94,40,Desktop,Credit Card,FALSE,4,FALSE,1,8,Premium,High,2
9387,26,Other,Barisal,Clothing,439.6,14,Tablet,PayPal,TRUE,5,TRUE,1,10,Trial,High,2
9388,33,Other,Chittagong,Sports,455.35,53,Mobile,Debit Card,TRUE,4,FALSE,1,9,Premium,High,2
9389,35,Female,Sylhet,Home,715.2,34,Desktop,PayPal,FALSE,1,FALSE,3,6,Free,High,2
9390,51,Female,Khulna,Home,696.64,31,Desktop,Cash on Delivery,FALSE,2,FALSE,1,8,Premium,Medium,1
9391,59,Female,Dhaka,Sports,257.31,54,Mobile,Debit Card,TRUE,6,FALSE,5,4,Trial,Medium,1
9392,53,Male,Chittagong,Electronics,780.46,58,Tablet,Bank Transfer,TRUE,1,FALSE,4,1,Free,Low,0
9393,34,Female,Khulna,Groceries,784.78,50,Desktop,Debit Card,FALSE,2,TRUE,4,12,Trial,Medium,1
9394,43,Female,Chittagong,Clothing,879.18,41,Tablet,Credit Card,TRUE,7,TRUE,5,8,Premium,High,2
9395,19,Female,Mymensingh,Electronics,776.83,4,Desktop,Debit Card,TRUE,1,TRUE,5,11,Trial,High,2
9396,62,Female,Chittagong,Beauty,998.85,54,Desktop,Debit Card,FALSE,3,FALSE,2,3,Free,Low,0
9397,33,Other,Rangpur,Toys,208.3,14,Tablet,Cash on Delivery,TRUE,4,TRUE,4,7,Premium,Medium,1
9398,19,Male,Sylhet,Toys,824.94,5,Desktop,Credit Card,FALSE,6,FALSE,3,4,Free,Medium,1
9399,43,Female,Rajshahi,Clothing,275.03,20,Mobile,Bank Transfer,TRUE,1,FALSE,4,4,Premium,Medium,1
9400,60,Other,Khulna,Home,253.56,8,Tablet,Bank Transfer,FALSE,2,TRUE,2,10,Premium,Medium,1
9401,49,Female,Barisal,Sports,569.17,24,Desktop,PayPal,FALSE,4,FALSE,2,11,Trial,Low,0
9402,39,Male,Rangpur,Home,769.88,4,Desktop,PayPal,TRUE,8,FALSE,5,6,Trial,High,2
9403,39,Female,Rangpur,Electronics,924.97,18,Desktop,Cash on Delivery,TRUE,5,TRUE,1,9,Free,Low,0
9404,47,Female,Mymensingh,Home,944.57,23,Mobile,Debit Card,TRUE,1,FALSE,3,11,Premium,High,2
9405,60,Female,Barisal,Toys,11.57,1,Tablet,Cash on Delivery,TRUE,5,FALSE,4,1,Premium,Medium,1
9406,48,Other,Khulna,Home,906.24,54,Desktop,PayPal,FALSE,6,FALSE,4,1,Free,Medium,1
9407,32,Other,Dhaka,Books,459.29,52,Mobile,Credit Card,FALSE,4,FALSE,3,12,Premium,Medium,1
9408,55,Male,Khulna,Home,448.16,51,Desktop,Credit Card,FALSE,3,FALSE,2,6,Free,Medium,1
9409,47,Other,Khulna,Toys,748.53,14,Mobile,Credit Card,TRUE,4,TRUE,3,7,Trial,Low,0
9410,37,Female,Rangpur,Sports,182.89,56,Desktop,Cash on Delivery,TRUE,4,TRUE,5,4,Trial,Medium,1
9411,50,Female,Chittagong,Toys,146.36,39,Mobile,Credit Card,FALSE,8,FALSE,3,7,Free,Low,0
9412,22,Other,Rajshahi,Beauty,548.58,30,Tablet,Credit Card,FALSE,5,TRUE,3,6,Premium,Low,0
9413,33,Other,Sylhet,Home,698.2,54,Desktop,Debit Card,FALSE,1,FALSE,2,5,Trial,High,2
9414,51,Female,Barisal,Books,733.21,47,Tablet,Cash on Delivery,TRUE,4,TRUE,4,8,Free,High,2
9415,65,Female,Rajshahi,Beauty,698.56,33,Tablet,Credit Card,TRUE,9,TRUE,1,9,Trial,Low,0
9416,21,Female,Dhaka,Electronics,474.17,20,Mobile,Cash on Delivery,FALSE,6,FALSE,5,4,Premium,Low,0
9417,28,Female,Rajshahi,Home,710.22,53,Desktop,Cash on Delivery,TRUE,2,TRUE,4,13,Premium,Low,0
9418,23,Other,Dhaka,Toys,667.43,56,Desktop,Credit Card,TRUE,2,TRUE,1,9,Trial,Medium,1
9419,48,Male,Dhaka,Books,648.95,37,Tablet,PayPal,FALSE,8,TRUE,2,9,Premium,Low,0
9420,61,Female,Rangpur,Groceries,921.49,27,Tablet,Bank Transfer,FALSE,1,TRUE,1,5,Trial,High,2
9421,52,Male,Chittagong,Electronics,189.69,4,Desktop,Bank Transfer,FALSE,6,FALSE,2,12,Premium,High,2
9422,58,Other,Dhaka,Sports,704.49,54,Desktop,Debit Card,FALSE,6,FALSE,2,13,Free,Medium,1
9423,37,Female,Rangpur,Home,712.74,9,Desktop,Debit Card,TRUE,2,FALSE,4,9,Premium,Low,0
9424,43,Other,Dhaka,Books,79.85,27,Tablet,PayPal,TRUE,8,TRUE,2,9,Premium,High,2
9425,33,Male,Chittagong,Electronics,853.09,22,Desktop,Bank Transfer,TRUE,1,FALSE,4,7,Premium,High,2
9426,52,Male,Mymensingh,Electronics,150.9,19,Desktop,Bank Transfer,TRUE,3,TRUE,1,9,Premium,Low,0
9427,67,Male,Rangpur,Beauty,224.45,9,Desktop,Debit Card,FALSE,7,TRUE,2,5,Premium,High,2
9428,42,Other,Dhaka,Sports,86.96,46,Desktop,PayPal,FALSE,2,FALSE,5,13,Trial,High,2
9429,41,Female,Sylhet,Groceries,321,6,Desktop,PayPal,TRUE,1,FALSE,5,4,Free,High,2
9430,51,Male,Barisal,Electronics,136.56,40,Mobile,Debit Card,FALSE,1,FALSE,5,7,Trial,Low,0
9431,38,Other,Chittagong,Home,653.96,1,Tablet,Cash on Delivery,TRUE,9,FALSE,5,11,Premium,Medium,1
9432,31,Other,Rajshahi,Clothing,277.53,26,Mobile,PayPal,FALSE,2,FALSE,5,13,Premium,High,2
9433,37,Other,Barisal,Books,460.09,24,Tablet,Debit Card,TRUE,1,FALSE,4,12,Trial,Low,0
9434,22,Male,Rajshahi,Beauty,957.76,31,Desktop,PayPal,TRUE,3,TRUE,2,2,Free,Medium,1
9435,42,Male,Rangpur,Home,803.99,53,Mobile,Debit Card,FALSE,7,FALSE,4,10,Premium,High,2
9436,62,Male,Khulna,Toys,870.44,54,Desktop,Credit Card,FALSE,7,TRUE,2,11,Trial,Medium,1
9437,58,Other,Chittagong,Books,48.72,26,Mobile,Debit Card,FALSE,7,FALSE,2,6,Free,Low,0
9438,31,Male,Barisal,Groceries,736.65,47,Tablet,Cash on Delivery,FALSE,4,TRUE,4,13,Free,Medium,1
9439,68,Male,Sylhet,Groceries,613.8,24,Tablet,Cash on Delivery,TRUE,8,FALSE,4,6,Trial,Low,0
9440,50,Female,Mymensingh,Home,968.05,5,Tablet,PayPal,TRUE,9,FALSE,4,6,Trial,Low,0
9441,50,Other,Rajshahi,Books,839.57,24,Tablet,Debit Card,FALSE,3,TRUE,5,12,Free,Low,0
9442,65,Other,Rajshahi,Clothing,559.98,34,Desktop,PayPal,FALSE,5,FALSE,1,2,Premium,Low,0
9443,57,Other,Dhaka,Sports,791.28,5,Tablet,Credit Card,TRUE,2,TRUE,2,1,Free,High,2
9444,69,Other,Dhaka,Books,597.76,32,Tablet,Credit Card,FALSE,8,TRUE,1,7,Premium,Medium,1
9445,37,Female,Barisal,Books,341.38,7,Desktop,Debit Card,FALSE,8,FALSE,1,4,Premium,Low,0
9446,55,Female,Barisal,Home,48.85,1,Desktop,Credit Card,FALSE,3,FALSE,4,9,Trial,Low,0
9447,50,Male,Mymensingh,Groceries,15.24,42,Mobile,Bank Transfer,FALSE,9,FALSE,5,1,Free,Low,0
9448,32,Male,Chittagong,Beauty,453.84,17,Desktop,Credit Card,TRUE,7,TRUE,3,12,Trial,Low,0
9449,49,Male,Sylhet,Beauty,265.94,11,Desktop,Bank Transfer,FALSE,4,TRUE,5,7,Trial,Medium,1
9450,35,Other,Dhaka,Home,507.98,33,Mobile,Debit Card,FALSE,3,TRUE,1,10,Free,Low,0
9451,38,Male,Rajshahi,Clothing,816.58,29,Mobile,Debit Card,TRUE,1,FALSE,4,9,Premium,High,2
9452,19,Male,Sylhet,Beauty,426.93,24,Tablet,Debit Card,FALSE,6,FALSE,1,8,Premium,Medium,1
9453,53,Other,Chittagong,Toys,245.51,37,Mobile,Cash on Delivery,TRUE,3,TRUE,5,7,Trial,Low,0
9454,59,Other,Khulna,Books,584.69,42,Tablet,Bank Transfer,TRUE,5,FALSE,1,2,Trial,Low,0
9455,52,Male,Dhaka,Sports,811.25,53,Tablet,Credit Card,TRUE,6,FALSE,1,1,Premium,High,2
9456,55,Male,Barisal,Books,925.09,56,Tablet,Bank Transfer,FALSE,5,TRUE,4,6,Trial,Low,0
9457,39,Other,Khulna,Books,528.93,46,Tablet,Cash on Delivery,FALSE,2,TRUE,1,2,Premium,High,2
9458,35,Other,Barisal,Home,583.23,27,Tablet,Bank Transfer,TRUE,5,TRUE,5,8,Premium,High,2
9459,40,Other,Chittagong,Sports,989.52,31,Mobile,Credit Card,TRUE,6,TRUE,1,3,Free,Medium,1
9460,49,Female,Sylhet,Sports,750.38,39,Mobile,Credit Card,FALSE,8,FALSE,2,10,Free,Low,0
9461,26,Other,Sylhet,Home,943.37,40,Tablet,Debit Card,FALSE,4,TRUE,5,9,Free,Medium,1
9462,28,Male,Dhaka,Groceries,568.96,33,Tablet,Credit Card,TRUE,3,FALSE,2,4,Free,Low,0
9463,19,Other,Rangpur,Books,861.21,21,Tablet,PayPal,TRUE,2,TRUE,2,2,Premium,High,2
9464,60,Other,Barisal,Home,220.04,59,Desktop,Cash on Delivery,FALSE,8,FALSE,4,1,Free,Low,0
9465,28,Male,Chittagong,Beauty,145.8,40,Tablet,Cash on Delivery,TRUE,8,TRUE,3,10,Free,Medium,1
9466,64,Female,Rangpur,Home,631.04,58,Tablet,Bank Transfer,TRUE,9,FALSE,1,8,Free,Low,0
9467,60,Other,Rangpur,Clothing,163.4,26,Tablet,Credit Card,TRUE,8,TRUE,3,2,Trial,Low,0
9468,49,Other,Chittagong,Home,639.64,28,Desktop,Credit Card,TRUE,5,FALSE,4,2,Premium,Low,0
9469,54,Male,Barisal,Groceries,615.94,56,Tablet,Cash on Delivery,FALSE,6,TRUE,1,3,Premium,Low,0
9470,48,Other,Rangpur,Toys,693.87,28,Mobile,Cash on Delivery,TRUE,9,TRUE,1,11,Premium,Low,0
9471,50,Male,Chittagong,Sports,720.59,27,Mobile,PayPal,FALSE,9,TRUE,1,9,Premium,High,2
9472,39,Male,Khulna,Groceries,819.56,2,Tablet,Cash on Delivery,TRUE,1,FALSE,1,9,Free,Low,0
9473,64,Other,Rangpur,Home,851.49,48,Desktop,Bank Transfer,FALSE,8,FALSE,1,7,Premium,High,2
9474,68,Male,Dhaka,Toys,236.16,29,Tablet,Debit Card,FALSE,9,TRUE,1,12,Free,Low,0
9475,18,Female,Khulna,Electronics,445.41,23,Mobile,Cash on Delivery,TRUE,2,TRUE,1,10,Premium,Low,0
9476,61,Female,Rajshahi,Beauty,407.65,24,Desktop,Credit Card,FALSE,3,TRUE,3,9,Premium,Medium,1
9477,47,Male,Chittagong,Books,14.24,46,Mobile,Credit Card,TRUE,5,TRUE,3,11,Trial,Medium,1
9478,44,Female,Khulna,Home,571.09,11,Tablet,Cash on Delivery,TRUE,5,TRUE,4,5,Free,High,2
9479,39,Female,Dhaka,Sports,972.31,32,Tablet,Debit Card,TRUE,6,FALSE,5,2,Trial,Medium,1
9480,21,Male,Rangpur,Books,777.65,15,Desktop,Credit Card,TRUE,6,FALSE,4,2,Trial,High,2
9481,34,Female,Rajshahi,Books,944,40,Desktop,Debit Card,TRUE,5,FALSE,3,1,Trial,High,2
9482,39,Female,Mymensingh,Electronics,661.28,39,Desktop,PayPal,FALSE,6,TRUE,2,8,Trial,Medium,1
9483,63,Other,Sylhet,Clothing,24.52,7,Mobile,PayPal,FALSE,4,FALSE,4,11,Free,Low,0
9484,41,Male,Mymensingh,Electronics,632.77,1,Tablet,Bank Transfer,TRUE,7,FALSE,3,11,Premium,Medium,1
9485,36,Male,Khulna,Home,957.13,12,Tablet,Credit Card,FALSE,3,FALSE,3,10,Trial,Medium,1
9486,69,Female,Mymensingh,Books,856.29,44,Desktop,Cash on Delivery,FALSE,8,FALSE,4,8,Premium,Low,0
9487,41,Other,Rajshahi,Groceries,175.34,9,Tablet,Credit Card,TRUE,4,TRUE,2,7,Free,Low,0
9488,69,Male,Khulna,Electronics,738.87,14,Tablet,Cash on Delivery,FALSE,4,TRUE,4,6,Trial,Low,0
9489,22,Female,Dhaka,Books,965.63,26,Tablet,Bank Transfer,TRUE,6,FALSE,3,2,Free,Medium,1
9490,41,Other,Rajshahi,Groceries,826.85,36,Desktop,Bank Transfer,TRUE,5,TRUE,5,8,Trial,Medium,1
9491,45,Female,Rangpur,Beauty,325.84,39,Desktop,PayPal,TRUE,6,TRUE,5,10,Free,High,2
9492,61,Female,Khulna,Clothing,423.21,3,Tablet,Bank Transfer,FALSE,6,FALSE,2,1,Premium,Medium,1
9493,28,Male,Dhaka,Toys,983.03,3,Mobile,Cash on Delivery,TRUE,2,TRUE,5,13,Premium,High,2
9494,34,Other,Mymensingh,Books,118.99,34,Mobile,Bank Transfer,TRUE,5,FALSE,5,8,Free,Low,0
9495,52,Male,Dhaka,Beauty,826.31,28,Mobile,PayPal,TRUE,6,FALSE,1,3,Premium,Medium,1
9496,52,Male,Rangpur,Toys,743.94,47,Desktop,Bank Transfer,FALSE,6,FALSE,1,5,Premium,Low,0
9497,23,Male,Dhaka,Electronics,120.99,52,Mobile,Bank Transfer,FALSE,4,FALSE,4,13,Free,Low,0
9498,50,Other,Sylhet,Books,927.11,29,Tablet,PayPal,TRUE,7,FALSE,5,13,Trial,High,2
9499,34,Male,Chittagong,Home,692.8,51,Desktop,Cash on Delivery,TRUE,3,FALSE,4,6,Trial,Medium,1
9500,64,Other,Khulna,Sports,100.68,3,Tablet,PayPal,TRUE,3,FALSE,5,9,Premium,Low,0
9501,59,Male,Dhaka,Clothing,417.69,57,Tablet,Credit Card,TRUE,2,TRUE,1,7,Free,Low,0
9502,24,Female,Dhaka,Books,390.76,23,Tablet,Bank Transfer,FALSE,5,TRUE,1,8,Free,Medium,1
9503,66,Other,Barisal,Home,217.36,35,Desktop,Credit Card,TRUE,8,TRUE,2,8,Free,High,2
9504,62,Female,Chittagong,Beauty,17.96,26,Mobile,Credit Card,TRUE,6,FALSE,1,1,Free,Low,0
9505,18,Female,Rangpur,Clothing,328.66,49,Mobile,Bank Transfer,FALSE,4,TRUE,4,7,Free,Medium,1
9506,21,Female,Mymensingh,Groceries,935.22,46,Mobile,Credit Card,TRUE,1,FALSE,1,13,Trial,Low,0
9507,58,Male,Rajshahi,Home,22.05,33,Mobile,Credit Card,FALSE,5,FALSE,1,9,Free,Low,0
9508,67,Other,Chittagong,Electronics,191.73,58,Mobile,Bank Transfer,FALSE,7,TRUE,4,1,Premium,High,2
9509,35,Other,Sylhet,Electronics,182.58,43,Mobile,Credit Card,FALSE,6,FALSE,4,5,Trial,Medium,1
9510,65,Other,Rajshahi,Books,475.82,27,Mobile,PayPal,TRUE,7,TRUE,3,5,Trial,Medium,1
9511,60,Other,Barisal,Sports,333.09,44,Mobile,Credit Card,TRUE,7,TRUE,2,4,Premium,Low,0
9512,52,Other,Dhaka,Beauty,183.51,22,Desktop,Credit Card,FALSE,5,TRUE,4,5,Free,Low,0
9513,33,Other,Mymensingh,Groceries,53.61,24,Mobile,Bank Transfer,TRUE,6,FALSE,4,4,Premium,Medium,1
9514,60,Male,Chittagong,Groceries,467.65,22,Desktop,Bank Transfer,TRUE,1,FALSE,2,9,Free,High,2
9515,50,Female,Rajshahi,Books,500.18,50,Tablet,Bank Transfer,FALSE,2,FALSE,2,6,Free,High,2
9516,55,Other,Chittagong,Clothing,50.36,22,Tablet,Cash on Delivery,FALSE,1,FALSE,2,10,Trial,Medium,1
9517,35,Male,Barisal,Groceries,149.07,19,Desktop,Debit Card,TRUE,9,TRUE,5,12,Trial,High,2
9518,51,Other,Chittagong,Home,605.43,4,Tablet,Credit Card,FALSE,1,FALSE,2,6,Free,Medium,1
9519,52,Other,Khulna,Toys,197.28,45,Mobile,Credit Card,FALSE,4,FALSE,1,6,Free,Low,0
9520,46,Male,Chittagong,Home,857.37,18,Desktop,Cash on Delivery,TRUE,7,FALSE,1,4,Free,Low,0
9521,42,Male,Rangpur,Toys,6.57,25,Desktop,Credit Card,FALSE,4,TRUE,1,4,Premium,High,2
9522,58,Other,Dhaka,Groceries,451.12,1,Desktop,PayPal,FALSE,9,TRUE,2,10,Trial,Low,0
9523,25,Other,Rangpur,Sports,616.52,2,Tablet,Cash on Delivery,FALSE,4,TRUE,2,7,Premium,Low,0
9524,40,Female,Rajshahi,Beauty,419.79,43,Desktop,Cash on Delivery,TRUE,4,FALSE,4,1,Premium,Low,0
9525,48,Other,Rajshahi,Sports,119.31,16,Mobile,Cash on Delivery,TRUE,8,TRUE,3,5,Trial,Medium,1
9526,61,Other,Sylhet,Electronics,585.65,24,Mobile,Credit Card,FALSE,8,TRUE,4,9,Free,Low,0
9527,66,Female,Rajshahi,Electronics,159.98,33,Tablet,Credit Card,FALSE,1,FALSE,4,8,Premium,Low,0
9528,56,Male,Khulna,Clothing,336.27,6,Mobile,Debit Card,FALSE,9,FALSE,5,11,Trial,Medium,1
9529,26,Male,Dhaka,Clothing,445.63,27,Mobile,Debit Card,TRUE,5,FALSE,1,2,Premium,High,2
9530,44,Female,Khulna,Home,776.53,46,Tablet,Bank Transfer,TRUE,2,FALSE,2,4,Trial,High,2
9531,45,Male,Dhaka,Books,440.81,4,Tablet,Debit Card,TRUE,7,TRUE,3,4,Trial,High,2
9532,25,Other,Rangpur,Clothing,189.82,17,Tablet,Cash on Delivery,TRUE,2,TRUE,2,6,Trial,Medium,1
9533,27,Other,Barisal,Beauty,98.35,30,Tablet,Debit Card,FALSE,3,TRUE,3,2,Free,Medium,1
9534,30,Female,Mymensingh,Groceries,993.27,30,Desktop,Cash on Delivery,TRUE,1,TRUE,1,6,Free,Low,0
9535,44,Male,Dhaka,Books,225.85,19,Desktop,Debit Card,FALSE,7,FALSE,4,8,Trial,Medium,1
9536,22,Female,Sylhet,Home,248.84,38,Mobile,Bank Transfer,FALSE,2,TRUE,1,5,Trial,Low,0
9537,63,Female,Dhaka,Home,653.25,2,Tablet,Bank Transfer,TRUE,6,TRUE,1,8,Free,Medium,1
9538,52,Male,Dhaka,Books,373.12,23,Mobile,PayPal,FALSE,3,TRUE,4,12,Free,High,2
9539,67,Other,Mymensingh,Toys,76.43,26,Tablet,Bank Transfer,TRUE,2,FALSE,1,9,Trial,High,2
9540,69,Female,Sylhet,Beauty,895.31,26,Mobile,Credit Card,TRUE,1,TRUE,4,9,Trial,Low,0
9541,49,Male,Rangpur,Home,804.79,25,Tablet,Bank Transfer,FALSE,3,FALSE,1,6,Free,High,2
9542,66,Male,Dhaka,Groceries,767.8,22,Mobile,PayPal,TRUE,2,TRUE,2,11,Trial,Medium,1
9543,36,Male,Sylhet,Sports,787.24,57,Tablet,Credit Card,TRUE,2,TRUE,2,4,Free,Low,0
9544,60,Other,Sylhet,Groceries,937.42,2,Desktop,Cash on Delivery,FALSE,6,FALSE,5,13,Premium,Low,0
9545,51,Male,Rajshahi,Groceries,590.96,8,Mobile,Debit Card,TRUE,5,FALSE,4,5,Free,Medium,1
9546,49,Male,Khulna,Clothing,910.17,48,Desktop,PayPal,FALSE,3,FALSE,1,11,Premium,Medium,1
9547,67,Other,Barisal,Sports,935.86,57,Desktop,PayPal,TRUE,6,FALSE,5,11,Premium,Low,0
9548,32,Female,Rajshahi,Home,547.05,47,Mobile,Bank Transfer,TRUE,4,TRUE,5,5,Trial,High,2
9549,25,Male,Barisal,Toys,587.39,4,Tablet,Bank Transfer,TRUE,9,FALSE,5,13,Premium,Medium,1
9550,56,Male,Chittagong,Beauty,168.07,44,Tablet,Credit Card,FALSE,2,FALSE,2,11,Premium,High,2
9551,52,Male,Rangpur,Sports,711.3,44,Tablet,Bank Transfer,FALSE,5,TRUE,5,9,Trial,Low,0
9552,69,Female,Chittagong,Electronics,6.12,11,Tablet,PayPal,TRUE,4,TRUE,2,7,Free,Low,0
9553,49,Male,Dhaka,Clothing,106.32,45,Desktop,PayPal,TRUE,4,FALSE,1,12,Free,High,2
9554,34,Female,Chittagong,Home,713.95,29,Desktop,Cash on Delivery,FALSE,3,FALSE,5,1,Premium,Low,0
9555,18,Female,Rajshahi,Toys,787.61,48,Mobile,PayPal,TRUE,1,FALSE,2,9,Trial,High,2
9556,29,Other,Barisal,Home,766.78,23,Mobile,PayPal,FALSE,1,TRUE,5,7,Free,Low,0
9557,31,Male,Rajshahi,Groceries,752.32,22,Mobile,Bank Transfer,TRUE,8,FALSE,5,7,Trial,Medium,1
9558,51,Other,Sylhet,Electronics,525.2,28,Desktop,Bank Transfer,TRUE,9,TRUE,2,3,Premium,Low,0
9559,28,Male,Khulna,Sports,477.75,24,Desktop,Bank Transfer,TRUE,6,TRUE,2,2,Free,High,2
9560,35,Female,Rajshahi,Sports,894.74,53,Desktop,PayPal,FALSE,1,TRUE,1,4,Premium,Low,0
9561,22,Male,Rajshahi,Groceries,940.86,41,Desktop,Credit Card,TRUE,5,TRUE,2,1,Premium,Low,0
9562,58,Male,Barisal,Beauty,873.62,31,Tablet,Cash on Delivery,FALSE,4,TRUE,5,10,Trial,Medium,1
9563,62,Female,Rajshahi,Groceries,690.67,45,Tablet,Credit Card,FALSE,1,TRUE,4,1,Free,Medium,1
9564,40,Other,Chittagong,Electronics,137.23,16,Mobile,PayPal,FALSE,5,FALSE,3,3,Free,Low,0
9565,65,Other,Barisal,Home,77.39,55,Desktop,Credit Card,FALSE,9,FALSE,4,1,Premium,Low,0
9566,42,Female,Rajshahi,Electronics,24.12,2,Tablet,Bank Transfer,TRUE,9,TRUE,1,12,Trial,Medium,1
9567,45,Other,Chittagong,Toys,611.14,16,Desktop,PayPal,FALSE,4,FALSE,2,9,Premium,Medium,1
9568,55,Other,Rajshahi,Books,630.07,31,Mobile,Credit Card,TRUE,3,TRUE,5,6,Premium,High,2
9569,33,Female,Rangpur,Books,138.44,13,Mobile,Debit Card,TRUE,2,TRUE,4,7,Free,Low,0
9570,20,Other,Barisal,Beauty,777.92,46,Desktop,Credit Card,TRUE,3,TRUE,5,1,Free,Low,0
9571,65,Female,Barisal,Clothing,480.55,46,Desktop,Bank Transfer,TRUE,7,TRUE,1,8,Free,High,2
9572,58,Other,Khulna,Groceries,534.29,8,Tablet,Credit Card,FALSE,5,TRUE,4,12,Premium,High,2
9573,41,Other,Rangpur,Toys,709.8,45,Mobile,Credit Card,TRUE,6,TRUE,1,5,Trial,Medium,1
9574,37,Male,Sylhet,Books,246.18,25,Tablet,Cash on Delivery,FALSE,7,FALSE,4,13,Free,High,2
9575,67,Male,Dhaka,Home,339.77,30,Mobile,Bank Transfer,TRUE,5,FALSE,4,7,Free,Low,0
9576,27,Male,Sylhet,Toys,41.02,11,Tablet,Credit Card,TRUE,8,FALSE,1,2,Premium,Low,0
9577,49,Male,Mymensingh,Groceries,537.02,3,Tablet,Bank Transfer,FALSE,4,TRUE,2,3,Trial,Low,0
9578,31,Other,Rangpur,Home,58.26,42,Desktop,Bank Transfer,TRUE,2,TRUE,2,12,Premium,Low,0
9579,34,Male,Khulna,Sports,994.81,51,Desktop,Cash on Delivery,TRUE,9,TRUE,1,3,Premium,Low,0
9580,30,Female,Khulna,Beauty,818.64,45,Desktop,Debit Card,FALSE,6,FALSE,4,2,Free,High,2
9581,30,Female,Sylhet,Books,744.65,18,Tablet,Cash on Delivery,TRUE,5,FALSE,5,10,Trial,Medium,1
9582,20,Other,Sylhet,Electronics,488.94,22,Mobile,Cash on Delivery,FALSE,9,FALSE,5,13,Premium,Medium,1
9583,48,Male,Dhaka,Toys,857.53,22,Mobile,Bank Transfer,TRUE,1,FALSE,1,5,Premium,High,2
9584,38,Other,Sylhet,Books,43.79,41,Mobile,Debit Card,TRUE,4,TRUE,3,10,Free,High,2
9585,57,Male,Mymensingh,Groceries,403.12,9,Mobile,PayPal,TRUE,6,TRUE,2,4,Premium,Low,0
9586,26,Other,Rangpur,Electronics,724.12,10,Tablet,Debit Card,FALSE,4,TRUE,1,6,Premium,Medium,1
9587,33,Male,Mymensingh,Electronics,776.6,10,Tablet,Bank Transfer,TRUE,1,TRUE,2,10,Trial,Low,0
9588,58,Other,Khulna,Electronics,444.83,6,Tablet,Credit Card,TRUE,1,FALSE,5,10,Free,Medium,1
9589,40,Female,Chittagong,Home,808.42,33,Tablet,Bank Transfer,TRUE,8,FALSE,4,9,Trial,High,2
9590,57,Female,Dhaka,Clothing,300.73,7,Mobile,PayPal,TRUE,4,FALSE,3,8,Trial,Medium,1
9591,43,Female,Rajshahi,Books,500.09,57,Tablet,Credit Card,TRUE,5,TRUE,2,5,Free,Medium,1
9592,38,Female,Barisal,Home,818.39,58,Tablet,Credit Card,TRUE,6,FALSE,5,5,Premium,High,2
9593,47,Other,Sylhet,Groceries,639.56,6,Desktop,Cash on Delivery,TRUE,7,TRUE,3,13,Premium,Medium,1
9594,24,Male,Sylhet,Toys,142.48,18,Desktop,PayPal,TRUE,3,TRUE,2,4,Free,High,2
9595,51,Other,Rajshahi,Books,355.38,19,Desktop,Debit Card,FALSE,6,TRUE,1,9,Premium,Low,0
9596,69,Female,Barisal,Books,977.38,53,Tablet,Credit Card,FALSE,4,FALSE,4,3,Premium,Medium,1
9597,67,Female,Rangpur,Groceries,154.89,21,Desktop,Cash on Delivery,TRUE,7,FALSE,3,5,Free,Medium,1
9598,39,Other,Mymensingh,Electronics,181.58,55,Tablet,PayPal,FALSE,2,TRUE,1,4,Trial,High,2
9599,29,Male,Sylhet,Books,976.18,12,Mobile,Debit Card,FALSE,1,TRUE,3,9,Premium,High,2
9600,63,Female,Dhaka,Clothing,985.72,35,Tablet,Credit Card,TRUE,1,FALSE,1,12,Free,High,2
9601,62,Male,Barisal,Beauty,640.78,23,Mobile,Cash on Delivery,TRUE,3,FALSE,3,4,Trial,Low,0
9602,37,Other,Rangpur,Sports,578.62,54,Tablet,Cash on Delivery,FALSE,9,TRUE,3,11,Free,Medium,1
9603,45,Male,Barisal,Clothing,970.59,43,Desktop,Bank Transfer,FALSE,3,TRUE,4,12,Free,High,2
9604,50,Male,Sylhet,Electronics,394.96,33,Tablet,Debit Card,TRUE,4,TRUE,2,7,Premium,Low,0
9605,47,Male,Rangpur,Books,988.44,30,Desktop,Credit Card,TRUE,7,FALSE,1,7,Free,High,2
9606,34,Male,Khulna,Groceries,394.08,54,Mobile,Debit Card,FALSE,3,FALSE,5,8,Free,Medium,1
9607,64,Female,Barisal,Clothing,270.96,56,Mobile,PayPal,FALSE,7,TRUE,3,8,Premium,High,2
9608,31,Other,Sylhet,Books,653.6,34,Mobile,Bank Transfer,FALSE,2,FALSE,5,13,Free,High,2
9609,63,Male,Rangpur,Toys,321.21,31,Mobile,PayPal,TRUE,6,TRUE,2,5,Premium,Medium,1
9610,56,Other,Mymensingh,Books,824.27,6,Mobile,Cash on Delivery,TRUE,3,TRUE,4,10,Free,High,2
9611,60,Male,Khulna,Books,882.02,16,Desktop,Cash on Delivery,FALSE,9,FALSE,4,12,Trial,Low,0
9612,69,Female,Barisal,Clothing,145.27,7,Mobile,Debit Card,TRUE,7,FALSE,3,4,Free,Medium,1
9613,33,Female,Sylhet,Books,237.81,51,Tablet,Bank Transfer,TRUE,6,FALSE,5,3,Trial,Medium,1
9614,49,Male,Rangpur,Groceries,47.96,45,Tablet,Credit Card,TRUE,9,TRUE,2,10,Free,High,2
9615,69,Male,Rangpur,Electronics,377.52,1,Desktop,Bank Transfer,TRUE,6,TRUE,2,10,Premium,Low,0
9616,23,Female,Chittagong,Electronics,288.85,49,Desktop,Bank Transfer,TRUE,4,TRUE,3,5,Trial,Medium,1
9617,20,Female,Sylhet,Electronics,932.48,59,Mobile,Debit Card,FALSE,8,FALSE,2,12,Premium,Low,0
9618,54,Female,Khulna,Books,419.7,10,Tablet,Bank Transfer,FALSE,8,FALSE,4,9,Premium,Low,0
9619,46,Other,Mymensingh,Home,183.78,22,Tablet,Debit Card,TRUE,8,TRUE,1,6,Free,High,2
9620,19,Other,Chittagong,Sports,810,29,Tablet,Bank Transfer,FALSE,7,TRUE,3,9,Trial,High,2
9621,34,Other,Rajshahi,Beauty,270.37,15,Tablet,Cash on Delivery,FALSE,4,TRUE,1,12,Premium,Low,0
9622,51,Other,Rajshahi,Clothing,707.77,1,Tablet,Credit Card,TRUE,5,TRUE,3,7,Free,High,2
9623,47,Other,Rajshahi,Toys,582.35,21,Desktop,PayPal,FALSE,9,TRUE,3,5,Premium,Medium,1
9624,44,Other,Mymensingh,Groceries,67.26,37,Desktop,Cash on Delivery,TRUE,8,FALSE,4,8,Free,High,2
9625,41,Female,Chittagong,Beauty,572.76,51,Mobile,Cash on Delivery,TRUE,1,TRUE,4,12,Free,Low,0
9626,42,Male,Khulna,Books,769.74,19,Mobile,Bank Transfer,TRUE,8,TRUE,2,6,Premium,Medium,1
9627,63,Female,Khulna,Groceries,774.9,32,Tablet,Bank Transfer,TRUE,1,FALSE,5,3,Trial,High,2
9628,39,Male,Rangpur,Beauty,227.13,39,Tablet,Debit Card,FALSE,1,TRUE,4,9,Free,Medium,1
9629,36,Other,Dhaka,Books,685.88,4,Desktop,Bank Transfer,TRUE,6,FALSE,1,12,Trial,High,2
9630,60,Other,Chittagong,Toys,590.17,20,Tablet,Debit Card,TRUE,8,FALSE,1,8,Premium,Medium,1
9631,30,Female,Khulna,Beauty,498.37,5,Desktop,Credit Card,FALSE,6,FALSE,3,4,Free,High,2
9632,35,Other,Mymensingh,Home,801.11,41,Mobile,Debit Card,TRUE,6,FALSE,4,2,Free,Low,0
9633,24,Other,Khulna,Toys,961.53,37,Mobile,Credit Card,FALSE,1,FALSE,2,5,Premium,Medium,1
9634,29,Male,Dhaka,Electronics,527.3,37,Tablet,Debit Card,TRUE,7,TRUE,5,1,Trial,Medium,1
9635,48,Other,Rajshahi,Beauty,242.16,33,Mobile,Debit Card,FALSE,5,FALSE,2,11,Trial,Medium,1
9636,28,Female,Dhaka,Toys,404.79,2,Mobile,Debit Card,FALSE,7,FALSE,4,11,Premium,High,2
9637,51,Other,Rangpur,Toys,460.26,10,Mobile,Cash on Delivery,TRUE,2,TRUE,4,1,Premium,Low,0
9638,37,Other,Khulna,Clothing,933.61,17,Tablet,Debit Card,FALSE,6,FALSE,1,3,Free,High,2
9639,38,Male,Rangpur,Groceries,928.41,15,Desktop,Debit Card,TRUE,8,TRUE,1,5,Free,Medium,1
9640,46,Other,Barisal,Sports,502.65,39,Desktop,Bank Transfer,TRUE,5,FALSE,3,5,Free,High,2
9641,46,Male,Sylhet,Books,63.73,13,Desktop,Debit Card,TRUE,5,TRUE,1,7,Trial,Low,0
9642,60,Other,Barisal,Clothing,495.74,7,Tablet,Credit Card,FALSE,5,TRUE,3,6,Premium,High,2
9643,60,Other,Barisal,Beauty,813.11,15,Desktop,PayPal,TRUE,7,TRUE,5,13,Premium,Low,0
9644,31,Female,Khulna,Clothing,166.49,2,Desktop,Bank Transfer,FALSE,9,FALSE,2,2,Trial,Medium,1
9645,40,Female,Rangpur,Beauty,185.9,21,Mobile,Bank Transfer,FALSE,7,TRUE,4,12,Free,High,2
9646,40,Male,Mymensingh,Toys,599,20,Desktop,Cash on Delivery,TRUE,1,FALSE,1,6,Trial,Medium,1
9647,56,Male,Rangpur,Books,663.14,55,Desktop,Cash on Delivery,TRUE,7,TRUE,2,1,Free,Medium,1
9648,48,Female,Sylhet,Groceries,830.98,16,Tablet,Credit Card,FALSE,6,FALSE,2,4,Premium,Low,0
9649,48,Other,Mymensingh,Groceries,913.24,53,Mobile,Debit Card,FALSE,3,FALSE,5,9,Premium,High,2
9650,25,Male,Dhaka,Sports,11.02,16,Mobile,Bank Transfer,FALSE,7,TRUE,5,4,Free,High,2
9651,56,Female,Dhaka,Beauty,268.53,40,Desktop,Bank Transfer,FALSE,6,FALSE,5,10,Trial,Low,0
9652,68,Female,Rajshahi,Clothing,104.41,36,Desktop,Credit Card,TRUE,1,FALSE,1,12,Trial,Low,0
9653,41,Male,Khulna,Clothing,902.87,4,Mobile,Credit Card,TRUE,5,FALSE,2,2,Trial,Medium,1
9654,25,Other,Dhaka,Home,608.16,28,Desktop,Debit Card,TRUE,7,FALSE,5,9,Premium,Low,0
9655,64,Other,Rangpur,Sports,427.44,32,Mobile,Credit Card,TRUE,2,TRUE,3,6,Premium,Low,0
9656,33,Female,Chittagong,Clothing,170.78,5,Mobile,Cash on Delivery,TRUE,6,FALSE,3,10,Premium,High,2
9657,34,Other,Khulna,Toys,465.95,13,Desktop,Credit Card,FALSE,6,TRUE,1,12,Premium,High,2
9658,32,Other,Sylhet,Books,649.58,21,Tablet,Credit Card,FALSE,5,FALSE,3,9,Premium,Medium,1
9659,41,Male,Rangpur,Electronics,739.48,22,Mobile,Credit Card,FALSE,1,FALSE,2,10,Trial,High,2
9660,56,Other,Khulna,Home,351.49,11,Tablet,Bank Transfer,FALSE,2,TRUE,1,13,Trial,Low,0
9661,32,Other,Rajshahi,Sports,112.84,34,Desktop,Cash on Delivery,FALSE,8,TRUE,5,6,Trial,High,2
9662,56,Male,Mymensingh,Groceries,653.04,8,Desktop,Credit Card,TRUE,4,FALSE,1,9,Trial,High,2
9663,42,Other,Sylhet,Electronics,781.03,25,Mobile,Debit Card,TRUE,1,FALSE,2,7,Free,Medium,1
9664,62,Other,Dhaka,Electronics,399.55,27,Tablet,Cash on Delivery,TRUE,6,TRUE,2,13,Trial,Low,0
9665,61,Male,Khulna,Clothing,644.73,47,Tablet,Cash on Delivery,FALSE,6,FALSE,2,6,Free,High,2
9666,68,Female,Rajshahi,Home,511.11,56,Tablet,Bank Transfer,TRUE,9,TRUE,3,5,Trial,High,2
9667,36,Female,Mymensingh,Toys,504.19,15,Desktop,Cash on Delivery,FALSE,9,TRUE,5,8,Premium,Low,0
9668,38,Male,Mymensingh,Clothing,464.67,52,Tablet,Bank Transfer,TRUE,6,FALSE,1,1,Free,High,2
9669,33,Female,Mymensingh,Clothing,324.69,14,Desktop,Credit Card,TRUE,3,TRUE,4,4,Trial,Low,0
9670,25,Female,Sylhet,Sports,484.1,53,Mobile,Bank Transfer,FALSE,8,FALSE,1,6,Free,Medium,1
9671,69,Other,Barisal,Clothing,632.3,43,Desktop,Bank Transfer,TRUE,7,TRUE,5,8,Free,Low,0
9672,36,Female,Sylhet,Home,618.73,57,Mobile,Debit Card,FALSE,4,TRUE,3,13,Trial,High,2
9673,31,Male,Dhaka,Electronics,439.66,58,Mobile,Bank Transfer,FALSE,7,TRUE,2,10,Premium,Low,0
9674,45,Male,Sylhet,Groceries,224.57,7,Tablet,Debit Card,FALSE,9,TRUE,4,12,Premium,Low,0
9675,24,Female,Mymensingh,Groceries,470.12,37,Desktop,PayPal,FALSE,6,TRUE,4,3,Free,Medium,1
9676,60,Female,Mymensingh,Books,313.54,14,Tablet,Cash on Delivery,FALSE,8,FALSE,5,8,Trial,Low,0
9677,23,Female,Mymensingh,Groceries,791.39,51,Tablet,PayPal,FALSE,1,TRUE,5,12,Trial,Medium,1
9678,46,Male,Chittagong,Books,759.63,58,Tablet,Credit Card,FALSE,2,FALSE,3,10,Free,High,2
9679,19,Other,Khulna,Books,45.47,32,Tablet,Debit Card,TRUE,7,TRUE,3,1,Premium,Low,0
9680,39,Male,Khulna,Sports,975.49,23,Desktop,Bank Transfer,TRUE,3,TRUE,1,8,Trial,Low,0
9681,27,Other,Chittagong,Clothing,485.63,9,Desktop,Bank Transfer,TRUE,6,TRUE,5,11,Trial,Low,0
9682,67,Other,Dhaka,Clothing,51.11,59,Mobile,Cash on Delivery,FALSE,6,FALSE,2,10,Free,Low,0
9683,66,Male,Dhaka,Groceries,500.16,40,Mobile,Debit Card,FALSE,9,FALSE,1,7,Trial,High,2
9684,39,Female,Rajshahi,Groceries,6,57,Desktop,Credit Card,TRUE,5,TRUE,2,1,Trial,Medium,1
9685,43,Female,Mymensingh,Sports,433.44,57,Desktop,Credit Card,TRUE,2,FALSE,2,5,Premium,High,2
9686,69,Male,Mymensingh,Home,217.35,6,Mobile,Credit Card,FALSE,8,TRUE,4,7,Trial,Medium,1
9687,22,Other,Mymensingh,Sports,480.86,8,Desktop,Credit Card,TRUE,1,TRUE,3,2,Free,High,2
9688,64,Other,Dhaka,Electronics,641.26,6,Desktop,Credit Card,TRUE,2,TRUE,3,1,Premium,Low,0
9689,59,Female,Mymensingh,Toys,469.87,39,Desktop,Cash on Delivery,TRUE,5,TRUE,2,3,Trial,High,2
9690,19,Male,Barisal,Beauty,254.99,56,Mobile,PayPal,TRUE,4,FALSE,2,13,Premium,High,2
9691,66,Male,Khulna,Electronics,649.33,30,Mobile,Debit Card,FALSE,8,TRUE,2,3,Trial,Low,0
9692,19,Other,Mymensingh,Toys,651.7,2,Desktop,Debit Card,FALSE,6,FALSE,4,4,Trial,Low,0
9693,45,Female,Sylhet,Electronics,846.91,26,Tablet,Credit Card,TRUE,4,TRUE,2,11,Premium,Low,0
9694,54,Other,Mymensingh,Electronics,48.79,12,Mobile,Bank Transfer,TRUE,5,TRUE,5,7,Free,Medium,1
9695,22,Male,Dhaka,Books,602.82,26,Desktop,Credit Card,FALSE,3,FALSE,4,6,Premium,Medium,1
9696,65,Female,Rangpur,Sports,242.11,43,Mobile,Debit Card,TRUE,1,TRUE,2,6,Free,Low,0
9697,27,Female,Chittagong,Toys,935.55,56,Desktop,Bank Transfer,FALSE,1,TRUE,4,11,Trial,Low,0
9698,43,Other,Barisal,Clothing,889.74,52,Tablet,Bank Transfer,FALSE,5,TRUE,3,9,Free,Low,0
9699,19,Male,Sylhet,Electronics,51.52,29,Tablet,Credit Card,FALSE,4,FALSE,4,13,Premium,Low,0
9700,59,Male,Rangpur,Beauty,640.18,19,Mobile,Credit Card,FALSE,6,TRUE,4,10,Free,Low,0
9701,42,Female,Rangpur,Beauty,629.6,19,Tablet,Debit Card,FALSE,3,FALSE,3,1,Premium,High,2
9702,51,Male,Sylhet,Home,107.75,42,Tablet,PayPal,TRUE,5,TRUE,3,10,Premium,Low,0
9703,28,Female,Rangpur,Groceries,410.3,11,Mobile,PayPal,FALSE,9,FALSE,3,6,Premium,High,2
9704,41,Female,Dhaka,Books,806.26,44,Mobile,Bank Transfer,FALSE,6,FALSE,5,9,Trial,Low,0
9705,41,Other,Sylhet,Clothing,225.03,23,Tablet,Debit Card,TRUE,2,FALSE,3,1,Free,High,2
9706,39,Female,Khulna,Beauty,77.34,4,Tablet,Credit Card,TRUE,3,FALSE,1,5,Premium,Medium,1
9707,68,Other,Barisal,Books,447.06,29,Tablet,PayPal,FALSE,8,FALSE,5,3,Trial,Medium,1
9708,56,Male,Mymensingh,Clothing,860.87,18,Desktop,Bank Transfer,FALSE,3,TRUE,3,12,Premium,Low,0
9709,61,Female,Rangpur,Sports,931.13,52,Tablet,PayPal,FALSE,2,FALSE,3,12,Free,High,2
9710,40,Female,Sylhet,Electronics,548.48,14,Desktop,Cash on Delivery,FALSE,7,TRUE,5,13,Free,Low,0
9711,64,Other,Dhaka,Books,932.24,37,Tablet,Bank Transfer,FALSE,1,TRUE,1,11,Trial,Medium,1
9712,55,Male,Chittagong,Books,94.22,47,Tablet,Debit Card,FALSE,7,FALSE,5,13,Free,Medium,1
9713,22,Other,Rajshahi,Sports,175.71,24,Tablet,Bank Transfer,TRUE,5,TRUE,1,6,Free,Low,0
9714,29,Male,Chittagong,Beauty,336.19,59,Desktop,Cash on Delivery,FALSE,1,FALSE,3,9,Trial,High,2
9715,48,Female,Rajshahi,Clothing,996.67,31,Tablet,Credit Card,TRUE,9,TRUE,4,2,Premium,Low,0
9716,46,Female,Dhaka,Beauty,304.62,10,Desktop,Credit Card,TRUE,2,TRUE,4,4,Free,High,2
9717,43,Other,Rajshahi,Toys,127.67,44,Mobile,Cash on Delivery,FALSE,9,FALSE,4,10,Trial,Low,0
9718,54,Other,Mymensingh,Sports,466.73,46,Tablet,Cash on Delivery,FALSE,4,TRUE,5,6,Trial,Low,0
9719,55,Male,Dhaka,Toys,326.48,35,Tablet,Credit Card,TRUE,9,TRUE,5,8,Free,Medium,1
9720,34,Other,Chittagong,Toys,203.38,45,Tablet,Bank Transfer,FALSE,2,FALSE,2,3,Free,High,2
9721,48,Other,Barisal,Books,931.69,54,Tablet,Bank Transfer,FALSE,9,FALSE,1,4,Premium,Low,0
9722,62,Female,Dhaka,Beauty,226.01,32,Desktop,Debit Card,TRUE,6,FALSE,5,5,Premium,Medium,1
9723,55,Other,Mymensingh,Books,974.01,9,Tablet,Debit Card,FALSE,4,TRUE,3,7,Trial,High,2
9724,57,Male,Dhaka,Electronics,492.75,5,Mobile,Bank Transfer,FALSE,4,TRUE,3,3,Free,Medium,1
9725,34,Male,Sylhet,Toys,357.04,40,Tablet,Cash on Delivery,TRUE,9,TRUE,3,8,Free,Medium,1
9726,68,Male,Chittagong,Toys,555.7,22,Mobile,Debit Card,TRUE,3,FALSE,5,8,Trial,Low,0
9727,61,Female,Mymensingh,Beauty,823.88,32,Mobile,Bank Transfer,FALSE,3,TRUE,3,10,Trial,Medium,1
9728,19,Male,Dhaka,Books,564.02,16,Desktop,Credit Card,FALSE,4,TRUE,5,11,Trial,Medium,1
9729,30,Other,Mymensingh,Sports,51.23,14,Desktop,Bank Transfer,TRUE,1,TRUE,3,11,Trial,Low,0
9730,49,Male,Khulna,Electronics,446.46,58,Desktop,PayPal,TRUE,9,FALSE,4,3,Trial,Low,0
9731,51,Other,Barisal,Home,226.88,44,Mobile,PayPal,FALSE,1,FALSE,1,11,Premium,Medium,1
9732,55,Male,Rangpur,Toys,330.92,6,Mobile,Bank Transfer,FALSE,6,TRUE,4,13,Trial,Medium,1
9733,40,Other,Barisal,Books,584.3,54,Mobile,Credit Card,TRUE,7,TRUE,2,12,Premium,Medium,1
9734,66,Male,Chittagong,Books,58.11,38,Mobile,Bank Transfer,FALSE,8,FALSE,5,9,Trial,Medium,1
9735,41,Male,Mymensingh,Beauty,104.5,16,Tablet,Cash on Delivery,FALSE,1,TRUE,4,3,Premium,Medium,1
9736,57,Other,Rangpur,Toys,260.57,54,Mobile,Bank Transfer,FALSE,4,FALSE,4,11,Free,Medium,1
9737,65,Other,Barisal,Beauty,650.67,39,Mobile,PayPal,FALSE,7,FALSE,4,11,Free,Low,0
9738,54,Other,Khulna,Books,925.93,26,Desktop,PayPal,TRUE,5,TRUE,3,7,Premium,High,2
9739,44,Male,Dhaka,Beauty,857.01,44,Mobile,Cash on Delivery,TRUE,6,TRUE,3,1,Premium,Low,0
9740,31,Male,Rajshahi,Home,947.85,47,Mobile,Cash on Delivery,TRUE,9,TRUE,2,2,Premium,Medium,1
9741,53,Male,Chittagong,Toys,413.23,9,Tablet,Debit Card,TRUE,1,FALSE,2,11,Free,Medium,1
9742,52,Other,Sylhet,Home,876.91,5,Desktop,Cash on Delivery,FALSE,6,TRUE,3,12,Free,Low,0
9743,55,Other,Rajshahi,Toys,145.64,8,Tablet,Cash on Delivery,TRUE,5,FALSE,4,9,Trial,Medium,1
9744,60,Female,Chittagong,Electronics,536.8,19,Desktop,Debit Card,TRUE,7,TRUE,2,10,Premium,Medium,1
9745,57,Female,Mymensingh,Beauty,259.74,27,Tablet,Cash on Delivery,TRUE,6,TRUE,3,3,Premium,Low,0
9746,69,Other,Sylhet,Books,118.85,58,Desktop,Debit Card,TRUE,1,TRUE,4,6,Free,Medium,1
9747,66,Other,Khulna,Groceries,874.65,23,Tablet,Cash on Delivery,FALSE,9,TRUE,2,10,Premium,Medium,1
9748,55,Female,Rangpur,Sports,205.2,26,Tablet,Debit Card,TRUE,1,FALSE,3,10,Premium,Medium,1
9749,38,Male,Sylhet,Beauty,427.65,41,Desktop,PayPal,FALSE,4,FALSE,2,5,Premium,Low,0
9750,49,Other,Mymensingh,Groceries,690.12,20,Tablet,Debit Card,FALSE,3,TRUE,1,3,Trial,High,2
9751,32,Other,Mymensingh,Toys,456.15,20,Tablet,Cash on Delivery,FALSE,6,FALSE,2,9,Premium,High,2
9752,29,Other,Sylhet,Toys,298.44,51,Mobile,Credit Card,FALSE,9,TRUE,5,9,Trial,High,2
9753,64,Other,Dhaka,Books,687.06,16,Tablet,Debit Card,FALSE,9,TRUE,2,5,Trial,Low,0
9754,49,Male,Chittagong,Electronics,981.05,23,Desktop,Cash on Delivery,TRUE,6,FALSE,1,9,Free,Medium,1
9755,60,Other,Dhaka,Books,861.16,57,Mobile,Credit Card,FALSE,7,TRUE,1,2,Free,Low,0
9756,40,Male,Chittagong,Home,623.92,13,Tablet,Bank Transfer,FALSE,6,FALSE,3,9,Premium,Medium,1
9757,29,Other,Dhaka,Groceries,531.22,53,Mobile,Credit Card,TRUE,7,FALSE,2,2,Free,Low,0
9758,68,Male,Khulna,Home,888.74,6,Desktop,Credit Card,FALSE,8,TRUE,2,10,Trial,High,2
9759,54,Male,Barisal,Beauty,754.68,9,Desktop,Credit Card,FALSE,2,FALSE,3,13,Premium,Low,0
9760,39,Male,Rajshahi,Clothing,662.39,31,Desktop,Cash on Delivery,TRUE,6,FALSE,5,4,Trial,Medium,1
9761,37,Female,Barisal,Groceries,362.39,28,Desktop,Cash on Delivery,FALSE,6,TRUE,3,5,Free,Low,0
9762,62,Other,Dhaka,Electronics,183.56,5,Tablet,Debit Card,FALSE,3,FALSE,4,9,Free,Low,0
9763,25,Female,Barisal,Beauty,630.67,4,Tablet,Debit Card,FALSE,1,FALSE,4,1,Trial,High,2
9764,41,Male,Mymensingh,Sports,911.43,28,Desktop,Cash on Delivery,FALSE,7,TRUE,5,4,Premium,Low,0
9765,28,Female,Barisal,Sports,559.21,57,Mobile,Debit Card,FALSE,1,TRUE,4,9,Premium,Low,0
9766,18,Male,Dhaka,Beauty,694.07,44,Desktop,Bank Transfer,FALSE,8,FALSE,2,13,Premium,Low,0
9767,33,Female,Rajshahi,Beauty,50.78,53,Desktop,Credit Card,FALSE,3,FALSE,5,10,Premium,Low,0
9768,19,Male,Chittagong,Toys,827.44,22,Tablet,Debit Card,FALSE,8,TRUE,5,4,Trial,Low,0
9769,46,Male,Khulna,Sports,358.32,34,Mobile,PayPal,FALSE,5,FALSE,5,1,Premium,Low,0
9770,68,Other,Khulna,Clothing,927.02,54,Mobile,Bank Transfer,FALSE,3,FALSE,4,6,Free,High,2
9771,50,Female,Chittagong,Sports,36.83,48,Tablet,Credit Card,TRUE,7,FALSE,4,2,Free,High,2
9772,27,Other,Khulna,Beauty,32.14,15,Mobile,Credit Card,FALSE,9,TRUE,4,9,Premium,High,2
9773,30,Female,Rajshahi,Clothing,913.17,58,Desktop,Bank Transfer,TRUE,7,TRUE,3,13,Free,High,2
9774,27,Female,Barisal,Clothing,506.3,14,Desktop,PayPal,TRUE,4,FALSE,2,2,Free,Low,0
9775,37,Male,Rangpur,Electronics,434.06,4,Desktop,Debit Card,TRUE,5,TRUE,4,6,Free,Medium,1
9776,37,Male,Barisal,Clothing,248.34,34,Desktop,Cash on Delivery,TRUE,4,TRUE,5,3,Free,Medium,1
9777,20,Other,Dhaka,Books,602.78,54,Tablet,Debit Card,FALSE,6,FALSE,3,10,Free,Medium,1
9778,49,Male,Khulna,Beauty,617.35,29,Tablet,Cash on Delivery,TRUE,2,TRUE,2,5,Free,High,2
9779,35,Male,Mymensingh,Books,817.09,54,Mobile,PayPal,TRUE,6,FALSE,1,4,Free,High,2
9780,43,Other,Sylhet,Electronics,573.71,50,Mobile,Credit Card,TRUE,1,FALSE,4,4,Premium,Medium,1
9781,36,Female,Chittagong,Beauty,982.57,34,Mobile,Credit Card,FALSE,3,FALSE,4,2,Trial,Low,0
9782,49,Female,Rangpur,Home,37.12,11,Mobile,Cash on Delivery,FALSE,5,FALSE,2,10,Premium,Low,0
9783,66,Male,Rangpur,Toys,408.23,9,Tablet,Cash on Delivery,TRUE,2,FALSE,5,12,Trial,High,2
9784,60,Other,Chittagong,Beauty,165.77,32,Tablet,Debit Card,FALSE,5,TRUE,2,1,Trial,Low,0
9785,21,Other,Rangpur,Beauty,970.58,9,Desktop,PayPal,TRUE,3,FALSE,4,11,Trial,High,2
9786,35,Male,Rajshahi,Electronics,137.81,46,Desktop,Cash on Delivery,FALSE,6,FALSE,3,8,Free,Medium,1
9787,30,Male,Rajshahi,Toys,610,2,Tablet,Cash on Delivery,FALSE,1,FALSE,3,6,Free,Low,0
9788,27,Other,Khulna,Clothing,487.7,16,Mobile,PayPal,TRUE,3,TRUE,2,5,Premium,Low,0
9789,62,Male,Rangpur,Toys,599.41,14,Desktop,Credit Card,TRUE,1,FALSE,4,7,Premium,Low,0
9790,24,Other,Sylhet,Toys,562.93,46,Desktop,Debit Card,TRUE,7,TRUE,3,6,Free,Medium,1
9791,39,Other,Sylhet,Toys,718.78,17,Tablet,Bank Transfer,TRUE,3,FALSE,1,11,Trial,Medium,1
9792,56,Male,Rajshahi,Clothing,520.48,16,Desktop,PayPal,FALSE,3,TRUE,3,6,Free,Low,0
9793,33,Male,Sylhet,Clothing,415.97,27,Desktop,PayPal,FALSE,5,FALSE,3,11,Trial,High,2
9794,46,Other,Chittagong,Home,359.33,8,Desktop,Cash on Delivery,FALSE,1,TRUE,4,4,Trial,High,2
9795,47,Male,Barisal,Sports,932.02,42,Tablet,Cash on Delivery,TRUE,6,FALSE,2,11,Free,Low,0
9796,67,Female,Rangpur,Groceries,915.52,22,Tablet,Debit Card,FALSE,1,FALSE,3,3,Premium,High,2
9797,68,Female,Sylhet,Toys,508.67,1,Tablet,PayPal,FALSE,4,TRUE,1,12,Trial,Medium,1
9798,41,Male,Rangpur,Home,388.75,8,Tablet,Debit Card,FALSE,1,TRUE,1,4,Trial,Medium,1
9799,24,Female,Mymensingh,Electronics,331.35,39,Desktop,Bank Transfer,FALSE,5,FALSE,3,9,Trial,Medium,1
9800,58,Male,Rangpur,Books,893.27,53,Mobile,PayPal,FALSE,9,FALSE,3,1,Free,High,2
9801,59,Other,Dhaka,Beauty,136.19,21,Desktop,Cash on Delivery,TRUE,6,TRUE,3,13,Trial,High,2
9802,54,Male,Rangpur,Beauty,97.32,35,Tablet,Debit Card,FALSE,9,TRUE,3,6,Premium,High,2
9803,45,Male,Dhaka,Clothing,424.9,27,Mobile,Bank Transfer,TRUE,7,TRUE,3,4,Trial,Low,0
9804,47,Male,Sylhet,Sports,270.77,37,Tablet,Bank Transfer,TRUE,1,FALSE,1,9,Trial,Medium,1
9805,57,Other,Rajshahi,Toys,597.7,4,Desktop,Bank Transfer,TRUE,7,FALSE,4,8,Trial,Low,0
9806,60,Male,Mymensingh,Home,373.12,10,Tablet,Cash on Delivery,TRUE,9,FALSE,4,3,Trial,Medium,1
9807,56,Other,Barisal,Beauty,127.88,18,Mobile,Bank Transfer,FALSE,3,FALSE,4,5,Free,Low,0
9808,41,Other,Dhaka,Electronics,165.6,50,Tablet,PayPal,FALSE,3,TRUE,4,2,Free,Medium,1
9809,50,Male,Sylhet,Sports,892.49,32,Tablet,Credit Card,FALSE,5,TRUE,5,3,Premium,Low,0
9810,56,Female,Barisal,Toys,710.92,11,Desktop,Debit Card,TRUE,5,TRUE,2,8,Trial,Low,0
9811,39,Male,Chittagong,Toys,993.62,1,Mobile,Credit Card,FALSE,9,FALSE,5,6,Free,High,2
9812,59,Other,Mymensingh,Sports,499.46,58,Tablet,Debit Card,FALSE,8,FALSE,4,6,Free,High,2
9813,33,Female,Rangpur,Groceries,363.28,57,Mobile,Debit Card,FALSE,1,FALSE,5,2,Trial,High,2
9814,61,Other,Barisal,Clothing,839.73,10,Desktop,PayPal,FALSE,6,FALSE,1,13,Free,Low,0
9815,69,Other,Dhaka,Beauty,985.86,20,Tablet,Debit Card,TRUE,6,FALSE,2,1,Free,Medium,1
9816,54,Male,Chittagong,Sports,12.83,19,Tablet,Credit Card,FALSE,1,FALSE,1,8,Free,Low,0
9817,38,Other,Khulna,Beauty,737.18,31,Mobile,Cash on Delivery,FALSE,9,TRUE,4,10,Free,Medium,1
9818,53,Female,Chittagong,Groceries,156,40,Desktop,Debit Card,FALSE,6,FALSE,5,4,Premium,High,2
9819,38,Female,Rangpur,Electronics,914.32,57,Desktop,Credit Card,TRUE,3,TRUE,3,4,Trial,Low,0
9820,64,Other,Rangpur,Toys,636.41,57,Desktop,Cash on Delivery,TRUE,7,TRUE,4,9,Free,High,2
9821,33,Male,Rangpur,Electronics,564.49,37,Desktop,Debit Card,TRUE,2,FALSE,5,4,Trial,Medium,1
9822,40,Other,Chittagong,Books,481.64,2,Mobile,Bank Transfer,TRUE,1,TRUE,5,8,Free,Medium,1
9823,56,Male,Khulna,Groceries,624.92,1,Tablet,Bank Transfer,TRUE,5,FALSE,5,4,Trial,High,2
9824,22,Male,Chittagong,Books,845.56,24,Desktop,PayPal,FALSE,7,FALSE,2,1,Premium,Medium,1
9825,53,Female,Sylhet,Toys,182.67,43,Tablet,Debit Card,FALSE,9,TRUE,2,13,Free,High,2
9826,61,Male,Chittagong,Books,86.54,20,Desktop,Debit Card,TRUE,3,TRUE,4,6,Premium,High,2
9827,34,Male,Khulna,Groceries,639.71,1,Mobile,Credit Card,TRUE,3,FALSE,4,4,Trial,Low,0
9828,50,Male,Sylhet,Electronics,297.25,35,Desktop,Debit Card,FALSE,5,FALSE,3,12,Trial,Low,0
9829,50,Female,Khulna,Toys,153.55,36,Desktop,Cash on Delivery,TRUE,2,FALSE,3,9,Free,Medium,1
9830,20,Male,Dhaka,Groceries,561.6,36,Desktop,Debit Card,FALSE,1,TRUE,4,7,Free,Low,0
9831,47,Female,Chittagong,Books,753.28,47,Tablet,Credit Card,FALSE,9,TRUE,2,3,Free,Low,0
9832,29,Other,Khulna,Groceries,636.55,54,Desktop,Bank Transfer,FALSE,5,TRUE,1,7,Trial,High,2
9833,55,Other,Mymensingh,Clothing,987.96,12,Mobile,Cash on Delivery,FALSE,8,FALSE,5,11,Premium,Low,0
9834,64,Male,Rangpur,Sports,541.07,23,Tablet,PayPal,TRUE,7,FALSE,4,9,Trial,Low,0
9835,49,Other,Dhaka,Home,575.31,53,Tablet,PayPal,FALSE,9,TRUE,5,11,Trial,Medium,1
9836,57,Female,Rajshahi,Beauty,508.91,54,Mobile,Cash on Delivery,FALSE,5,FALSE,2,1,Premium,Medium,1
9837,46,Male,Sylhet,Electronics,641.33,47,Mobile,Credit Card,FALSE,8,FALSE,5,6,Trial,High,2
9838,63,Other,Sylhet,Electronics,456.8,4,Desktop,Debit Card,TRUE,8,FALSE,3,3,Free,High,2
9839,39,Female,Mymensingh,Groceries,897.13,36,Mobile,Debit Card,FALSE,2,FALSE,2,11,Premium,High,2
9840,52,Other,Chittagong,Sports,879.66,14,Mobile,Cash on Delivery,FALSE,4,FALSE,2,11,Free,High,2
9841,48,Female,Sylhet,Electronics,142.85,13,Mobile,Debit Card,FALSE,6,FALSE,5,13,Trial,Low,0
9842,36,Female,Mymensingh,Home,11.71,2,Mobile,Credit Card,FALSE,8,FALSE,1,4,Premium,Medium,1
9843,47,Other,Mymensingh,Books,466.75,35,Tablet,Credit Card,TRUE,3,FALSE,3,6,Premium,Medium,1
9844,41,Other,Chittagong,Beauty,445.52,28,Mobile,Credit Card,FALSE,6,TRUE,2,13,Trial,Low,0
9845,38,Other,Chittagong,Sports,876.82,28,Desktop,Debit Card,FALSE,9,TRUE,5,2,Free,Medium,1
9846,65,Female,Rangpur,Sports,906.04,22,Mobile,PayPal,TRUE,5,FALSE,1,13,Free,Medium,1
9847,54,Female,Khulna,Electronics,374.69,2,Mobile,Debit Card,FALSE,3,FALSE,5,8,Trial,Medium,1
9848,48,Female,Barisal,Books,788.29,7,Tablet,Debit Card,FALSE,4,FALSE,2,2,Free,Low,0
9849,62,Male,Sylhet,Clothing,974.44,45,Mobile,Bank Transfer,TRUE,1,FALSE,5,4,Trial,Low,0
9850,35,Male,Chittagong,Home,823.44,10,Tablet,Debit Card,TRUE,1,TRUE,1,4,Free,High,2
9851,35,Other,Sylhet,Groceries,159.05,2,Mobile,Cash on Delivery,FALSE,4,FALSE,4,11,Trial,Low,0
9852,21,Other,Barisal,Electronics,835.83,53,Desktop,Cash on Delivery,FALSE,6,TRUE,1,11,Premium,Medium,1
9853,20,Other,Mymensingh,Books,320.47,4,Mobile,Cash on Delivery,TRUE,6,FALSE,4,11,Premium,High,2
9854,21,Male,Barisal,Home,590.69,18,Desktop,Credit Card,TRUE,3,FALSE,1,12,Premium,Medium,1
9855,66,Female,Barisal,Groceries,919.35,13,Mobile,PayPal,FALSE,5,TRUE,5,10,Premium,High,2
9856,19,Other,Khulna,Groceries,757.31,35,Tablet,Bank Transfer,FALSE,4,TRUE,3,4,Premium,Low,0
9857,66,Other,Rangpur,Sports,25.54,23,Tablet,Credit Card,TRUE,2,FALSE,5,8,Trial,Low,0
9858,28,Male,Barisal,Toys,545.45,29,Mobile,Cash on Delivery,FALSE,8,TRUE,4,13,Premium,High,2
9859,26,Female,Rajshahi,Groceries,540.17,36,Tablet,Debit Card,FALSE,5,TRUE,4,13,Trial,Medium,1
9860,40,Male,Barisal,Books,395.81,56,Tablet,Credit Card,TRUE,9,TRUE,3,11,Premium,High,2
9861,21,Other,Chittagong,Beauty,58.7,28,Mobile,Credit Card,TRUE,3,TRUE,5,4,Trial,Medium,1
9862,36,Female,Khulna,Sports,50.48,16,Mobile,Credit Card,FALSE,9,FALSE,3,7,Premium,High,2
9863,58,Female,Chittagong,Books,866.31,11,Desktop,Credit Card,FALSE,6,FALSE,5,12,Premium,Medium,1
9864,27,Female,Sylhet,Home,762.26,42,Tablet,Bank Transfer,FALSE,3,TRUE,5,12,Trial,Medium,1
9865,61,Male,Rajshahi,Beauty,889.65,28,Mobile,Debit Card,TRUE,4,FALSE,1,6,Trial,Low,0
9866,60,Other,Mymensingh,Clothing,346.98,28,Tablet,Debit Card,FALSE,9,TRUE,4,6,Trial,Low,0
9867,45,Other,Mymensingh,Sports,887.6,33,Desktop,Cash on Delivery,FALSE,6,FALSE,4,12,Free,Medium,1
9868,63,Other,Rajshahi,Groceries,55.07,38,Tablet,Cash on Delivery,FALSE,2,FALSE,2,13,Premium,High,2
9869,43,Other,Chittagong,Groceries,327.3,11,Mobile,Credit Card,TRUE,3,TRUE,4,11,Trial,Low,0
9870,38,Male,Khulna,Books,732.47,18,Desktop,PayPal,FALSE,2,FALSE,5,10,Trial,Low,0
9871,60,Female,Chittagong,Books,118.75,22,Tablet,Bank Transfer,TRUE,3,FALSE,1,5,Premium,Low,0
9872,59,Male,Rangpur,Groceries,394.27,54,Desktop,Debit Card,TRUE,5,TRUE,2,8,Free,Medium,1
9873,23,Other,Rajshahi,Beauty,825.32,22,Desktop,Cash on Delivery,TRUE,4,TRUE,5,1,Free,Medium,1
9874,27,Female,Sylhet,Toys,693.28,10,Desktop,Cash on Delivery,FALSE,7,FALSE,4,9,Trial,Medium,1
9875,43,Female,Barisal,Beauty,644.55,16,Tablet,PayPal,TRUE,1,TRUE,5,13,Trial,Low,0
9876,24,Other,Dhaka,Beauty,431.06,35,Mobile,Bank Transfer,TRUE,5,TRUE,5,7,Trial,Medium,1
9877,46,Other,Rajshahi,Electronics,445.74,4,Tablet,Cash on Delivery,TRUE,8,TRUE,2,9,Trial,Low,0
9878,46,Male,Khulna,Clothing,449.28,15,Tablet,Cash on Delivery,TRUE,5,TRUE,3,10,Trial,High,2
9879,46,Male,Chittagong,Electronics,775.88,59,Desktop,Debit Card,TRUE,3,FALSE,2,8,Trial,Medium,1
9880,36,Other,Rajshahi,Books,333.12,29,Mobile,Debit Card,TRUE,1,TRUE,4,4,Premium,Low,0
9881,39,Other,Chittagong,Books,177.58,9,Tablet,Debit Card,FALSE,8,FALSE,3,1,Premium,Low,0
9882,62,Other,Dhaka,Clothing,659.7,25,Desktop,Debit Card,FALSE,5,FALSE,4,8,Trial,High,2
9883,61,Other,Mymensingh,Home,132.61,19,Mobile,Bank Transfer,FALSE,7,TRUE,3,9,Trial,High,2
9884,57,Other,Sylhet,Clothing,379.47,7,Mobile,Cash on Delivery,TRUE,6,FALSE,5,8,Premium,Low,0
9885,40,Male,Rangpur,Books,898.66,1,Tablet,Credit Card,FALSE,4,FALSE,4,13,Trial,High,2
9886,20,Female,Mymensingh,Clothing,797.5,9,Mobile,Bank Transfer,TRUE,9,TRUE,4,2,Premium,Low,0
9887,52,Other,Chittagong,Home,323.99,4,Tablet,Bank Transfer,FALSE,1,FALSE,5,2,Free,High,2
9888,50,Male,Dhaka,Toys,626.46,26,Tablet,Credit Card,FALSE,4,TRUE,2,4,Trial,Medium,1
9889,35,Other,Rangpur,Beauty,63.94,4,Mobile,Cash on Delivery,FALSE,4,FALSE,4,3,Premium,Medium,1
9890,63,Female,Dhaka,Electronics,17.26,18,Desktop,Cash on Delivery,TRUE,1,FALSE,1,10,Premium,Medium,1
9891,25,Female,Dhaka,Home,104.64,38,Mobile,Credit Card,FALSE,6,FALSE,4,7,Premium,High,2
9892,29,Male,Barisal,Sports,239.18,51,Tablet,Cash on Delivery,FALSE,9,FALSE,4,12,Free,High,2
9893,68,Female,Chittagong,Sports,137.73,22,Desktop,Cash on Delivery,FALSE,3,FALSE,5,13,Premium,Low,0
9894,40,Other,Barisal,Electronics,172.26,56,Tablet,Debit Card,FALSE,2,FALSE,1,1,Trial,Medium,1
9895,61,Other,Rajshahi,Electronics,937.11,39,Mobile,Debit Card,TRUE,1,TRUE,3,3,Free,Medium,1
9896,25,Female,Barisal,Books,712.48,38,Tablet,Credit Card,FALSE,9,TRUE,4,3,Premium,Medium,1
9897,51,Other,Dhaka,Home,547.7,25,Mobile,PayPal,FALSE,8,FALSE,4,8,Free,High,2
9898,36,Other,Barisal,Sports,912.65,4,Mobile,Bank Transfer,FALSE,7,TRUE,3,8,Trial,Medium,1
9899,47,Other,Rangpur,Clothing,355.36,53,Mobile,Bank Transfer,FALSE,7,TRUE,1,4,Free,Medium,1
9900,18,Male,Barisal,Clothing,537.88,7,Mobile,Debit Card,TRUE,5,FALSE,2,2,Premium,High,2
9901,20,Male,Chittagong,Toys,180.04,31,Tablet,Debit Card,FALSE,7,TRUE,4,5,Trial,Medium,1
9902,58,Male,Chittagong,Home,890.64,59,Desktop,Bank Transfer,TRUE,6,FALSE,5,1,Trial,Medium,1
9903,57,Other,Dhaka,Electronics,675.71,16,Tablet,Cash on Delivery,TRUE,5,TRUE,5,3,Premium,Low,0
9904,34,Female,Rangpur,Home,759.93,44,Mobile,Cash on Delivery,FALSE,4,FALSE,3,7,Premium,Low,0
9905,45,Female,Dhaka,Home,794.64,21,Mobile,Bank Transfer,FALSE,3,TRUE,3,12,Premium,Medium,1
9906,67,Other,Sylhet,Clothing,846.42,11,Mobile,Credit Card,FALSE,2,TRUE,4,8,Premium,High,2
9907,41,Female,Sylhet,Groceries,106.51,46,Mobile,Debit Card,TRUE,4,FALSE,4,9,Trial,Medium,1
9908,62,Male,Sylhet,Home,158.66,59,Desktop,Bank Transfer,FALSE,4,FALSE,1,4,Trial,High,2
9909,19,Female,Dhaka,Groceries,573.19,8,Desktop,Bank Transfer,FALSE,2,TRUE,1,3,Free,High,2
9910,43,Other,Rajshahi,Home,226.95,38,Mobile,Cash on Delivery,TRUE,2,TRUE,5,11,Premium,Medium,1
9911,44,Male,Rangpur,Electronics,981.3,28,Tablet,Debit Card,FALSE,1,TRUE,2,1,Trial,Low,0
9912,59,Female,Dhaka,Clothing,71.28,32,Mobile,PayPal,FALSE,4,FALSE,2,7,Premium,Low,0
9913,33,Other,Khulna,Clothing,640.93,39,Tablet,Cash on Delivery,FALSE,1,TRUE,1,1,Free,Medium,1
9914,19,Other,Khulna,Clothing,996,42,Mobile,PayPal,FALSE,3,TRUE,4,6,Free,High,2
9915,34,Female,Chittagong,Books,622.86,57,Desktop,Debit Card,TRUE,1,FALSE,5,4,Free,High,2
9916,64,Other,Barisal,Books,480.33,55,Tablet,Credit Card,TRUE,1,FALSE,2,2,Premium,Low,0
9917,64,Other,Rajshahi,Sports,918.46,26,Mobile,Debit Card,FALSE,1,TRUE,1,8,Trial,Medium,1
9918,64,Other,Dhaka,Electronics,22.31,9,Mobile,Debit Card,TRUE,8,TRUE,5,13,Free,Low,0
9919,29,Other,Dhaka,Clothing,264.35,10,Tablet,Bank Transfer,FALSE,2,TRUE,5,3,Trial,Low,0
9920,50,Male,Dhaka,Home,964.36,38,Desktop,Cash on Delivery,TRUE,6,TRUE,2,1,Trial,High,2
9921,33,Female,Chittagong,Toys,883.48,8,Mobile,Bank Transfer,TRUE,9,TRUE,4,5,Free,Low,0
9922,44,Male,Rangpur,Electronics,592,29,Tablet,Credit Card,TRUE,5,FALSE,2,8,Premium,Medium,1
9923,23,Female,Sylhet,Books,79.01,10,Tablet,PayPal,TRUE,7,TRUE,3,12,Free,Low,0
9924,38,Other,Khulna,Electronics,236.56,42,Desktop,Debit Card,TRUE,4,TRUE,4,8,Free,Medium,1
9925,55,Female,Sylhet,Electronics,498.52,36,Tablet,Bank Transfer,TRUE,6,FALSE,5,3,Free,High,2
9926,24,Female,Rajshahi,Electronics,88.61,39,Desktop,Bank Transfer,TRUE,2,FALSE,2,3,Trial,Medium,1
9927,68,Female,Dhaka,Books,985.72,1,Mobile,PayPal,TRUE,6,FALSE,1,8,Trial,Medium,1
9928,54,Other,Rangpur,Toys,252.84,2,Mobile,Debit Card,FALSE,2,TRUE,1,13,Trial,Medium,1
9929,57,Other,Khulna,Sports,666.66,39,Tablet,Cash on Delivery,FALSE,5,TRUE,1,5,Free,Medium,1
9930,67,Male,Khulna,Groceries,71.56,28,Tablet,Debit Card,FALSE,9,TRUE,2,13,Premium,Low,0
9931,47,Male,Rangpur,Clothing,211.51,53,Desktop,Debit Card,TRUE,8,FALSE,5,2,Premium,Low,0
9932,53,Other,Chittagong,Beauty,584.38,42,Tablet,Debit Card,FALSE,5,FALSE,1,6,Premium,Low,0
9933,35,Male,Dhaka,Sports,940.72,34,Desktop,Bank Transfer,FALSE,6,TRUE,1,9,Trial,Medium,1
9934,50,Female,Dhaka,Groceries,317.23,36,Mobile,Debit Card,TRUE,7,FALSE,2,12,Free,High,2
9935,61,Female,Khulna,Home,254.03,22,Desktop,Debit Card,FALSE,6,FALSE,1,11,Premium,Medium,1
9936,41,Other,Dhaka,Home,207.73,29,Desktop,Cash on Delivery,TRUE,4,TRUE,3,7,Trial,Low,0
9937,18,Male,Chittagong,Toys,995.82,53,Tablet,Credit Card,TRUE,4,TRUE,3,8,Trial,High,2
9938,52,Other,Rajshahi,Toys,735.45,15,Tablet,Debit Card,TRUE,9,TRUE,1,9,Premium,Low,0
9939,64,Male,Sylhet,Books,69.46,8,Desktop,Bank Transfer,FALSE,1,FALSE,1,5,Premium,Medium,1
9940,64,Other,Rajshahi,Books,785.99,5,Desktop,Bank Transfer,FALSE,6,TRUE,4,2,Trial,Medium,1
9941,57,Female,Mymensingh,Home,909.15,25,Desktop,PayPal,FALSE,7,TRUE,5,2,Trial,High,2
9942,28,Other,Barisal,Clothing,475.12,2,Desktop,Credit Card,TRUE,4,FALSE,1,8,Trial,High,2
9943,28,Other,Rangpur,Groceries,103.29,18,Tablet,PayPal,FALSE,8,TRUE,3,11,Free,Medium,1
9944,60,Other,Mymensingh,Sports,540.05,18,Mobile,Cash on Delivery,TRUE,7,TRUE,1,3,Premium,High,2
9945,63,Other,Rajshahi,Beauty,86.28,15,Desktop,PayPal,FALSE,9,FALSE,1,5,Trial,Low,0
9946,29,Other,Mymensingh,Groceries,892.58,30,Tablet,Bank Transfer,FALSE,4,FALSE,1,7,Free,Medium,1
9947,67,Male,Chittagong,Groceries,453.97,59,Mobile,PayPal,TRUE,7,TRUE,3,9,Premium,High,2
9948,38,Other,Khulna,Books,808,46,Desktop,PayPal,TRUE,8,TRUE,4,5,Trial,Medium,1
9949,25,Male,Mymensingh,Books,19.35,44,Desktop,PayPal,TRUE,4,TRUE,2,4,Free,Medium,1
9950,48,Other,Barisal,Electronics,947.82,46,Desktop,Bank Transfer,FALSE,5,FALSE,2,11,Trial,High,2
9951,42,Male,Rajshahi,Groceries,278.79,34,Desktop,PayPal,TRUE,2,FALSE,4,6,Premium,High,2
9952,21,Other,Rajshahi,Toys,922.45,35,Tablet,Bank Transfer,TRUE,6,TRUE,4,10,Premium,Medium,1
9953,20,Male,Rangpur,Toys,902.67,3,Mobile,Debit Card,TRUE,5,TRUE,4,6,Trial,Medium,1
9954,46,Male,Dhaka,Sports,227.05,4,Tablet,Debit Card,FALSE,7,FALSE,3,5,Trial,Medium,1
9955,41,Female,Sylhet,Sports,46.97,47,Mobile,Debit Card,FALSE,6,FALSE,2,8,Free,High,2
9956,22,Other,Sylhet,Beauty,492.48,2,Mobile,Cash on Delivery,TRUE,3,FALSE,3,12,Premium,Low,0
9957,32,Other,Rangpur,Books,437.42,35,Mobile,Cash on Delivery,TRUE,5,FALSE,1,6,Premium,High,2
9958,57,Female,Rangpur,Toys,71.38,29,Tablet,Credit Card,FALSE,3,TRUE,4,7,Free,Medium,1
9959,60,Female,Dhaka,Sports,138.34,29,Mobile,PayPal,FALSE,3,FALSE,3,5,Free,High,2
9960,54,Male,Dhaka,Beauty,252.61,13,Mobile,Cash on Delivery,TRUE,8,FALSE,2,5,Trial,High,2
9961,32,Female,Mymensingh,Toys,715.05,40,Tablet,Credit Card,FALSE,1,FALSE,1,6,Premium,High,2
9962,62,Other,Mymensingh,Sports,537.27,48,Desktop,Debit Card,TRUE,9,FALSE,1,5,Free,Low,0
9963,36,Other,Khulna,Home,914,13,Tablet,Cash on Delivery,TRUE,3,TRUE,3,3,Premium,Low,0
9964,59,Other,Mymensingh,Toys,882.69,8,Mobile,Debit Card,TRUE,9,FALSE,3,12,Free,Medium,1
9965,48,Male,Barisal,Beauty,694.54,42,Mobile,Credit Card,TRUE,9,TRUE,3,3,Free,High,2
9966,68,Other,Rajshahi,Books,151.81,6,Mobile,PayPal,TRUE,3,FALSE,1,7,Trial,High,2
9967,60,Male,Rangpur,Clothing,259.79,16,Mobile,Bank Transfer,TRUE,3,TRUE,2,5,Premium,Low,0
9968,52,Other,Dhaka,Groceries,171.96,49,Mobile,Debit Card,FALSE,9,TRUE,2,13,Free,Low,0
9969,53,Female,Sylhet,Groceries,400.09,50,Tablet,Cash on Delivery,TRUE,8,FALSE,2,4,Free,High,2
9970,30,Male,Dhaka,Home,770.52,12,Desktop,Debit Card,TRUE,7,FALSE,2,6,Trial,Low,0
9971,50,Other,Rangpur,Electronics,535.79,50,Tablet,Debit Card,TRUE,8,FALSE,2,2,Premium,Low,0
9972,47,Male,Mymensingh,Toys,165.38,35,Mobile,Cash on Delivery,TRUE,6,TRUE,5,12,Premium,High,2
9973,57,Male,Dhaka,Groceries,954.02,49,Mobile,Credit Card,FALSE,9,FALSE,1,7,Trial,Medium,1
9974,45,Other,Barisal,Sports,709.07,9,Desktop,Cash on Delivery,FALSE,4,FALSE,4,10,Trial,Medium,1
9975,51,Female,Dhaka,Electronics,296.34,8,Mobile,Debit Card,FALSE,5,FALSE,2,3,Trial,Medium,1
9976,55,Female,Rangpur,Books,871.01,10,Mobile,Credit Card,FALSE,8,FALSE,2,2,Premium,Medium,1
9977,42,Male,Dhaka,Sports,476.44,45,Mobile,Bank Transfer,FALSE,6,FALSE,1,9,Premium,High,2
9978,61,Female,Khulna,Sports,321.19,47,Tablet,Cash on Delivery,TRUE,1,FALSE,3,3,Premium,Low,0
9979,57,Other,Barisal,Home,479.84,44,Mobile,Bank Transfer,TRUE,4,TRUE,5,5,Free,High,2
9980,21,Male,Rangpur,Toys,692.93,39,Mobile,Debit Card,TRUE,5,FALSE,5,4,Free,Low,0
9981,33,Female,Khulna,Sports,391.48,9,Tablet,PayPal,FALSE,2,TRUE,4,12,Trial,Low,0
9982,24,Female,Sylhet,Groceries,385.2,39,Desktop,Cash on Delivery,TRUE,8,FALSE,5,11,Free,Medium,1
9983,51,Other,Mymensingh,Groceries,262.43,28,Mobile,Debit Card,TRUE,9,FALSE,1,3,Premium,High,2
9984,54,Female,Chittagong,Books,53.45,30,Desktop,PayPal,FALSE,7,TRUE,2,2,Free,Low,0
9985,61,Female,Dhaka,Books,13.09,53,Tablet,Debit Card,FALSE,5,FALSE,4,7,Free,High,2
9986,36,Male,Khulna,Groceries,953.44,35,Mobile,Bank Transfer,TRUE,6,FALSE,2,5,Premium,Low,0
9987,39,Male,Rangpur,Beauty,304.4,16,Tablet,Credit Card,FALSE,8,FALSE,4,9,Trial,Low,0
9988,37,Other,Mymensingh,Groceries,886.08,20,Mobile,Cash on Delivery,FALSE,9,TRUE,5,3,Free,Low,0
9989,68,Male,Dhaka,Sports,605.71,29,Desktop,Debit Card,FALSE,3,TRUE,5,9,Trial,High,2
9990,43,Male,Khulna,Clothing,47.49,52,Desktop,PayPal,FALSE,5,TRUE,2,4,Free,Medium,1
9991,21,Female,Barisal,Clothing,473.73,52,Desktop,Bank Transfer,TRUE,2,TRUE,2,2,Premium,High,2
9992,63,Female,Mymensingh,Home,932.98,39,Desktop,Cash on Delivery,FALSE,4,FALSE,5,6,Premium,High,2
9993,69,Other,Rangpur,Sports,940.9,56,Desktop,Cash on Delivery,TRUE,2,TRUE,4,11,Trial,High,2
9994,42,Female,Chittagong,Groceries,81.01,54,Mobile,Bank Transfer,FALSE,5,FALSE,5,3,Trial,Medium,1
9995,26,Other,Khulna,Beauty,472.32,9,Tablet,PayPal,TRUE,5,FALSE,5,11,Trial,Low,0
9996,48,Other,Chittagong,Electronics,99.23,32,Desktop,PayPal,TRUE,2,TRUE,3,7,Premium,Medium,1
9997,35,Other,Rangpur,Books,797.81,2,Mobile,Bank Transfer,TRUE,1,FALSE,3,9,Premium,High,2
9998,50,Other,Mymensingh,Sports,820.17,17,Mobile,Credit Card,TRUE,8,TRUE,3,11,Trial,High,2
9999,24,Female,Khulna,Groceries,34.94,3,Mobile,Debit Card,FALSE,3,TRUE,3,5,Free,Medium,1
10000,40,Other,Khulna,Sports,233.45,44,Tablet,Bank Transfer,FALSE,7,TRUE,1,1,Free,High,2
